{"level":"info","message":"Hello from Acquisitions!!","service":"acquisitions-api"}
{"level":"info","message":"::1 - - [02/Jan/2026:17:42:45 +0000] \"GET / HTTP/1.1\" 200 22 \"-\" \"Mozilla/5.0 (Macintosh; Intel Mac OS X 10_15_7) AppleWebKit/537.36 (KHTML, like Gecko) Chrome/143.0.0.0 Safari/537.36\"","service":"acquisitions-api"}
{"level":"info","message":"Hello from Acquisitions!!","service":"acquisitions-api"}
{"level":"info","message":"::1 - - [02/Jan/2026:17:42:48 +0000] \"GET / HTTP/1.1\" 304 - \"-\" \"Mozilla/5.0 (Macintosh; Intel Mac OS X 10_15_7) AppleWebKit/537.36 (KHTML, like Gecko) Chrome/143.0.0.0 Safari/537.36\"","service":"acquisitions-api"}
{"level":"info","message":"Hello from Acquisitions!!","service":"acquisitions-api"}
{"level":"info","message":"::1 - - [02/Jan/2026:17:43:17 +0000] \"GET / HTTP/1.1\" 304 - \"-\" \"Mozilla/5.0 (Macintosh; Intel Mac OS X 10_15_7) AppleWebKit/537.36 (KHTML, like Gecko) Chrome/143.0.0.0 Safari/537.36\"","service":"acquisitions-api"}
{"level":"info","message":"Hello from Acquisitions!!","service":"acquisitions-api"}
{"level":"info","message":"::1 - - [02/Jan/2026:17:43:20 +0000] \"GET / HTTP/1.1\" 304 - \"-\" \"Mozilla/5.0 (Macintosh; Intel Mac OS X 10_15_7) AppleWebKit/537.36 (KHTML, like Gecko) Chrome/143.0.0.0 Safari/537.36\"","service":"acquisitions-api"}
{"level":"info","message":"::1 - - [02/Jan/2026:17:43:26 +0000] \"GET /.well-known/appspecific/com.chrome.devtools.json HTTP/1.1\" 404 187 \"-\" \"Mozilla/5.0 (Macintosh; Intel Mac OS X 10_15_7) AppleWebKit/537.36 (KHTML, like Gecko) Chrome/143.0.0.0 Safari/537.36\"","service":"acquisitions-api"}
{"level":"info","message":"Hello from Acquisitions!!","service":"acquisitions-api","timestamp":"2026-01-02T17:45:29.889Z"}
{"level":"info","message":"::1 - - [02/Jan/2026:17:45:29 +0000] \"GET / HTTP/1.1\" 304 - \"-\" \"Mozilla/5.0 (Macintosh; Intel Mac OS X 10_15_7) AppleWebKit/537.36 (KHTML, like Gecko) Chrome/143.0.0.0 Safari/537.36\"","service":"acquisitions-api","timestamp":"2026-01-02T17:45:29.894Z"}
{"level":"info","message":"Hello from Acquisitions!!","service":"acquisitions-api","timestamp":"2026-01-02T17:54:48.542Z"}
{"level":"info","message":"::1 - - [02/Jan/2026:17:54:48 +0000] \"GET / HTTP/1.1\" 304 - \"-\" \"Mozilla/5.0 (Macintosh; Intel Mac OS X 10_15_7) AppleWebKit/537.36 (KHTML, like Gecko) Chrome/143.0.0.0 Safari/537.36\"","service":"acquisitions-api","timestamp":"2026-01-02T17:54:48.553Z"}
{"level":"info","message":"::1 - - [02/Jan/2026:17:55:12 +0000] \"GET /health HTTP/1.1\" 200 76 \"-\" \"Mozilla/5.0 (Macintosh; Intel Mac OS X 10_15_7) AppleWebKit/537.36 (KHTML, like Gecko) Chrome/143.0.0.0 Safari/537.36\"","service":"acquisitions-api","timestamp":"2026-01-02T17:55:12.174Z"}
{"level":"info","message":"::1 - - [02/Jan/2026:17:58:45 +0000] \"GET /api HTTP/1.1\" 200 41 \"-\" \"PostmanRuntime/7.51.0\"","service":"acquisitions-api","timestamp":"2026-01-02T17:58:45.934Z"}
{"level":"info","message":"::1 - - [02/Jan/2026:17:59:36 +0000] \"GET /api HTTP/1.1\" 200 41 \"-\" \"PostmanRuntime/7.51.0\"","service":"acquisitions-api","timestamp":"2026-01-02T17:59:36.561Z"}
{"level":"info","message":"::1 - - [02/Jan/2026:17:59:39 +0000] \"GET /health HTTP/1.1\" 200 77 \"-\" \"PostmanRuntime/7.51.0\"","service":"acquisitions-api","timestamp":"2026-01-02T17:59:39.487Z"}
{"level":"info","message":"::1 - - [02/Jan/2026:18:00:18 +0000] \"POST /api/sign-in HTTP/1.1\" 404 151 \"-\" \"PostmanRuntime/7.51.0\"","service":"acquisitions-api","timestamp":"2026-01-02T18:00:18.342Z"}
{"level":"info","message":"::1 - - [02/Jan/2026:18:00:26 +0000] \"POST /api/auth/sign-in HTTP/1.1\" 200 13 \"-\" \"PostmanRuntime/7.51.0\"","service":"acquisitions-api","timestamp":"2026-01-02T18:00:26.199Z"}
{"level":"info","message":"::1 - - [02/Jan/2026:18:00:32 +0000] \"POST /api HTTP/1.1\" 404 143 \"-\" \"PostmanRuntime/7.51.0\"","service":"acquisitions-api","timestamp":"2026-01-02T18:00:32.284Z"}
{"level":"info","message":"::1 - - [02/Jan/2026:18:00:41 +0000] \"GET /api HTTP/1.1\" 200 41 \"-\" \"PostmanRuntime/7.51.0\"","service":"acquisitions-api","timestamp":"2026-01-02T18:00:41.423Z"}
{"level":"info","message":"::1 - - [02/Jan/2026:18:33:55 +0000] \"POST /api/auth/sign-up HTTP/1.1\" 200 13 \"-\" \"PostmanRuntime/7.51.0\"","service":"acquisitions-api","timestamp":"2026-01-02T18:33:55.992Z"}
{"level":"info","message":"::1 - - [02/Jan/2026:18:34:32 +0000] \"POST /api/auth/sign-up HTTP/1.1\" 400 92 \"-\" \"PostmanRuntime/7.51.0\"","service":"acquisitions-api","timestamp":"2026-01-02T18:34:32.863Z"}
{"level":"info","message":"::1 - - [02/Jan/2026:18:35:10 +0000] \"POST /api/auth/sign-up HTTP/1.1\" 400 92 \"-\" \"PostmanRuntime/7.51.0\"","service":"acquisitions-api","timestamp":"2026-01-02T18:35:10.401Z"}
{"level":"info","message":"::1 - - [02/Jan/2026:18:36:22 +0000] \"POST /api/auth/sign-up HTTP/1.1\" 400 92 \"-\" \"PostmanRuntime/7.51.0\"","service":"acquisitions-api","timestamp":"2026-01-02T18:36:22.503Z"}
{"level":"info","message":"::1 - - [02/Jan/2026:18:36:41 +0000] \"POST /api/auth/sign-up HTTP/1.1\" 400 92 \"-\" \"PostmanRuntime/7.51.0\"","service":"acquisitions-api","timestamp":"2026-01-02T18:36:41.690Z"}
{"level":"info","message":"::1 - - [02/Jan/2026:18:37:52 +0000] \"POST /api/auth/sign-up HTTP/1.1\" 400 92 \"-\" \"PostmanRuntime/7.51.0\"","service":"acquisitions-api","timestamp":"2026-01-02T18:37:52.713Z"}
{"level":"info","message":"::1 - - [02/Jan/2026:18:38:46 +0000] \"POST /api/auth/sign-up HTTP/1.1\" 400 92 \"-\" \"PostmanRuntime/7.51.0\"","service":"acquisitions-api","timestamp":"2026-01-02T18:38:46.574Z"}
{"level":"info","message":"::1 - - [02/Jan/2026:18:39:38 +0000] \"POST /api/auth/sign-up HTTP/1.1\" 400 92 \"-\" \"PostmanRuntime/7.51.0\"","service":"acquisitions-api","timestamp":"2026-01-02T18:39:38.393Z"}
{"level":"info","message":"::1 - - [02/Jan/2026:18:40:39 +0000] \"POST /api/auth/sign-up HTTP/1.1\" 400 92 \"-\" \"PostmanRuntime/7.51.0\"","service":"acquisitions-api","timestamp":"2026-01-02T18:40:39.479Z"}
{"level":"info","message":"::1 - - [02/Jan/2026:18:40:40 +0000] \"POST /api/auth/sign-up HTTP/1.1\" 400 92 \"-\" \"PostmanRuntime/7.51.0\"","service":"acquisitions-api","timestamp":"2026-01-02T18:40:40.621Z"}
{"level":"info","message":"User Registered successfully: shashank@gmail.com","service":"acquisitions-api","timestamp":"2026-01-02T18:41:25.301Z"}
{"level":"info","message":"::1 - - [02/Jan/2026:18:41:25 +0000] \"POST /api/auth/sign-up HTTP/1.1\" 201 92 \"-\" \"PostmanRuntime/7.51.0\"","service":"acquisitions-api","timestamp":"2026-01-02T18:41:25.302Z"}
{"level":"info","message":"::1 - - [02/Jan/2026:18:41:37 +0000] \"POST /api/auth/sign-up HTTP/1.1\" 400 92 \"-\" \"PostmanRuntime/7.51.0\"","service":"acquisitions-api","timestamp":"2026-01-02T18:41:37.734Z"}
{"level":"info","message":"User Registered successfully: shashank@gmail.com","service":"acquisitions-api","timestamp":"2026-01-02T18:41:50.553Z"}
{"level":"info","message":"::1 - - [02/Jan/2026:18:41:50 +0000] \"POST /api/auth/sign-up HTTP/1.1\" 201 92 \"-\" \"PostmanRuntime/7.51.0\"","service":"acquisitions-api","timestamp":"2026-01-02T18:41:50.558Z"}
{"level":"info","message":"::1 - - [02/Jan/2026:18:42:02 +0000] \"POST /api/auth/sign-up HTTP/1.1\" 400 63 \"-\" \"PostmanRuntime/7.51.0\"","service":"acquisitions-api","timestamp":"2026-01-02T18:42:02.365Z"}
{"level":"info","message":"::1 - - [02/Jan/2026:18:42:13 +0000] \"POST /api/auth/sign-up HTTP/1.1\" 400 91 \"-\" \"PostmanRuntime/7.51.0\"","service":"acquisitions-api","timestamp":"2026-01-02T18:42:13.682Z"}
{"level":"info","message":"User Registered successfully: shashank@gmail.com","service":"acquisitions-api","timestamp":"2026-01-02T18:42:27.740Z"}
{"level":"info","message":"::1 - - [02/Jan/2026:18:42:27 +0000] \"POST /api/auth/sign-up HTTP/1.1\" 201 92 \"-\" \"PostmanRuntime/7.51.0\"","service":"acquisitions-api","timestamp":"2026-01-02T18:42:27.745Z"}
{"level":"error","message":"SignUp error role is not defined","service":"acquisitions-api","stack":"ReferenceError: role is not defined\n    at signup (file:///Users/shashankpoojari/Documents/acquisitions/src/controllers/auth.controller.js:20:60)\n    at Layer.handleRequest (/Users/shashankpoojari/Documents/acquisitions/node_modules/router/lib/layer.js:152:17)\n    at next (/Users/shashankpoojari/Documents/acquisitions/node_modules/router/lib/route.js:157:13)\n    at Route.dispatch (/Users/shashankpoojari/Documents/acquisitions/node_modules/router/lib/route.js:117:3)\n    at handle (/Users/shashankpoojari/Documents/acquisitions/node_modules/router/index.js:435:11)\n    at Layer.handleRequest (/Users/shashankpoojari/Documents/acquisitions/node_modules/router/lib/layer.js:152:17)\n    at /Users/shashankpoojari/Documents/acquisitions/node_modules/router/index.js:295:15\n    at processParams (/Users/shashankpoojari/Documents/acquisitions/node_modules/router/index.js:582:12)\n    at next (/Users/shashankpoojari/Documents/acquisitions/node_modules/router/index.js:291:5)\n    at Function.handle (/Users/shashankpoojari/Documents/acquisitions/node_modules/router/index.js:186:3)","timestamp":"2026-01-02T19:06:04.055Z"}
{"level":"info","message":"::1 - - [02/Jan/2026:19:06:04 +0000] \"POST /api/auth/sign-up HTTP/1.1\" 500 1334 \"-\" \"PostmanRuntime/7.51.0\"","service":"acquisitions-api","timestamp":"2026-01-02T19:06:04.059Z"}
{"level":"info","message":"::1 - - [02/Jan/2026:19:06:38 +0000] \"POST /api/auth/sign-up HTTP/1.1\" 400 92 \"-\" \"PostmanRuntime/7.51.0\"","service":"acquisitions-api","timestamp":"2026-01-02T19:06:38.738Z"}
{"level":"error","message":"SignUp error role is not defined","service":"acquisitions-api","stack":"ReferenceError: role is not defined\n    at signup (file:///Users/shashankpoojari/Documents/acquisitions/src/controllers/auth.controller.js:20:60)\n    at Layer.handleRequest (/Users/shashankpoojari/Documents/acquisitions/node_modules/router/lib/layer.js:152:17)\n    at next (/Users/shashankpoojari/Documents/acquisitions/node_modules/router/lib/route.js:157:13)\n    at Route.dispatch (/Users/shashankpoojari/Documents/acquisitions/node_modules/router/lib/route.js:117:3)\n    at handle (/Users/shashankpoojari/Documents/acquisitions/node_modules/router/index.js:435:11)\n    at Layer.handleRequest (/Users/shashankpoojari/Documents/acquisitions/node_modules/router/lib/layer.js:152:17)\n    at /Users/shashankpoojari/Documents/acquisitions/node_modules/router/index.js:295:15\n    at processParams (/Users/shashankpoojari/Documents/acquisitions/node_modules/router/index.js:582:12)\n    at next (/Users/shashankpoojari/Documents/acquisitions/node_modules/router/index.js:291:5)\n    at Function.handle (/Users/shashankpoojari/Documents/acquisitions/node_modules/router/index.js:186:3)","timestamp":"2026-01-02T19:07:11.288Z"}
{"level":"info","message":"::1 - - [02/Jan/2026:19:07:11 +0000] \"POST /api/auth/sign-up HTTP/1.1\" 500 1334 \"-\" \"PostmanRuntime/7.51.0\"","service":"acquisitions-api","timestamp":"2026-01-02T19:07:11.291Z"}
{"level":"error","message":"SignUp error role is not defined","service":"acquisitions-api","stack":"ReferenceError: role is not defined\n    at signup (file:///Users/shashankpoojari/Documents/acquisitions/src/controllers/auth.controller.js:20:60)\n    at Layer.handleRequest (/Users/shashankpoojari/Documents/acquisitions/node_modules/router/lib/layer.js:152:17)\n    at next (/Users/shashankpoojari/Documents/acquisitions/node_modules/router/lib/route.js:157:13)\n    at Route.dispatch (/Users/shashankpoojari/Documents/acquisitions/node_modules/router/lib/route.js:117:3)\n    at handle (/Users/shashankpoojari/Documents/acquisitions/node_modules/router/index.js:435:11)\n    at Layer.handleRequest (/Users/shashankpoojari/Documents/acquisitions/node_modules/router/lib/layer.js:152:17)\n    at /Users/shashankpoojari/Documents/acquisitions/node_modules/router/index.js:295:15\n    at processParams (/Users/shashankpoojari/Documents/acquisitions/node_modules/router/index.js:582:12)\n    at next (/Users/shashankpoojari/Documents/acquisitions/node_modules/router/index.js:291:5)\n    at Function.handle (/Users/shashankpoojari/Documents/acquisitions/node_modules/router/index.js:186:3)","timestamp":"2026-01-02T19:08:29.326Z"}
{"level":"info","message":"::1 - - [02/Jan/2026:19:08:29 +0000] \"POST /api/auth/sign-up HTTP/1.1\" 500 1334 \"-\" \"PostmanRuntime/7.51.0\"","service":"acquisitions-api","timestamp":"2026-01-02T19:08:29.328Z"}
{"level":"error","message":"Error creating user: eq is not defined","service":"acquisitions-api","stack":"ReferenceError: eq is not defined\n    at createUser (file:///Users/shashankpoojari/Documents/acquisitions/src/services/auth.service.js:17:57)\n    at signup (file:///Users/shashankpoojari/Documents/acquisitions/src/controllers/auth.controller.js:20:24)\n    at Layer.handleRequest (/Users/shashankpoojari/Documents/acquisitions/node_modules/router/lib/layer.js:152:17)\n    at next (/Users/shashankpoojari/Documents/acquisitions/node_modules/router/lib/route.js:157:13)\n    at Route.dispatch (/Users/shashankpoojari/Documents/acquisitions/node_modules/router/lib/route.js:117:3)\n    at handle (/Users/shashankpoojari/Documents/acquisitions/node_modules/router/index.js:435:11)\n    at Layer.handleRequest (/Users/shashankpoojari/Documents/acquisitions/node_modules/router/lib/layer.js:152:17)\n    at /Users/shashankpoojari/Documents/acquisitions/node_modules/router/index.js:295:15\n    at processParams (/Users/shashankpoojari/Documents/acquisitions/node_modules/router/index.js:582:12)\n    at next (/Users/shashankpoojari/Documents/acquisitions/node_modules/router/index.js:291:5)","timestamp":"2026-01-02T19:09:46.835Z"}
{"level":"error","message":"SignUp error Error Creating User","service":"acquisitions-api","stack":"Error: Error Creating User\n    at createUser (file:///Users/shashankpoojari/Documents/acquisitions/src/services/auth.service.js:34:11)\n    at signup (file:///Users/shashankpoojari/Documents/acquisitions/src/controllers/auth.controller.js:20:24)\n    at Layer.handleRequest (/Users/shashankpoojari/Documents/acquisitions/node_modules/router/lib/layer.js:152:17)\n    at next (/Users/shashankpoojari/Documents/acquisitions/node_modules/router/lib/route.js:157:13)\n    at Route.dispatch (/Users/shashankpoojari/Documents/acquisitions/node_modules/router/lib/route.js:117:3)\n    at handle (/Users/shashankpoojari/Documents/acquisitions/node_modules/router/index.js:435:11)\n    at Layer.handleRequest (/Users/shashankpoojari/Documents/acquisitions/node_modules/router/lib/layer.js:152:17)\n    at /Users/shashankpoojari/Documents/acquisitions/node_modules/router/index.js:295:15\n    at processParams (/Users/shashankpoojari/Documents/acquisitions/node_modules/router/index.js:582:12)\n    at next (/Users/shashankpoojari/Documents/acquisitions/node_modules/router/index.js:291:5)","timestamp":"2026-01-02T19:09:46.838Z"}
{"level":"info","message":"::1 - - [02/Jan/2026:19:09:46 +0000] \"POST /api/auth/sign-up HTTP/1.1\" 500 1327 \"-\" \"PostmanRuntime/7.51.0\"","service":"acquisitions-api","timestamp":"2026-01-02T19:09:46.840Z"}
{"level":"error","message":"Error creating user: eq is not defined","service":"acquisitions-api","stack":"ReferenceError: eq is not defined\n    at createUser (file:///Users/shashankpoojari/Documents/acquisitions/src/services/auth.service.js:17:57)\n    at signup (file:///Users/shashankpoojari/Documents/acquisitions/src/controllers/auth.controller.js:20:24)\n    at Layer.handleRequest (/Users/shashankpoojari/Documents/acquisitions/node_modules/router/lib/layer.js:152:17)\n    at next (/Users/shashankpoojari/Documents/acquisitions/node_modules/router/lib/route.js:157:13)\n    at Route.dispatch (/Users/shashankpoojari/Documents/acquisitions/node_modules/router/lib/route.js:117:3)\n    at handle (/Users/shashankpoojari/Documents/acquisitions/node_modules/router/index.js:435:11)\n    at Layer.handleRequest (/Users/shashankpoojari/Documents/acquisitions/node_modules/router/lib/layer.js:152:17)\n    at /Users/shashankpoojari/Documents/acquisitions/node_modules/router/index.js:295:15\n    at processParams (/Users/shashankpoojari/Documents/acquisitions/node_modules/router/index.js:582:12)\n    at next (/Users/shashankpoojari/Documents/acquisitions/node_modules/router/index.js:291:5)","timestamp":"2026-01-02T19:10:06.503Z"}
{"level":"error","message":"SignUp error Error Creating User","service":"acquisitions-api","stack":"Error: Error Creating User\n    at createUser (file:///Users/shashankpoojari/Documents/acquisitions/src/services/auth.service.js:34:11)\n    at signup (file:///Users/shashankpoojari/Documents/acquisitions/src/controllers/auth.controller.js:20:24)\n    at Layer.handleRequest (/Users/shashankpoojari/Documents/acquisitions/node_modules/router/lib/layer.js:152:17)\n    at next (/Users/shashankpoojari/Documents/acquisitions/node_modules/router/lib/route.js:157:13)\n    at Route.dispatch (/Users/shashankpoojari/Documents/acquisitions/node_modules/router/lib/route.js:117:3)\n    at handle (/Users/shashankpoojari/Documents/acquisitions/node_modules/router/index.js:435:11)\n    at Layer.handleRequest (/Users/shashankpoojari/Documents/acquisitions/node_modules/router/lib/layer.js:152:17)\n    at /Users/shashankpoojari/Documents/acquisitions/node_modules/router/index.js:295:15\n    at processParams (/Users/shashankpoojari/Documents/acquisitions/node_modules/router/index.js:582:12)\n    at next (/Users/shashankpoojari/Documents/acquisitions/node_modules/router/index.js:291:5)","timestamp":"2026-01-02T19:10:06.507Z"}
{"level":"info","message":"::1 - - [02/Jan/2026:19:10:06 +0000] \"POST /api/auth/sign-up HTTP/1.1\" 500 1327 \"-\" \"PostmanRuntime/7.51.0\"","service":"acquisitions-api","timestamp":"2026-01-02T19:10:06.509Z"}
{"level":"error","message":"Error creating user: eq is not defined","service":"acquisitions-api","stack":"ReferenceError: eq is not defined\n    at createUser (file:///Users/shashankpoojari/Documents/acquisitions/src/services/auth.service.js:17:57)\n    at signup (file:///Users/shashankpoojari/Documents/acquisitions/src/controllers/auth.controller.js:20:24)\n    at Layer.handleRequest (/Users/shashankpoojari/Documents/acquisitions/node_modules/router/lib/layer.js:152:17)\n    at next (/Users/shashankpoojari/Documents/acquisitions/node_modules/router/lib/route.js:157:13)\n    at Route.dispatch (/Users/shashankpoojari/Documents/acquisitions/node_modules/router/lib/route.js:117:3)\n    at handle (/Users/shashankpoojari/Documents/acquisitions/node_modules/router/index.js:435:11)\n    at Layer.handleRequest (/Users/shashankpoojari/Documents/acquisitions/node_modules/router/lib/layer.js:152:17)\n    at /Users/shashankpoojari/Documents/acquisitions/node_modules/router/index.js:295:15\n    at processParams (/Users/shashankpoojari/Documents/acquisitions/node_modules/router/index.js:582:12)\n    at next (/Users/shashankpoojari/Documents/acquisitions/node_modules/router/index.js:291:5)","timestamp":"2026-01-02T19:11:25.226Z"}
{"level":"error","message":"SignUp error Error Creating User","service":"acquisitions-api","stack":"Error: Error Creating User\n    at createUser (file:///Users/shashankpoojari/Documents/acquisitions/src/services/auth.service.js:34:11)\n    at signup (file:///Users/shashankpoojari/Documents/acquisitions/src/controllers/auth.controller.js:20:24)\n    at Layer.handleRequest (/Users/shashankpoojari/Documents/acquisitions/node_modules/router/lib/layer.js:152:17)\n    at next (/Users/shashankpoojari/Documents/acquisitions/node_modules/router/lib/route.js:157:13)\n    at Route.dispatch (/Users/shashankpoojari/Documents/acquisitions/node_modules/router/lib/route.js:117:3)\n    at handle (/Users/shashankpoojari/Documents/acquisitions/node_modules/router/index.js:435:11)\n    at Layer.handleRequest (/Users/shashankpoojari/Documents/acquisitions/node_modules/router/lib/layer.js:152:17)\n    at /Users/shashankpoojari/Documents/acquisitions/node_modules/router/index.js:295:15\n    at processParams (/Users/shashankpoojari/Documents/acquisitions/node_modules/router/index.js:582:12)\n    at next (/Users/shashankpoojari/Documents/acquisitions/node_modules/router/index.js:291:5)","timestamp":"2026-01-02T19:11:25.228Z"}
{"level":"info","message":"::1 - - [02/Jan/2026:19:11:25 +0000] \"POST /api/auth/sign-up HTTP/1.1\" 500 1327 \"-\" \"PostmanRuntime/7.51.0\"","service":"acquisitions-api","timestamp":"2026-01-02T19:11:25.230Z"}
{"cause":{"code":"42601","file":"scan.l","line":"1244","name":"NeonDbError","position":"14","routine":"scanner_yyerror","severity":"ERROR"},"level":"error","message":"Error creating user: Failed query: select  from $1 where \"users\".\"email\" = $2 limit $3\nparams: users,shashank@gmail.com,1","params":["users","shashank@gmail.com",1],"query":"select  from $1 where \"users\".\"email\" = $2 limit $3","service":"acquisitions-api","stack":"Error: Failed query: select  from $1 where \"users\".\"email\" = $2 limit $3\nparams: users,shashank@gmail.com,1\n    at NeonHttpPreparedQuery.queryWithCache (file:///Users/shashankpoojari/Documents/acquisitions/node_modules/drizzle-orm/pg-core/session.js:41:15)\n    at process.processTicksAndRejections (node:internal/process/task_queues:105:5)\n    at async NeonHttpPreparedQuery.execute (file:///Users/shashankpoojari/Documents/acquisitions/node_modules/drizzle-orm/neon-http/session.js:45:20)\n    at async createUser (file:///Users/shashankpoojari/Documents/acquisitions/src/services/auth.service.js:18:26)\n    at async signup (file:///Users/shashankpoojari/Documents/acquisitions/src/controllers/auth.controller.js:20:18)","timestamp":"2026-01-02T19:12:02.546Z"}
{"level":"error","message":"SignUp error Error Creating User","service":"acquisitions-api","stack":"Error: Error Creating User\n    at createUser (file:///Users/shashankpoojari/Documents/acquisitions/src/services/auth.service.js:35:11)\n    at process.processTicksAndRejections (node:internal/process/task_queues:105:5)\n    at async signup (file:///Users/shashankpoojari/Documents/acquisitions/src/controllers/auth.controller.js:20:18)","timestamp":"2026-01-02T19:12:02.549Z"}
{"level":"info","message":"::1 - - [02/Jan/2026:19:12:02 +0000] \"POST /api/auth/sign-up HTTP/1.1\" 500 499 \"-\" \"PostmanRuntime/7.51.0\"","service":"acquisitions-api","timestamp":"2026-01-02T19:12:02.553Z"}
{"level":"info","message":"User shashank@gmail.com created successfully.","service":"acquisitions-api","timestamp":"2026-01-02T19:13:06.590Z"}
{"level":"error","message":"Failed to authenticate JWT token secretOrPrivateKey must have a value","service":"acquisitions-api","stack":"Error: secretOrPrivateKey must have a value\n    at module.exports [as sign] (/Users/shashankpoojari/Documents/acquisitions/node_modules/jsonwebtoken/sign.js:111:20)\n    at Object.sign (file:///Users/shashankpoojari/Documents/acquisitions/src/utils/jwt.js:10:18)\n    at signup (file:///Users/shashankpoojari/Documents/acquisitions/src/controllers/auth.controller.js:22:28)\n    at process.processTicksAndRejections (node:internal/process/task_queues:105:5)","timestamp":"2026-01-02T19:13:06.595Z"}
{"level":"error","message":"SignUp error Failed to authenticate JWT token","service":"acquisitions-api","stack":"Error: Failed to authenticate JWT token\n    at Object.sign (file:///Users/shashankpoojari/Documents/acquisitions/src/utils/jwt.js:13:13)\n    at signup (file:///Users/shashankpoojari/Documents/acquisitions/src/controllers/auth.controller.js:22:28)\n    at process.processTicksAndRejections (node:internal/process/task_queues:105:5)","timestamp":"2026-01-02T19:13:06.597Z"}
{"level":"info","message":"::1 - - [02/Jan/2026:19:13:06 +0000] \"POST /api/auth/sign-up HTTP/1.1\" 500 495 \"-\" \"PostmanRuntime/7.51.0\"","service":"acquisitions-api","timestamp":"2026-01-02T19:13:06.601Z"}
{"level":"error","message":"Error creating user: User Already Exists","service":"acquisitions-api","stack":"Error: User Already Exists\n    at createUser (file:///Users/shashankpoojari/Documents/acquisitions/src/services/auth.service.js:20:41)\n    at process.processTicksAndRejections (node:internal/process/task_queues:105:5)\n    at async signup (file:///Users/shashankpoojari/Documents/acquisitions/src/controllers/auth.controller.js:20:18)","timestamp":"2026-01-02T19:14:38.683Z"}
{"level":"error","message":"SignUp error Error Creating User","service":"acquisitions-api","stack":"Error: Error Creating User\n    at createUser (file:///Users/shashankpoojari/Documents/acquisitions/src/services/auth.service.js:35:11)\n    at process.processTicksAndRejections (node:internal/process/task_queues:105:5)\n    at async signup (file:///Users/shashankpoojari/Documents/acquisitions/src/controllers/auth.controller.js:20:18)","timestamp":"2026-01-02T19:14:38.688Z"}
{"level":"info","message":"::1 - - [02/Jan/2026:19:14:38 +0000] \"POST /api/auth/sign-up HTTP/1.1\" 500 499 \"-\" \"PostmanRuntime/7.51.0\"","service":"acquisitions-api","timestamp":"2026-01-02T19:14:38.692Z"}
{"level":"info","message":"User shashank@gmail.com created successfully.","service":"acquisitions-api","timestamp":"2026-01-02T19:15:33.700Z"}
{"level":"info","message":"User Registered successfully: shashank@gmail.com","service":"acquisitions-api","timestamp":"2026-01-02T19:15:33.706Z"}
{"level":"info","message":"::1 - - [02/Jan/2026:19:15:33 +0000] \"POST /api/auth/sign-up HTTP/1.1\" 201 107 \"-\" \"PostmanRuntime/7.51.0\"","service":"acquisitions-api","timestamp":"2026-01-02T19:15:33.708Z"}
{"cause":{"code":"42P01","file":"parse_relation.c","line":"1449","name":"NeonDbError","position":"83","routine":"parserOpenTable","severity":"ERROR"},"level":"error","message":"Error creating user: Failed query: select \"id\", \"name\", \"email\", \"password\", \"role\", \"created_at\", \"updated_at\" from \"users\" where \"users\".\"email\" = $1 limit $2\nparams: shashank@gmail.com,1","params":["shashank@gmail.com",1],"query":"select \"id\", \"name\", \"email\", \"password\", \"role\", \"created_at\", \"updated_at\" from \"users\" where \"users\".\"email\" = $1 limit $2","service":"acquisitions-api","stack":"Error: Failed query: select \"id\", \"name\", \"email\", \"password\", \"role\", \"created_at\", \"updated_at\" from \"users\" where \"users\".\"email\" = $1 limit $2\nparams: shashank@gmail.com,1\n    at NeonHttpPreparedQuery.queryWithCache (file:///Users/shashankpoojari/Documents/acquisitions/node_modules/drizzle-orm/pg-core/session.js:41:15)\n    at process.processTicksAndRejections (node:internal/process/task_queues:105:5)\n    at async NeonHttpPreparedQuery.execute (file:///Users/shashankpoojari/Documents/acquisitions/node_modules/drizzle-orm/neon-http/session.js:45:20)\n    at async createUser (file:///Users/shashankpoojari/Documents/acquisitions/src/services/auth.service.js:18:26)\n    at async signup (file:///Users/shashankpoojari/Documents/acquisitions/src/controllers/auth.controller.js:20:18)","timestamp":"2026-01-02T19:17:54.401Z"}
{"level":"error","message":"SignUp error Error Creating User","service":"acquisitions-api","stack":"Error: Error Creating User\n    at createUser (file:///Users/shashankpoojari/Documents/acquisitions/src/services/auth.service.js:35:11)\n    at process.processTicksAndRejections (node:internal/process/task_queues:105:5)\n    at async signup (file:///Users/shashankpoojari/Documents/acquisitions/src/controllers/auth.controller.js:20:18)","timestamp":"2026-01-02T19:17:54.403Z"}
{"level":"info","message":"::1 - - [02/Jan/2026:19:17:54 +0000] \"POST /api/auth/sign-up HTTP/1.1\" 500 499 \"-\" \"PostmanRuntime/7.51.0\"","service":"acquisitions-api","timestamp":"2026-01-02T19:17:54.405Z"}
{"level":"info","message":"User shashank@gmail.com created successfully.","service":"acquisitions-api","timestamp":"2026-01-02T19:20:49.712Z"}
{"level":"info","message":"User Registered successfully: shashank@gmail.com","service":"acquisitions-api","timestamp":"2026-01-02T19:20:49.720Z"}
{"level":"info","message":"::1 - - [02/Jan/2026:19:20:49 +0000] \"POST /api/auth/sign-up HTTP/1.1\" 201 107 \"-\" \"PostmanRuntime/7.51.0\"","service":"acquisitions-api","timestamp":"2026-01-02T19:20:49.724Z"}
{"level":"info","message":"User shanks@gmail.com created successfully.","service":"acquisitions-api","timestamp":"2026-01-02T19:21:04.371Z"}
{"level":"info","message":"User Registered successfully: shanks@gmail.com","service":"acquisitions-api","timestamp":"2026-01-02T19:21:04.373Z"}
{"level":"info","message":"::1 - - [02/Jan/2026:19:21:04 +0000] \"POST /api/auth/sign-up HTTP/1.1\" 201 103 \"-\" \"PostmanRuntime/7.51.0\"","service":"acquisitions-api","timestamp":"2026-01-02T19:21:04.374Z"}
{"level":"info","message":"User signed in successfully: shanks@gmail.com","service":"acquisitions-api","timestamp":"2026-01-03T07:56:59.178Z"}
{"level":"info","message":"::1 - - [03/Jan/2026:07:56:59 +0000] \"POST /api/auth/sign-in HTTP/1.1\" 200 102 \"-\" \"PostmanRuntime/7.51.0\"","service":"acquisitions-api","timestamp":"2026-01-03T07:56:59.180Z"}
{"level":"info","message":"User signed out successfully","service":"acquisitions-api","timestamp":"2026-01-03T07:57:40.920Z"}
{"level":"info","message":"::1 - - [03/Jan/2026:07:57:40 +0000] \"POST /api/auth/sign-out HTTP/1.1\" 200 29 \"-\" \"PostmanRuntime/7.51.0\"","service":"acquisitions-api","timestamp":"2026-01-03T07:57:40.921Z"}
{"level":"info","message":"User signed in successfully: shanks@gmail.com","service":"acquisitions-api","timestamp":"2026-01-03T07:57:49.117Z"}
{"level":"info","message":"::1 - - [03/Jan/2026:07:57:49 +0000] \"POST /api/auth/sign-in HTTP/1.1\" 200 102 \"-\" \"PostmanRuntime/7.51.0\"","service":"acquisitions-api","timestamp":"2026-01-03T07:57:49.118Z"}
{"level":"info","message":"User signed out successfully","service":"acquisitions-api","timestamp":"2026-01-03T07:58:18.932Z"}
{"level":"info","message":"::1 - - [03/Jan/2026:07:58:18 +0000] \"POST /api/auth/sign-out HTTP/1.1\" 200 29 \"-\" \"PostmanRuntime/7.51.0\"","service":"acquisitions-api","timestamp":"2026-01-03T07:58:18.934Z"}
{"level":"info","message":"User signed out successfully","service":"acquisitions-api","timestamp":"2026-01-03T07:58:22.708Z"}
{"level":"info","message":"::1 - - [03/Jan/2026:07:58:22 +0000] \"POST /api/auth/sign-out HTTP/1.1\" 200 29 \"-\" \"PostmanRuntime/7.51.0\"","service":"acquisitions-api","timestamp":"2026-01-03T07:58:22.711Z"}
{"level":"info","message":"::1 - - [13/Jan/2026:08:21:15 +0000] \"GET /health HTTP/1.1\" 500 95 \"-\" \"PostmanRuntime/7.51.0\"","service":"acquisitions-api","timestamp":"2026-01-13T08:21:15.547Z"}
{"ip":"::1","level":"warn","message":"Bot request blocked","path":"/health","service":"acquisitions-api","timestamp":"2026-01-13T08:22:51.484Z","userAgent":"PostmanRuntime/7.51.0"}
{"level":"info","message":"::1 - - [13/Jan/2026:08:22:51 +0000] \"GET /health HTTP/1.1\" 403 68 \"-\" \"PostmanRuntime/7.51.0\"","service":"acquisitions-api","timestamp":"2026-01-13T08:22:51.487Z"}
{"ip":"::1","level":"warn","message":"Bot request blocked","path":"/health","service":"acquisitions-api","timestamp":"2026-01-13T08:22:57.616Z","userAgent":"PostmanRuntime/7.51.0"}
{"level":"info","message":"::1 - - [13/Jan/2026:08:22:57 +0000] \"GET /health HTTP/1.1\" 403 68 \"-\" \"PostmanRuntime/7.51.0\"","service":"acquisitions-api","timestamp":"2026-01-13T08:22:57.619Z"}
{"level":"info","message":"::1 - - [13/Jan/2026:08:24:11 +0000] \"GET /health HTTP/1.1\" 200 75 \"-\" \"PostmanRuntime/7.51.0\"","service":"acquisitions-api","timestamp":"2026-01-13T08:24:11.467Z"}
{"level":"info","message":"::1 - - [13/Jan/2026:08:24:15 +0000] \"GET /health HTTP/1.1\" 200 75 \"-\" \"PostmanRuntime/7.51.0\"","service":"acquisitions-api","timestamp":"2026-01-13T08:24:15.961Z"}
{"level":"info","message":"::1 - - [13/Jan/2026:08:24:31 +0000] \"GET /health HTTP/1.1\" - - \"-\" \"PostmanRuntime/7.51.0\"","service":"acquisitions-api","timestamp":"2026-01-13T08:24:31.591Z"}
{"level":"info","message":"::1 - - [13/Jan/2026:08:24:32 +0000] \"GET /health HTTP/1.1\" 200 75 \"-\" \"PostmanRuntime/7.51.0\"","service":"acquisitions-api","timestamp":"2026-01-13T08:24:32.878Z"}
{"level":"info","message":"::1 - - [13/Jan/2026:08:24:33 +0000] \"GET /health HTTP/1.1\" 200 76 \"-\" \"PostmanRuntime/7.51.0\"","service":"acquisitions-api","timestamp":"2026-01-13T08:24:33.167Z"}
{"level":"info","message":"::1 - - [13/Jan/2026:08:24:34 +0000] \"GET /health HTTP/1.1\" 200 76 \"-\" \"PostmanRuntime/7.51.0\"","service":"acquisitions-api","timestamp":"2026-01-13T08:24:34.724Z"}
{"level":"info","message":"::1 - - [13/Jan/2026:08:24:37 +0000] \"GET /health HTTP/1.1\" 200 76 \"-\" \"PostmanRuntime/7.51.0\"","service":"acquisitions-api","timestamp":"2026-01-13T08:24:37.806Z"}
{"level":"info","message":"::1 - - [13/Jan/2026:08:24:39 +0000] \"GET /health HTTP/1.1\" 200 76 \"-\" \"PostmanRuntime/7.51.0\"","service":"acquisitions-api","timestamp":"2026-01-13T08:24:39.207Z"}
{"level":"info","message":"::1 - - [13/Jan/2026:08:24:40 +0000] \"GET /health HTTP/1.1\" 200 76 \"-\" \"PostmanRuntime/7.51.0\"","service":"acquisitions-api","timestamp":"2026-01-13T08:24:40.458Z"}
{"level":"info","message":"::1 - - [13/Jan/2026:08:24:41 +0000] \"GET /health HTTP/1.1\" 200 76 \"-\" \"PostmanRuntime/7.51.0\"","service":"acquisitions-api","timestamp":"2026-01-13T08:24:41.859Z"}
{"level":"info","message":"::1 - - [13/Jan/2026:08:24:47 +0000] \"GET /health HTTP/1.1\" 200 76 \"-\" \"PostmanRuntime/7.51.0\"","service":"acquisitions-api","timestamp":"2026-01-13T08:24:47.215Z"}
{"level":"info","message":"::1 - - [13/Jan/2026:08:24:49 +0000] \"GET /health HTTP/1.1\" 200 73 \"-\" \"PostmanRuntime/7.51.0\"","service":"acquisitions-api","timestamp":"2026-01-13T08:24:49.091Z"}
{"level":"info","message":"::1 - - [13/Jan/2026:08:24:49 +0000] \"GET /health HTTP/1.1\" 200 76 \"-\" \"PostmanRuntime/7.51.0\"","service":"acquisitions-api","timestamp":"2026-01-13T08:24:49.569Z"}
{"level":"info","message":"::1 - - [13/Jan/2026:08:24:50 +0000] \"GET /health HTTP/1.1\" 200 76 \"-\" \"PostmanRuntime/7.51.0\"","service":"acquisitions-api","timestamp":"2026-01-13T08:24:50.107Z"}
{"level":"info","message":"::1 - - [13/Jan/2026:08:24:50 +0000] \"GET /health HTTP/1.1\" 200 76 \"-\" \"PostmanRuntime/7.51.0\"","service":"acquisitions-api","timestamp":"2026-01-13T08:24:50.726Z"}
{"level":"info","message":"::1 - - [13/Jan/2026:08:24:51 +0000] \"GET /health HTTP/1.1\" 200 76 \"-\" \"PostmanRuntime/7.51.0\"","service":"acquisitions-api","timestamp":"2026-01-13T08:24:51.238Z"}
{"level":"info","message":"::1 - - [13/Jan/2026:08:24:51 +0000] \"GET /health HTTP/1.1\" 200 76 \"-\" \"PostmanRuntime/7.51.0\"","service":"acquisitions-api","timestamp":"2026-01-13T08:24:51.823Z"}
{"level":"info","message":"::1 - - [13/Jan/2026:08:24:52 +0000] \"GET /health HTTP/1.1\" 200 76 \"-\" \"PostmanRuntime/7.51.0\"","service":"acquisitions-api","timestamp":"2026-01-13T08:24:52.344Z"}
{"level":"info","message":"::1 - - [13/Jan/2026:08:24:52 +0000] \"GET /health HTTP/1.1\" 200 76 \"-\" \"PostmanRuntime/7.51.0\"","service":"acquisitions-api","timestamp":"2026-01-13T08:24:52.871Z"}
{"level":"info","message":"::1 - - [13/Jan/2026:08:24:53 +0000] \"GET /health HTTP/1.1\" 200 76 \"-\" \"PostmanRuntime/7.51.0\"","service":"acquisitions-api","timestamp":"2026-01-13T08:24:53.358Z"}
{"level":"info","message":"::1 - - [13/Jan/2026:08:24:53 +0000] \"GET /health HTTP/1.1\" 200 76 \"-\" \"PostmanRuntime/7.51.0\"","service":"acquisitions-api","timestamp":"2026-01-13T08:24:53.857Z"}
{"level":"info","message":"::1 - - [13/Jan/2026:08:24:54 +0000] \"GET /health HTTP/1.1\" 200 74 \"-\" \"PostmanRuntime/7.51.0\"","service":"acquisitions-api","timestamp":"2026-01-13T08:24:54.396Z"}
{"level":"info","message":"::1 - - [13/Jan/2026:08:24:54 +0000] \"GET /health HTTP/1.1\" 200 76 \"-\" \"PostmanRuntime/7.51.0\"","service":"acquisitions-api","timestamp":"2026-01-13T08:24:54.938Z"}
{"level":"info","message":"::1 - - [13/Jan/2026:08:24:55 +0000] \"GET /health HTTP/1.1\" 200 76 \"-\" \"PostmanRuntime/7.51.0\"","service":"acquisitions-api","timestamp":"2026-01-13T08:24:55.460Z"}
{"level":"info","message":"::1 - - [13/Jan/2026:08:24:55 +0000] \"GET /health HTTP/1.1\" 200 76 \"-\" \"PostmanRuntime/7.51.0\"","service":"acquisitions-api","timestamp":"2026-01-13T08:24:55.940Z"}
{"level":"info","message":"::1 - - [13/Jan/2026:08:24:56 +0000] \"GET /health HTTP/1.1\" 200 76 \"-\" \"PostmanRuntime/7.51.0\"","service":"acquisitions-api","timestamp":"2026-01-13T08:24:56.310Z"}
{"level":"info","message":"::1 - - [13/Jan/2026:08:24:56 +0000] \"GET /health HTTP/1.1\" 200 76 \"-\" \"PostmanRuntime/7.51.0\"","service":"acquisitions-api","timestamp":"2026-01-13T08:24:56.729Z"}
{"level":"info","message":"::1 - - [13/Jan/2026:08:24:57 +0000] \"GET /health HTTP/1.1\" 200 75 \"-\" \"PostmanRuntime/7.51.0\"","service":"acquisitions-api","timestamp":"2026-01-13T08:24:57.324Z"}
{"level":"info","message":"::1 - - [13/Jan/2026:08:24:57 +0000] \"GET /health HTTP/1.1\" 200 76 \"-\" \"PostmanRuntime/7.51.0\"","service":"acquisitions-api","timestamp":"2026-01-13T08:24:57.989Z"}
{"level":"info","message":"::1 - - [13/Jan/2026:08:24:58 +0000] \"GET /health HTTP/1.1\" 200 76 \"-\" \"PostmanRuntime/7.51.0\"","service":"acquisitions-api","timestamp":"2026-01-13T08:24:58.957Z"}
{"level":"info","message":"::1 - - [13/Jan/2026:08:24:59 +0000] \"GET /health HTTP/1.1\" 200 76 \"-\" \"PostmanRuntime/7.51.0\"","service":"acquisitions-api","timestamp":"2026-01-13T08:24:59.487Z"}
{"level":"info","message":"::1 - - [13/Jan/2026:08:25:03 +0000] \"GET /health HTTP/1.1\" 200 76 \"-\" \"PostmanRuntime/7.51.0\"","service":"acquisitions-api","timestamp":"2026-01-13T08:25:03.828Z"}
{"level":"info","message":"::1 - - [13/Jan/2026:08:25:04 +0000] \"GET /health HTTP/1.1\" 200 76 \"-\" \"PostmanRuntime/7.51.0\"","service":"acquisitions-api","timestamp":"2026-01-13T08:25:04.571Z"}
{"level":"info","message":"::1 - - [13/Jan/2026:08:25:59 +0000] \"GET /health HTTP/1.1\" - - \"-\" \"PostmanRuntime/7.51.0\"","service":"acquisitions-api","timestamp":"2026-01-13T08:25:59.176Z"}
{"level":"info","message":"::1 - - [13/Jan/2026:08:25:59 +0000] \"GET /health HTTP/1.1\" 200 72 \"-\" \"PostmanRuntime/7.51.0\"","service":"acquisitions-api","timestamp":"2026-01-13T08:25:59.469Z"}
{"level":"info","message":"::1 - - [13/Jan/2026:08:26:01 +0000] \"GET /health HTTP/1.1\" 200 75 \"-\" \"PostmanRuntime/7.51.0\"","service":"acquisitions-api","timestamp":"2026-01-13T08:26:01.641Z"}
{"level":"info","message":"::1 - - [13/Jan/2026:08:26:02 +0000] \"GET /health HTTP/1.1\" 200 75 \"-\" \"PostmanRuntime/7.51.0\"","service":"acquisitions-api","timestamp":"2026-01-13T08:26:02.170Z"}
{"level":"info","message":"::1 - - [13/Jan/2026:08:26:02 +0000] \"GET /health HTTP/1.1\" 200 75 \"-\" \"PostmanRuntime/7.51.0\"","service":"acquisitions-api","timestamp":"2026-01-13T08:26:02.546Z"}
{"level":"info","message":"::1 - - [13/Jan/2026:08:26:03 +0000] \"GET /health HTTP/1.1\" 200 73 \"-\" \"PostmanRuntime/7.51.0\"","service":"acquisitions-api","timestamp":"2026-01-13T08:26:03.825Z"}
{"level":"info","message":"::1 - - [13/Jan/2026:08:27:41 +0000] \"GET /health HTTP/1.1\" 200 76 \"-\" \"PostmanRuntime/7.51.0\"","service":"acquisitions-api","timestamp":"2026-01-13T08:27:41.273Z"}
{"level":"info","message":"::1 - - [13/Jan/2026:08:27:42 +0000] \"GET /health HTTP/1.1\" - - \"-\" \"PostmanRuntime/7.51.0\"","service":"acquisitions-api","timestamp":"2026-01-13T08:27:42.075Z"}
{"level":"info","message":"::1 - - [13/Jan/2026:08:27:43 +0000] \"GET /health HTTP/1.1\" 200 76 \"-\" \"PostmanRuntime/7.51.0\"","service":"acquisitions-api","timestamp":"2026-01-13T08:27:43.134Z"}
{"level":"info","message":"::1 - - [13/Jan/2026:08:27:43 +0000] \"GET /health HTTP/1.1\" 200 75 \"-\" \"PostmanRuntime/7.51.0\"","service":"acquisitions-api","timestamp":"2026-01-13T08:27:43.711Z"}
{"level":"info","message":"::1 - - [13/Jan/2026:08:27:44 +0000] \"GET /health HTTP/1.1\" 200 76 \"-\" \"PostmanRuntime/7.51.0\"","service":"acquisitions-api","timestamp":"2026-01-13T08:27:44.273Z"}
{"level":"info","message":"::1 - - [13/Jan/2026:08:27:44 +0000] \"GET /health HTTP/1.1\" 200 74 \"-\" \"PostmanRuntime/7.51.0\"","service":"acquisitions-api","timestamp":"2026-01-13T08:27:44.767Z"}
{"level":"info","message":"::1 - - [13/Jan/2026:08:27:45 +0000] \"GET /health HTTP/1.1\" 200 76 \"-\" \"PostmanRuntime/7.51.0\"","service":"acquisitions-api","timestamp":"2026-01-13T08:27:45.265Z"}
{"level":"info","message":"::1 - - [13/Jan/2026:08:27:45 +0000] \"GET /health HTTP/1.1\" 200 76 \"-\" \"PostmanRuntime/7.51.0\"","service":"acquisitions-api","timestamp":"2026-01-13T08:27:45.643Z"}
{"level":"info","message":"::1 - - [13/Jan/2026:08:27:46 +0000] \"GET /health HTTP/1.1\" 200 76 \"-\" \"PostmanRuntime/7.51.0\"","service":"acquisitions-api","timestamp":"2026-01-13T08:27:46.012Z"}
{"level":"info","message":"::1 - - [13/Jan/2026:08:27:46 +0000] \"GET /health HTTP/1.1\" 200 76 \"-\" \"PostmanRuntime/7.51.0\"","service":"acquisitions-api","timestamp":"2026-01-13T08:27:46.338Z"}
{"level":"info","message":"::1 - - [13/Jan/2026:08:27:46 +0000] \"GET /health HTTP/1.1\" 200 76 \"-\" \"PostmanRuntime/7.51.0\"","service":"acquisitions-api","timestamp":"2026-01-13T08:27:46.772Z"}
{"level":"info","message":"::1 - - [13/Jan/2026:08:27:47 +0000] \"GET /health HTTP/1.1\" 200 76 \"-\" \"PostmanRuntime/7.51.0\"","service":"acquisitions-api","timestamp":"2026-01-13T08:27:47.275Z"}
{"level":"info","message":"::1 - - [13/Jan/2026:08:27:47 +0000] \"GET /health HTTP/1.1\" 200 72 \"-\" \"PostmanRuntime/7.51.0\"","service":"acquisitions-api","timestamp":"2026-01-13T08:27:47.678Z"}
{"level":"info","message":"::1 - - [13/Jan/2026:08:27:48 +0000] \"GET /health HTTP/1.1\" 200 76 \"-\" \"PostmanRuntime/7.51.0\"","service":"acquisitions-api","timestamp":"2026-01-13T08:27:48.272Z"}
{"level":"info","message":"::1 - - [13/Jan/2026:08:27:48 +0000] \"GET /health HTTP/1.1\" 200 76 \"-\" \"PostmanRuntime/7.51.0\"","service":"acquisitions-api","timestamp":"2026-01-13T08:27:48.886Z"}
{"level":"info","message":"::1 - - [13/Jan/2026:08:27:49 +0000] \"GET /health HTTP/1.1\" 200 76 \"-\" \"PostmanRuntime/7.51.0\"","service":"acquisitions-api","timestamp":"2026-01-13T08:27:49.386Z"}
{"level":"info","message":"::1 - - [13/Jan/2026:08:27:49 +0000] \"GET /health HTTP/1.1\" 200 76 \"-\" \"PostmanRuntime/7.51.0\"","service":"acquisitions-api","timestamp":"2026-01-13T08:27:49.855Z"}
{"ip":"::1","level":"warn","message":"Bot request blocked","path":"/health","service":"acquisitions-api","timestamp":"2026-01-13T08:28:32.330Z","userAgent":"curl/8.7.1"}
{"level":"info","message":"::1 - - [13/Jan/2026:08:28:32 +0000] \"GET /health HTTP/1.1\" 403 68 \"-\" \"curl/8.7.1\"","service":"acquisitions-api","timestamp":"2026-01-13T08:28:32.334Z"}
{"ip":"::1","level":"warn","message":"Bot request blocked","path":"/health","service":"acquisitions-api","timestamp":"2026-01-13T08:28:32.349Z","userAgent":"curl/8.7.1"}
{"level":"info","message":"::1 - - [13/Jan/2026:08:28:32 +0000] \"GET /health HTTP/1.1\" 403 68 \"-\" \"curl/8.7.1\"","service":"acquisitions-api","timestamp":"2026-01-13T08:28:32.349Z"}
{"ip":"::1","level":"warn","message":"Bot request blocked","path":"/health","service":"acquisitions-api","timestamp":"2026-01-13T08:28:32.364Z","userAgent":"curl/8.7.1"}
{"level":"info","message":"::1 - - [13/Jan/2026:08:28:32 +0000] \"GET /health HTTP/1.1\" 403 68 \"-\" \"curl/8.7.1\"","service":"acquisitions-api","timestamp":"2026-01-13T08:28:32.365Z"}
{"ip":"::1","level":"warn","message":"Bot request blocked","path":"/health","service":"acquisitions-api","timestamp":"2026-01-13T08:28:32.380Z","userAgent":"curl/8.7.1"}
{"level":"info","message":"::1 - - [13/Jan/2026:08:28:32 +0000] \"GET /health HTTP/1.1\" 403 68 \"-\" \"curl/8.7.1\"","service":"acquisitions-api","timestamp":"2026-01-13T08:28:32.380Z"}
{"ip":"::1","level":"warn","message":"Bot request blocked","path":"/health","service":"acquisitions-api","timestamp":"2026-01-13T08:28:32.393Z","userAgent":"curl/8.7.1"}
{"level":"info","message":"::1 - - [13/Jan/2026:08:28:32 +0000] \"GET /health HTTP/1.1\" 403 68 \"-\" \"curl/8.7.1\"","service":"acquisitions-api","timestamp":"2026-01-13T08:28:32.393Z"}
{"ip":"::1","level":"warn","message":"Bot request blocked","path":"/health","service":"acquisitions-api","timestamp":"2026-01-13T08:28:32.406Z","userAgent":"curl/8.7.1"}
{"level":"info","message":"::1 - - [13/Jan/2026:08:28:32 +0000] \"GET /health HTTP/1.1\" 403 68 \"-\" \"curl/8.7.1\"","service":"acquisitions-api","timestamp":"2026-01-13T08:28:32.407Z"}
{"ip":"::1","level":"warn","message":"Bot request blocked","path":"/health","service":"acquisitions-api","timestamp":"2026-01-13T08:28:32.418Z","userAgent":"curl/8.7.1"}
{"level":"info","message":"::1 - - [13/Jan/2026:08:28:32 +0000] \"GET /health HTTP/1.1\" 403 68 \"-\" \"curl/8.7.1\"","service":"acquisitions-api","timestamp":"2026-01-13T08:28:32.418Z"}
{"ip":"::1","level":"warn","message":"Bot request blocked","path":"/health","service":"acquisitions-api","timestamp":"2026-01-13T08:28:32.430Z","userAgent":"curl/8.7.1"}
{"level":"info","message":"::1 - - [13/Jan/2026:08:28:32 +0000] \"GET /health HTTP/1.1\" 403 68 \"-\" \"curl/8.7.1\"","service":"acquisitions-api","timestamp":"2026-01-13T08:28:32.431Z"}
{"ip":"::1","level":"warn","message":"Bot request blocked","path":"/health","service":"acquisitions-api","timestamp":"2026-01-13T08:28:32.444Z","userAgent":"curl/8.7.1"}
{"level":"info","message":"::1 - - [13/Jan/2026:08:28:32 +0000] \"GET /health HTTP/1.1\" 403 68 \"-\" \"curl/8.7.1\"","service":"acquisitions-api","timestamp":"2026-01-13T08:28:32.445Z"}
{"ip":"::1","level":"warn","message":"Bot request blocked","path":"/health","service":"acquisitions-api","timestamp":"2026-01-13T08:28:32.457Z","userAgent":"curl/8.7.1"}
{"level":"info","message":"::1 - - [13/Jan/2026:08:28:32 +0000] \"GET /health HTTP/1.1\" 403 68 \"-\" \"curl/8.7.1\"","service":"acquisitions-api","timestamp":"2026-01-13T08:28:32.457Z"}
{"level":"info","message":"::1 - - [13/Jan/2026:08:29:17 +0000] \"GET /health HTTP/1.1\" 200 75 \"-\" \"curl/8.7.1\"","service":"acquisitions-api","timestamp":"2026-01-13T08:29:17.064Z"}
{"level":"info","message":"::1 - - [13/Jan/2026:08:29:17 +0000] \"GET /health HTTP/1.1\" 200 75 \"-\" \"curl/8.7.1\"","service":"acquisitions-api","timestamp":"2026-01-13T08:29:17.088Z"}
{"level":"info","message":"::1 - - [13/Jan/2026:08:29:17 +0000] \"GET /health HTTP/1.1\" 200 75 \"-\" \"curl/8.7.1\"","service":"acquisitions-api","timestamp":"2026-01-13T08:29:17.104Z"}
{"level":"info","message":"::1 - - [13/Jan/2026:08:29:17 +0000] \"GET /health HTTP/1.1\" 200 75 \"-\" \"curl/8.7.1\"","service":"acquisitions-api","timestamp":"2026-01-13T08:29:17.119Z"}
{"level":"info","message":"::1 - - [13/Jan/2026:08:29:17 +0000] \"GET /health HTTP/1.1\" 200 75 \"-\" \"curl/8.7.1\"","service":"acquisitions-api","timestamp":"2026-01-13T08:29:17.131Z"}
{"level":"info","message":"::1 - - [13/Jan/2026:08:29:17 +0000] \"GET /health HTTP/1.1\" 200 75 \"-\" \"curl/8.7.1\"","service":"acquisitions-api","timestamp":"2026-01-13T08:29:17.143Z"}
{"level":"info","message":"::1 - - [13/Jan/2026:08:29:17 +0000] \"GET /health HTTP/1.1\" 200 75 \"-\" \"curl/8.7.1\"","service":"acquisitions-api","timestamp":"2026-01-13T08:29:17.155Z"}
{"level":"info","message":"::1 - - [13/Jan/2026:08:29:17 +0000] \"GET /health HTTP/1.1\" 200 75 \"-\" \"curl/8.7.1\"","service":"acquisitions-api","timestamp":"2026-01-13T08:29:17.168Z"}
{"level":"info","message":"::1 - - [13/Jan/2026:08:29:17 +0000] \"GET /health HTTP/1.1\" 200 74 \"-\" \"curl/8.7.1\"","service":"acquisitions-api","timestamp":"2026-01-13T08:29:17.181Z"}
{"level":"info","message":"::1 - - [13/Jan/2026:08:29:17 +0000] \"GET /health HTTP/1.1\" 200 75 \"-\" \"curl/8.7.1\"","service":"acquisitions-api","timestamp":"2026-01-13T08:29:17.194Z"}
{"level":"info","message":"::1 - - [13/Jan/2026:08:29:35 +0000] \"GET /health HTTP/1.1\" 200 75 \"-\" \"curl/8.7.1\"","service":"acquisitions-api","timestamp":"2026-01-13T08:29:35.813Z"}
{"level":"info","message":"::1 - - [13/Jan/2026:08:29:35 +0000] \"GET /health HTTP/1.1\" 200 74 \"-\" \"curl/8.7.1\"","service":"acquisitions-api","timestamp":"2026-01-13T08:29:35.836Z"}
{"level":"info","message":"::1 - - [13/Jan/2026:08:29:35 +0000] \"GET /health HTTP/1.1\" 200 75 \"-\" \"curl/8.7.1\"","service":"acquisitions-api","timestamp":"2026-01-13T08:29:35.851Z"}
{"level":"info","message":"::1 - - [13/Jan/2026:08:29:35 +0000] \"GET /health HTTP/1.1\" 200 75 \"-\" \"curl/8.7.1\"","service":"acquisitions-api","timestamp":"2026-01-13T08:29:35.863Z"}
{"level":"info","message":"::1 - - [13/Jan/2026:08:29:35 +0000] \"GET /health HTTP/1.1\" 200 75 \"-\" \"curl/8.7.1\"","service":"acquisitions-api","timestamp":"2026-01-13T08:29:35.887Z"}
{"level":"info","message":"::1 - - [13/Jan/2026:08:29:35 +0000] \"GET /health HTTP/1.1\" 200 75 \"-\" \"curl/8.7.1\"","service":"acquisitions-api","timestamp":"2026-01-13T08:29:35.912Z"}
{"level":"info","message":"::1 - - [13/Jan/2026:08:29:35 +0000] \"GET /health HTTP/1.1\" 200 75 \"-\" \"curl/8.7.1\"","service":"acquisitions-api","timestamp":"2026-01-13T08:29:35.924Z"}
{"level":"info","message":"::1 - - [13/Jan/2026:08:29:35 +0000] \"GET /health HTTP/1.1\" 200 75 \"-\" \"curl/8.7.1\"","service":"acquisitions-api","timestamp":"2026-01-13T08:29:35.936Z"}
{"level":"info","message":"::1 - - [13/Jan/2026:08:29:35 +0000] \"GET /health HTTP/1.1\" 200 74 \"-\" \"curl/8.7.1\"","service":"acquisitions-api","timestamp":"2026-01-13T08:29:35.947Z"}
{"level":"info","message":"::1 - - [13/Jan/2026:08:29:35 +0000] \"GET /health HTTP/1.1\" 200 75 \"-\" \"curl/8.7.1\"","service":"acquisitions-api","timestamp":"2026-01-13T08:29:35.958Z"}
{"level":"info","message":"::1 - - [13/Jan/2026:08:32:29 +0000] \"GET /health HTTP/1.1\" 200 77 \"-\" \"curl/8.7.1\"","service":"acquisitions-api","timestamp":"2026-01-13T08:32:29.414Z"}
{"level":"info","message":"::1 - - [13/Jan/2026:08:32:29 +0000] \"GET /health HTTP/1.1\" 200 77 \"-\" \"curl/8.7.1\"","service":"acquisitions-api","timestamp":"2026-01-13T08:32:29.452Z"}
{"level":"info","message":"::1 - - [13/Jan/2026:08:32:29 +0000] \"GET /health HTTP/1.1\" 200 77 \"-\" \"curl/8.7.1\"","service":"acquisitions-api","timestamp":"2026-01-13T08:32:29.475Z"}
{"level":"info","message":"::1 - - [13/Jan/2026:08:32:29 +0000] \"GET /health HTTP/1.1\" 200 77 \"-\" \"curl/8.7.1\"","service":"acquisitions-api","timestamp":"2026-01-13T08:32:29.492Z"}
{"level":"info","message":"::1 - - [13/Jan/2026:08:32:29 +0000] \"GET /health HTTP/1.1\" 200 77 \"-\" \"curl/8.7.1\"","service":"acquisitions-api","timestamp":"2026-01-13T08:32:29.508Z"}
{"level":"info","message":"::1 - - [13/Jan/2026:08:32:29 +0000] \"GET /health HTTP/1.1\" 200 77 \"-\" \"curl/8.7.1\"","service":"acquisitions-api","timestamp":"2026-01-13T08:32:29.522Z"}
{"ip":"::1","level":"warn","message":"Bot request blocked","path":"/api","service":"acquisitions-api","timestamp":"2026-01-13T08:35:52.864Z","userAgent":"curl/7.88.1"}
{"level":"info","message":"::1 - - [13/Jan/2026:08:35:52 +0000] \"GET /api HTTP/1.1\" 403 68 \"-\" \"curl/7.88.1\"","service":"acquisitions-api","timestamp":"2026-01-13T08:35:52.868Z"}
{"ip":"::1","level":"warn","message":"Bot request blocked","path":"/api","service":"acquisitions-api","timestamp":"2026-01-13T08:36:10.967Z","userAgent":"curl/8.7.1"}
{"level":"info","message":"::1 - - [13/Jan/2026:08:36:10 +0000] \"GET /api HTTP/1.1\" 403 68 \"-\" \"curl/8.7.1\"","service":"acquisitions-api","timestamp":"2026-01-13T08:36:10.969Z"}
{"ip":"::1","level":"warn","message":"Bot request blocked","path":"/api","service":"acquisitions-api","timestamp":"2026-01-13T08:36:10.991Z","userAgent":"curl/8.7.1"}
{"level":"info","message":"::1 - - [13/Jan/2026:08:36:10 +0000] \"GET /api HTTP/1.1\" 403 68 \"-\" \"curl/8.7.1\"","service":"acquisitions-api","timestamp":"2026-01-13T08:36:10.992Z"}
{"ip":"::1","level":"warn","message":"Bot request blocked","path":"/api","service":"acquisitions-api","timestamp":"2026-01-13T08:36:11.007Z","userAgent":"curl/8.7.1"}
{"level":"info","message":"::1 - - [13/Jan/2026:08:36:11 +0000] \"GET /api HTTP/1.1\" 403 68 \"-\" \"curl/8.7.1\"","service":"acquisitions-api","timestamp":"2026-01-13T08:36:11.008Z"}
{"ip":"::1","level":"warn","message":"Bot request blocked","path":"/api","service":"acquisitions-api","timestamp":"2026-01-13T08:36:11.021Z","userAgent":"curl/8.7.1"}
{"level":"info","message":"::1 - - [13/Jan/2026:08:36:11 +0000] \"GET /api HTTP/1.1\" 403 68 \"-\" \"curl/8.7.1\"","service":"acquisitions-api","timestamp":"2026-01-13T08:36:11.022Z"}
{"ip":"::1","level":"warn","message":"Bot request blocked","path":"/api","service":"acquisitions-api","timestamp":"2026-01-13T08:36:11.034Z","userAgent":"curl/8.7.1"}
{"level":"info","message":"::1 - - [13/Jan/2026:08:36:11 +0000] \"GET /api HTTP/1.1\" 403 68 \"-\" \"curl/8.7.1\"","service":"acquisitions-api","timestamp":"2026-01-13T08:36:11.035Z"}
{"ip":"::1","level":"warn","message":"Bot request blocked","path":"/api","service":"acquisitions-api","timestamp":"2026-01-13T08:36:11.046Z","userAgent":"curl/8.7.1"}
{"level":"info","message":"::1 - - [13/Jan/2026:08:36:11 +0000] \"GET /api HTTP/1.1\" 403 68 \"-\" \"curl/8.7.1\"","service":"acquisitions-api","timestamp":"2026-01-13T08:36:11.047Z"}
{"ip":"::1","level":"warn","message":"Bot request blocked","path":"/api","service":"acquisitions-api","timestamp":"2026-01-13T08:36:11.058Z","userAgent":"curl/8.7.1"}
{"level":"info","message":"::1 - - [13/Jan/2026:08:36:11 +0000] \"GET /api HTTP/1.1\" 403 68 \"-\" \"curl/8.7.1\"","service":"acquisitions-api","timestamp":"2026-01-13T08:36:11.059Z"}
{"ip":"::1","level":"warn","message":"Bot request blocked","path":"/api","service":"acquisitions-api","timestamp":"2026-01-13T08:36:11.071Z","userAgent":"curl/8.7.1"}
{"level":"info","message":"::1 - - [13/Jan/2026:08:36:11 +0000] \"GET /api HTTP/1.1\" 403 68 \"-\" \"curl/8.7.1\"","service":"acquisitions-api","timestamp":"2026-01-13T08:36:11.072Z"}
{"ip":"::1","level":"warn","message":"Bot request blocked","path":"/api","service":"acquisitions-api","timestamp":"2026-01-13T08:36:11.083Z","userAgent":"curl/8.7.1"}
{"level":"info","message":"::1 - - [13/Jan/2026:08:36:11 +0000] \"GET /api HTTP/1.1\" 403 68 \"-\" \"curl/8.7.1\"","service":"acquisitions-api","timestamp":"2026-01-13T08:36:11.083Z"}
{"ip":"::1","level":"warn","message":"Bot request blocked","path":"/api","service":"acquisitions-api","timestamp":"2026-01-13T08:36:11.094Z","userAgent":"curl/8.7.1"}
{"level":"info","message":"::1 - - [13/Jan/2026:08:36:11 +0000] \"GET /api HTTP/1.1\" 403 68 \"-\" \"curl/8.7.1\"","service":"acquisitions-api","timestamp":"2026-01-13T08:36:11.094Z"}
{"level":"info","message":"::1 - - [13/Jan/2026:08:37:14 +0000] \"GET /api HTTP/1.1\" 200 41 \"-\" \"curl/8.7.1\"","service":"acquisitions-api","timestamp":"2026-01-13T08:37:14.273Z"}
{"level":"info","message":"::1 - - [13/Jan/2026:08:37:14 +0000] \"GET /api HTTP/1.1\" 200 41 \"-\" \"curl/8.7.1\"","service":"acquisitions-api","timestamp":"2026-01-13T08:37:14.288Z"}
{"level":"info","message":"::1 - - [13/Jan/2026:08:37:14 +0000] \"GET /api HTTP/1.1\" 200 41 \"-\" \"curl/8.7.1\"","service":"acquisitions-api","timestamp":"2026-01-13T08:37:14.304Z"}
{"level":"info","message":"::1 - - [13/Jan/2026:08:37:14 +0000] \"GET /api HTTP/1.1\" 200 41 \"-\" \"curl/8.7.1\"","service":"acquisitions-api","timestamp":"2026-01-13T08:37:14.317Z"}
{"level":"info","message":"::1 - - [13/Jan/2026:08:37:14 +0000] \"GET /api HTTP/1.1\" 200 41 \"-\" \"curl/8.7.1\"","service":"acquisitions-api","timestamp":"2026-01-13T08:37:14.330Z"}
{"level":"info","message":"::1 - - [13/Jan/2026:08:37:14 +0000] \"GET /api HTTP/1.1\" 200 41 \"-\" \"curl/8.7.1\"","service":"acquisitions-api","timestamp":"2026-01-13T08:37:14.341Z"}
{"level":"info","message":"::1 - - [13/Jan/2026:08:37:14 +0000] \"GET /api HTTP/1.1\" 200 41 \"-\" \"curl/8.7.1\"","service":"acquisitions-api","timestamp":"2026-01-13T08:37:14.352Z"}
{"level":"info","message":"::1 - - [13/Jan/2026:08:37:14 +0000] \"GET /api HTTP/1.1\" 200 41 \"-\" \"curl/8.7.1\"","service":"acquisitions-api","timestamp":"2026-01-13T08:37:14.364Z"}
{"level":"info","message":"::1 - - [13/Jan/2026:08:37:14 +0000] \"GET /api HTTP/1.1\" 200 41 \"-\" \"curl/8.7.1\"","service":"acquisitions-api","timestamp":"2026-01-13T08:37:14.377Z"}
{"level":"info","message":"::1 - - [13/Jan/2026:08:37:14 +0000] \"GET /api HTTP/1.1\" 200 41 \"-\" \"curl/8.7.1\"","service":"acquisitions-api","timestamp":"2026-01-13T08:37:14.387Z"}
{"level":"info","message":"::1 - - [13/Jan/2026:08:39:05 +0000] \"GET /api HTTP/1.1\" 500 95 \"-\" \"curl/8.7.1\"","service":"acquisitions-api","timestamp":"2026-01-13T08:39:05.591Z"}
{"level":"info","message":"::1 - - [13/Jan/2026:08:39:05 +0000] \"GET /api HTTP/1.1\" 500 95 \"-\" \"curl/8.7.1\"","service":"acquisitions-api","timestamp":"2026-01-13T08:39:05.607Z"}
{"level":"info","message":"::1 - - [13/Jan/2026:08:39:05 +0000] \"GET /api HTTP/1.1\" 500 95 \"-\" \"curl/8.7.1\"","service":"acquisitions-api","timestamp":"2026-01-13T08:39:05.622Z"}
{"level":"info","message":"::1 - - [13/Jan/2026:08:39:05 +0000] \"GET /api HTTP/1.1\" 500 95 \"-\" \"curl/8.7.1\"","service":"acquisitions-api","timestamp":"2026-01-13T08:39:05.634Z"}
{"level":"info","message":"::1 - - [13/Jan/2026:08:39:05 +0000] \"GET /api HTTP/1.1\" 500 95 \"-\" \"curl/8.7.1\"","service":"acquisitions-api","timestamp":"2026-01-13T08:39:05.642Z"}
{"level":"info","message":"::1 - - [13/Jan/2026:08:39:05 +0000] \"GET /api HTTP/1.1\" 500 95 \"-\" \"curl/8.7.1\"","service":"acquisitions-api","timestamp":"2026-01-13T08:39:05.650Z"}
{"level":"info","message":"::1 - - [13/Jan/2026:08:39:05 +0000] \"GET /api HTTP/1.1\" 500 95 \"-\" \"curl/8.7.1\"","service":"acquisitions-api","timestamp":"2026-01-13T08:39:05.658Z"}
{"level":"info","message":"::1 - - [13/Jan/2026:08:39:05 +0000] \"GET /api HTTP/1.1\" 500 95 \"-\" \"curl/8.7.1\"","service":"acquisitions-api","timestamp":"2026-01-13T08:39:05.665Z"}
{"level":"info","message":"::1 - - [13/Jan/2026:08:39:05 +0000] \"GET /api HTTP/1.1\" 500 95 \"-\" \"curl/8.7.1\"","service":"acquisitions-api","timestamp":"2026-01-13T08:39:05.673Z"}
{"level":"info","message":"::1 - - [13/Jan/2026:08:39:05 +0000] \"GET /api HTTP/1.1\" 500 95 \"-\" \"curl/8.7.1\"","service":"acquisitions-api","timestamp":"2026-01-13T08:39:05.680Z"}
{"level":"info","message":"::1 - - [13/Jan/2026:08:41:14 +0000] \"GET /api HTTP/1.1\" 200 41 \"-\" \"curl/8.7.1\"","service":"acquisitions-api","timestamp":"2026-01-13T08:41:14.844Z"}
{"level":"info","message":"::1 - - [13/Jan/2026:08:41:14 +0000] \"GET /api HTTP/1.1\" 200 41 \"-\" \"curl/8.7.1\"","service":"acquisitions-api","timestamp":"2026-01-13T08:41:14.862Z"}
{"level":"info","message":"::1 - - [13/Jan/2026:08:41:14 +0000] \"GET /api HTTP/1.1\" 200 41 \"-\" \"curl/8.7.1\"","service":"acquisitions-api","timestamp":"2026-01-13T08:41:14.880Z"}
{"level":"info","message":"::1 - - [13/Jan/2026:08:41:14 +0000] \"GET /api HTTP/1.1\" 200 41 \"-\" \"curl/8.7.1\"","service":"acquisitions-api","timestamp":"2026-01-13T08:41:14.897Z"}
{"level":"info","message":"::1 - - [13/Jan/2026:08:41:14 +0000] \"GET /api HTTP/1.1\" 200 41 \"-\" \"curl/8.7.1\"","service":"acquisitions-api","timestamp":"2026-01-13T08:41:14.910Z"}
{"level":"info","message":"::1 - - [13/Jan/2026:08:41:14 +0000] \"GET /api HTTP/1.1\" 200 41 \"-\" \"curl/8.7.1\"","service":"acquisitions-api","timestamp":"2026-01-13T08:41:14.923Z"}
{"level":"info","message":"::1 - - [13/Jan/2026:08:41:14 +0000] \"GET /api HTTP/1.1\" 200 41 \"-\" \"curl/8.7.1\"","service":"acquisitions-api","timestamp":"2026-01-13T08:41:14.934Z"}
{"level":"info","message":"::1 - - [13/Jan/2026:08:41:14 +0000] \"GET /api HTTP/1.1\" 200 41 \"-\" \"curl/8.7.1\"","service":"acquisitions-api","timestamp":"2026-01-13T08:41:14.946Z"}
{"level":"info","message":"::1 - - [13/Jan/2026:08:41:14 +0000] \"GET /api HTTP/1.1\" 200 41 \"-\" \"curl/8.7.1\"","service":"acquisitions-api","timestamp":"2026-01-13T08:41:14.959Z"}
{"level":"info","message":"::1 - - [13/Jan/2026:08:41:14 +0000] \"GET /api HTTP/1.1\" 200 41 \"-\" \"curl/8.7.1\"","service":"acquisitions-api","timestamp":"2026-01-13T08:41:14.971Z"}
{"level":"info","message":"::1 - - [13/Jan/2026:08:41:26 +0000] \"GET /api HTTP/1.1\" 200 41 \"-\" \"curl/8.7.1\"","service":"acquisitions-api","timestamp":"2026-01-13T08:41:26.450Z"}
{"level":"info","message":"::1 - - [13/Jan/2026:08:41:26 +0000] \"GET /api HTTP/1.1\" 200 41 \"-\" \"curl/8.7.1\"","service":"acquisitions-api","timestamp":"2026-01-13T08:41:26.474Z"}
{"level":"info","message":"::1 - - [13/Jan/2026:08:41:26 +0000] \"GET /api HTTP/1.1\" 200 41 \"-\" \"curl/8.7.1\"","service":"acquisitions-api","timestamp":"2026-01-13T08:41:26.491Z"}
{"level":"info","message":"::1 - - [13/Jan/2026:08:41:26 +0000] \"GET /api HTTP/1.1\" 200 41 \"-\" \"curl/8.7.1\"","service":"acquisitions-api","timestamp":"2026-01-13T08:41:26.505Z"}
{"level":"info","message":"::1 - - [13/Jan/2026:08:41:26 +0000] \"GET /api HTTP/1.1\" 200 41 \"-\" \"curl/8.7.1\"","service":"acquisitions-api","timestamp":"2026-01-13T08:41:26.518Z"}
{"level":"info","message":"::1 - - [13/Jan/2026:08:41:26 +0000] \"GET /api HTTP/1.1\" 200 41 \"-\" \"curl/8.7.1\"","service":"acquisitions-api","timestamp":"2026-01-13T08:41:26.530Z"}
{"level":"info","message":"::1 - - [13/Jan/2026:08:41:26 +0000] \"GET /api HTTP/1.1\" 200 41 \"-\" \"curl/8.7.1\"","service":"acquisitions-api","timestamp":"2026-01-13T08:41:26.542Z"}
{"level":"info","message":"::1 - - [13/Jan/2026:08:41:26 +0000] \"GET /api HTTP/1.1\" 200 41 \"-\" \"curl/8.7.1\"","service":"acquisitions-api","timestamp":"2026-01-13T08:41:26.555Z"}
{"level":"info","message":"::1 - - [13/Jan/2026:08:41:26 +0000] \"GET /api HTTP/1.1\" 200 41 \"-\" \"curl/8.7.1\"","service":"acquisitions-api","timestamp":"2026-01-13T08:41:26.566Z"}
{"level":"info","message":"::1 - - [13/Jan/2026:08:41:26 +0000] \"GET /api HTTP/1.1\" 200 41 \"-\" \"curl/8.7.1\"","service":"acquisitions-api","timestamp":"2026-01-13T08:41:26.577Z"}
{"level":"info","message":"::1 - - [13/Jan/2026:08:41:26 +0000] \"GET /api HTTP/1.1\" 200 41 \"-\" \"curl/8.7.1\"","service":"acquisitions-api","timestamp":"2026-01-13T08:41:26.587Z"}
{"level":"info","message":"::1 - - [13/Jan/2026:08:41:26 +0000] \"GET /api HTTP/1.1\" 200 41 \"-\" \"curl/8.7.1\"","service":"acquisitions-api","timestamp":"2026-01-13T08:41:26.599Z"}
{"level":"info","message":"::1 - - [13/Jan/2026:08:41:26 +0000] \"GET /api HTTP/1.1\" 200 41 \"-\" \"curl/8.7.1\"","service":"acquisitions-api","timestamp":"2026-01-13T08:41:26.609Z"}
{"level":"info","message":"::1 - - [13/Jan/2026:08:41:26 +0000] \"GET /api HTTP/1.1\" 200 41 \"-\" \"curl/8.7.1\"","service":"acquisitions-api","timestamp":"2026-01-13T08:41:26.619Z"}
{"level":"info","message":"::1 - - [13/Jan/2026:08:41:26 +0000] \"GET /api HTTP/1.1\" 200 41 \"-\" \"curl/8.7.1\"","service":"acquisitions-api","timestamp":"2026-01-13T08:41:26.630Z"}
{"level":"info","message":"::1 - - [13/Jan/2026:08:41:26 +0000] \"GET /api HTTP/1.1\" 200 41 \"-\" \"curl/8.7.1\"","service":"acquisitions-api","timestamp":"2026-01-13T08:41:26.641Z"}
{"level":"info","message":"::1 - - [13/Jan/2026:08:41:26 +0000] \"GET /api HTTP/1.1\" 200 41 \"-\" \"curl/8.7.1\"","service":"acquisitions-api","timestamp":"2026-01-13T08:41:26.652Z"}
{"level":"info","message":"::1 - - [13/Jan/2026:08:41:26 +0000] \"GET /api HTTP/1.1\" 200 41 \"-\" \"curl/8.7.1\"","service":"acquisitions-api","timestamp":"2026-01-13T08:41:26.662Z"}
{"level":"info","message":"::1 - - [13/Jan/2026:08:41:26 +0000] \"GET /api HTTP/1.1\" 200 41 \"-\" \"curl/8.7.1\"","service":"acquisitions-api","timestamp":"2026-01-13T08:41:26.672Z"}
{"level":"info","message":"::1 - - [13/Jan/2026:08:41:26 +0000] \"GET /api HTTP/1.1\" 200 41 \"-\" \"curl/8.7.1\"","service":"acquisitions-api","timestamp":"2026-01-13T08:41:26.682Z"}
{"level":"info","message":"::1 - - [13/Jan/2026:08:41:26 +0000] \"GET /api HTTP/1.1\" 200 41 \"-\" \"curl/8.7.1\"","service":"acquisitions-api","timestamp":"2026-01-13T08:41:26.693Z"}
{"level":"info","message":"::1 - - [13/Jan/2026:08:41:26 +0000] \"GET /api HTTP/1.1\" 200 41 \"-\" \"curl/8.7.1\"","service":"acquisitions-api","timestamp":"2026-01-13T08:41:26.703Z"}
{"level":"info","message":"::1 - - [13/Jan/2026:08:41:26 +0000] \"GET /api HTTP/1.1\" 200 41 \"-\" \"curl/8.7.1\"","service":"acquisitions-api","timestamp":"2026-01-13T08:41:26.735Z"}
{"level":"info","message":"::1 - - [13/Jan/2026:08:41:26 +0000] \"GET /api HTTP/1.1\" 200 41 \"-\" \"curl/8.7.1\"","service":"acquisitions-api","timestamp":"2026-01-13T08:41:26.748Z"}
{"level":"info","message":"::1 - - [13/Jan/2026:08:41:26 +0000] \"GET /api HTTP/1.1\" 200 41 \"-\" \"curl/8.7.1\"","service":"acquisitions-api","timestamp":"2026-01-13T08:41:26.758Z"}
{"level":"info","message":"::1 - - [13/Jan/2026:08:41:26 +0000] \"GET /api HTTP/1.1\" 200 41 \"-\" \"curl/8.7.1\"","service":"acquisitions-api","timestamp":"2026-01-13T08:41:26.768Z"}
{"level":"info","message":"::1 - - [13/Jan/2026:08:41:26 +0000] \"GET /api HTTP/1.1\" 200 41 \"-\" \"curl/8.7.1\"","service":"acquisitions-api","timestamp":"2026-01-13T08:41:26.779Z"}
{"level":"info","message":"::1 - - [13/Jan/2026:08:41:26 +0000] \"GET /api HTTP/1.1\" 200 41 \"-\" \"curl/8.7.1\"","service":"acquisitions-api","timestamp":"2026-01-13T08:41:26.790Z"}
{"level":"info","message":"::1 - - [13/Jan/2026:08:41:26 +0000] \"GET /api HTTP/1.1\" 200 41 \"-\" \"curl/8.7.1\"","service":"acquisitions-api","timestamp":"2026-01-13T08:41:26.799Z"}
{"level":"info","message":"::1 - - [13/Jan/2026:08:41:26 +0000] \"GET /api HTTP/1.1\" 200 41 \"-\" \"curl/8.7.1\"","service":"acquisitions-api","timestamp":"2026-01-13T08:41:26.809Z"}
{"level":"info","message":"::1 - - [13/Jan/2026:08:41:26 +0000] \"GET /api HTTP/1.1\" 200 41 \"-\" \"curl/8.7.1\"","service":"acquisitions-api","timestamp":"2026-01-13T08:41:26.819Z"}
{"level":"info","message":"::1 - - [13/Jan/2026:08:41:26 +0000] \"GET /api HTTP/1.1\" 200 41 \"-\" \"curl/8.7.1\"","service":"acquisitions-api","timestamp":"2026-01-13T08:41:26.829Z"}
{"level":"info","message":"::1 - - [13/Jan/2026:08:41:26 +0000] \"GET /api HTTP/1.1\" 200 41 \"-\" \"curl/8.7.1\"","service":"acquisitions-api","timestamp":"2026-01-13T08:41:26.839Z"}
{"level":"info","message":"::1 - - [13/Jan/2026:08:41:26 +0000] \"GET /api HTTP/1.1\" 200 41 \"-\" \"curl/8.7.1\"","service":"acquisitions-api","timestamp":"2026-01-13T08:41:26.848Z"}
{"level":"info","message":"::1 - - [13/Jan/2026:08:41:26 +0000] \"GET /api HTTP/1.1\" 200 41 \"-\" \"curl/8.7.1\"","service":"acquisitions-api","timestamp":"2026-01-13T08:41:26.858Z"}
{"level":"info","message":"::1 - - [13/Jan/2026:08:41:26 +0000] \"GET /api HTTP/1.1\" 200 41 \"-\" \"curl/8.7.1\"","service":"acquisitions-api","timestamp":"2026-01-13T08:41:26.869Z"}
{"level":"info","message":"::1 - - [13/Jan/2026:08:41:26 +0000] \"GET /api HTTP/1.1\" 200 41 \"-\" \"curl/8.7.1\"","service":"acquisitions-api","timestamp":"2026-01-13T08:41:26.878Z"}
{"level":"info","message":"::1 - - [13/Jan/2026:08:41:26 +0000] \"GET /api HTTP/1.1\" 200 41 \"-\" \"curl/8.7.1\"","service":"acquisitions-api","timestamp":"2026-01-13T08:41:26.888Z"}
{"level":"info","message":"::1 - - [13/Jan/2026:08:41:26 +0000] \"GET /api HTTP/1.1\" 200 41 \"-\" \"curl/8.7.1\"","service":"acquisitions-api","timestamp":"2026-01-13T08:41:26.899Z"}
{"level":"info","message":"::1 - - [13/Jan/2026:08:41:26 +0000] \"GET /api HTTP/1.1\" 200 41 \"-\" \"curl/8.7.1\"","service":"acquisitions-api","timestamp":"2026-01-13T08:41:26.909Z"}
{"level":"info","message":"::1 - - [13/Jan/2026:08:41:26 +0000] \"GET /api HTTP/1.1\" 200 41 \"-\" \"curl/8.7.1\"","service":"acquisitions-api","timestamp":"2026-01-13T08:41:26.919Z"}
{"level":"info","message":"::1 - - [13/Jan/2026:08:41:26 +0000] \"GET /api HTTP/1.1\" 200 41 \"-\" \"curl/8.7.1\"","service":"acquisitions-api","timestamp":"2026-01-13T08:41:26.929Z"}
{"level":"info","message":"::1 - - [13/Jan/2026:08:41:26 +0000] \"GET /api HTTP/1.1\" 200 41 \"-\" \"curl/8.7.1\"","service":"acquisitions-api","timestamp":"2026-01-13T08:41:26.940Z"}
{"level":"info","message":"::1 - - [13/Jan/2026:08:41:26 +0000] \"GET /api HTTP/1.1\" 200 41 \"-\" \"curl/8.7.1\"","service":"acquisitions-api","timestamp":"2026-01-13T08:41:26.949Z"}
{"level":"info","message":"::1 - - [13/Jan/2026:08:41:26 +0000] \"GET /api HTTP/1.1\" 200 41 \"-\" \"curl/8.7.1\"","service":"acquisitions-api","timestamp":"2026-01-13T08:41:26.959Z"}
{"level":"info","message":"::1 - - [13/Jan/2026:08:41:26 +0000] \"GET /api HTTP/1.1\" 200 41 \"-\" \"curl/8.7.1\"","service":"acquisitions-api","timestamp":"2026-01-13T08:41:26.969Z"}
{"level":"info","message":"::1 - - [13/Jan/2026:08:41:26 +0000] \"GET /api HTTP/1.1\" 200 41 \"-\" \"curl/8.7.1\"","service":"acquisitions-api","timestamp":"2026-01-13T08:41:26.978Z"}
{"level":"info","message":"::1 - - [13/Jan/2026:08:41:26 +0000] \"GET /api HTTP/1.1\" 200 41 \"-\" \"curl/8.7.1\"","service":"acquisitions-api","timestamp":"2026-01-13T08:41:26.988Z"}
{"level":"info","message":"::1 - - [13/Jan/2026:08:41:26 +0000] \"GET /api HTTP/1.1\" 200 41 \"-\" \"curl/8.7.1\"","service":"acquisitions-api","timestamp":"2026-01-13T08:41:26.999Z"}
{"level":"info","message":"::1 - - [13/Jan/2026:08:41:27 +0000] \"GET /api HTTP/1.1\" 200 41 \"-\" \"curl/8.7.1\"","service":"acquisitions-api","timestamp":"2026-01-13T08:41:27.009Z"}
{"level":"info","message":"::1 - - [13/Jan/2026:08:41:27 +0000] \"GET /api HTTP/1.1\" 200 41 \"-\" \"curl/8.7.1\"","service":"acquisitions-api","timestamp":"2026-01-13T08:41:27.018Z"}
{"level":"info","message":"::1 - - [13/Jan/2026:08:41:27 +0000] \"GET /api HTTP/1.1\" 200 41 \"-\" \"curl/8.7.1\"","service":"acquisitions-api","timestamp":"2026-01-13T08:41:27.028Z"}
{"level":"info","message":"::1 - - [13/Jan/2026:08:41:27 +0000] \"GET /api HTTP/1.1\" 200 41 \"-\" \"curl/8.7.1\"","service":"acquisitions-api","timestamp":"2026-01-13T08:41:27.038Z"}
{"level":"info","message":"::1 - - [13/Jan/2026:08:41:27 +0000] \"GET /api HTTP/1.1\" 200 41 \"-\" \"curl/8.7.1\"","service":"acquisitions-api","timestamp":"2026-01-13T08:41:27.047Z"}
{"level":"info","message":"::1 - - [13/Jan/2026:08:41:27 +0000] \"GET /api HTTP/1.1\" 200 41 \"-\" \"curl/8.7.1\"","service":"acquisitions-api","timestamp":"2026-01-13T08:41:27.058Z"}
{"level":"info","message":"::1 - - [13/Jan/2026:08:41:27 +0000] \"GET /api HTTP/1.1\" 200 41 \"-\" \"curl/8.7.1\"","service":"acquisitions-api","timestamp":"2026-01-13T08:41:27.068Z"}
{"level":"info","message":"::1 - - [13/Jan/2026:08:41:27 +0000] \"GET /api HTTP/1.1\" 200 41 \"-\" \"curl/8.7.1\"","service":"acquisitions-api","timestamp":"2026-01-13T08:41:27.078Z"}
{"level":"info","message":"::1 - - [13/Jan/2026:08:41:27 +0000] \"GET /api HTTP/1.1\" 200 41 \"-\" \"curl/8.7.1\"","service":"acquisitions-api","timestamp":"2026-01-13T08:41:27.089Z"}
{"level":"info","message":"::1 - - [13/Jan/2026:08:41:27 +0000] \"GET /api HTTP/1.1\" 200 41 \"-\" \"curl/8.7.1\"","service":"acquisitions-api","timestamp":"2026-01-13T08:41:27.098Z"}
{"level":"info","message":"::1 - - [13/Jan/2026:08:41:27 +0000] \"GET /api HTTP/1.1\" 200 41 \"-\" \"curl/8.7.1\"","service":"acquisitions-api","timestamp":"2026-01-13T08:41:27.108Z"}
{"level":"info","message":"::1 - - [13/Jan/2026:08:41:27 +0000] \"GET /api HTTP/1.1\" 200 41 \"-\" \"curl/8.7.1\"","service":"acquisitions-api","timestamp":"2026-01-13T08:41:27.117Z"}
{"level":"info","message":"::1 - - [13/Jan/2026:08:41:27 +0000] \"GET /api HTTP/1.1\" 200 41 \"-\" \"curl/8.7.1\"","service":"acquisitions-api","timestamp":"2026-01-13T08:41:27.127Z"}
{"level":"info","message":"::1 - - [13/Jan/2026:08:41:27 +0000] \"GET /api HTTP/1.1\" 200 41 \"-\" \"curl/8.7.1\"","service":"acquisitions-api","timestamp":"2026-01-13T08:41:27.135Z"}
{"level":"info","message":"::1 - - [13/Jan/2026:08:41:27 +0000] \"GET /api HTTP/1.1\" 200 41 \"-\" \"curl/8.7.1\"","service":"acquisitions-api","timestamp":"2026-01-13T08:41:27.146Z"}
{"level":"info","message":"::1 - - [13/Jan/2026:08:41:27 +0000] \"GET /api HTTP/1.1\" 200 41 \"-\" \"curl/8.7.1\"","service":"acquisitions-api","timestamp":"2026-01-13T08:41:27.155Z"}
{"level":"info","message":"::1 - - [13/Jan/2026:08:41:27 +0000] \"GET /api HTTP/1.1\" 200 41 \"-\" \"curl/8.7.1\"","service":"acquisitions-api","timestamp":"2026-01-13T08:41:27.164Z"}
{"level":"info","message":"::1 - - [13/Jan/2026:08:41:27 +0000] \"GET /api HTTP/1.1\" 200 41 \"-\" \"curl/8.7.1\"","service":"acquisitions-api","timestamp":"2026-01-13T08:41:27.175Z"}
{"level":"info","message":"::1 - - [13/Jan/2026:08:41:27 +0000] \"GET /api HTTP/1.1\" 200 41 \"-\" \"curl/8.7.1\"","service":"acquisitions-api","timestamp":"2026-01-13T08:41:27.185Z"}
{"level":"info","message":"::1 - - [13/Jan/2026:08:41:27 +0000] \"GET /api HTTP/1.1\" 200 41 \"-\" \"curl/8.7.1\"","service":"acquisitions-api","timestamp":"2026-01-13T08:41:27.194Z"}
{"level":"info","message":"::1 - - [13/Jan/2026:08:41:27 +0000] \"GET /api HTTP/1.1\" 200 41 \"-\" \"curl/8.7.1\"","service":"acquisitions-api","timestamp":"2026-01-13T08:41:27.204Z"}
{"level":"info","message":"::1 - - [13/Jan/2026:08:41:27 +0000] \"GET /api HTTP/1.1\" 200 41 \"-\" \"curl/8.7.1\"","service":"acquisitions-api","timestamp":"2026-01-13T08:41:27.214Z"}
{"level":"info","message":"::1 - - [13/Jan/2026:08:41:27 +0000] \"GET /api HTTP/1.1\" 200 41 \"-\" \"curl/8.7.1\"","service":"acquisitions-api","timestamp":"2026-01-13T08:41:27.224Z"}
{"level":"info","message":"::1 - - [13/Jan/2026:08:41:27 +0000] \"GET /api HTTP/1.1\" 200 41 \"-\" \"curl/8.7.1\"","service":"acquisitions-api","timestamp":"2026-01-13T08:41:27.233Z"}
{"level":"info","message":"::1 - - [13/Jan/2026:08:41:27 +0000] \"GET /api HTTP/1.1\" 200 41 \"-\" \"curl/8.7.1\"","service":"acquisitions-api","timestamp":"2026-01-13T08:41:27.244Z"}
{"level":"info","message":"::1 - - [13/Jan/2026:08:41:27 +0000] \"GET /api HTTP/1.1\" 200 41 \"-\" \"curl/8.7.1\"","service":"acquisitions-api","timestamp":"2026-01-13T08:41:27.253Z"}
{"level":"info","message":"::1 - - [13/Jan/2026:08:41:27 +0000] \"GET /api HTTP/1.1\" 200 41 \"-\" \"curl/8.7.1\"","service":"acquisitions-api","timestamp":"2026-01-13T08:41:27.263Z"}
{"level":"info","message":"::1 - - [13/Jan/2026:08:41:27 +0000] \"GET /api HTTP/1.1\" 200 41 \"-\" \"curl/8.7.1\"","service":"acquisitions-api","timestamp":"2026-01-13T08:41:27.273Z"}
{"level":"info","message":"::1 - - [13/Jan/2026:08:41:27 +0000] \"GET /api HTTP/1.1\" 200 41 \"-\" \"curl/8.7.1\"","service":"acquisitions-api","timestamp":"2026-01-13T08:41:27.283Z"}
{"level":"info","message":"::1 - - [13/Jan/2026:08:41:27 +0000] \"GET /api HTTP/1.1\" 200 41 \"-\" \"curl/8.7.1\"","service":"acquisitions-api","timestamp":"2026-01-13T08:41:27.292Z"}
{"level":"info","message":"::1 - - [13/Jan/2026:08:41:27 +0000] \"GET /api HTTP/1.1\" 200 41 \"-\" \"curl/8.7.1\"","service":"acquisitions-api","timestamp":"2026-01-13T08:41:27.302Z"}
{"level":"info","message":"::1 - - [13/Jan/2026:08:41:27 +0000] \"GET /api HTTP/1.1\" 200 41 \"-\" \"curl/8.7.1\"","service":"acquisitions-api","timestamp":"2026-01-13T08:41:27.311Z"}
{"level":"info","message":"::1 - - [13/Jan/2026:08:41:27 +0000] \"GET /api HTTP/1.1\" 200 41 \"-\" \"curl/8.7.1\"","service":"acquisitions-api","timestamp":"2026-01-13T08:41:27.321Z"}
{"level":"info","message":"::1 - - [13/Jan/2026:08:41:27 +0000] \"GET /api HTTP/1.1\" 200 41 \"-\" \"curl/8.7.1\"","service":"acquisitions-api","timestamp":"2026-01-13T08:41:27.332Z"}
{"level":"info","message":"::1 - - [13/Jan/2026:08:41:27 +0000] \"GET /api HTTP/1.1\" 200 41 \"-\" \"curl/8.7.1\"","service":"acquisitions-api","timestamp":"2026-01-13T08:41:27.342Z"}
{"level":"info","message":"::1 - - [13/Jan/2026:08:41:27 +0000] \"GET /api HTTP/1.1\" 200 41 \"-\" \"curl/8.7.1\"","service":"acquisitions-api","timestamp":"2026-01-13T08:41:27.352Z"}
{"level":"info","message":"::1 - - [13/Jan/2026:08:41:27 +0000] \"GET /api HTTP/1.1\" 200 41 \"-\" \"curl/8.7.1\"","service":"acquisitions-api","timestamp":"2026-01-13T08:41:27.362Z"}
{"level":"info","message":"::1 - - [13/Jan/2026:08:41:27 +0000] \"GET /api HTTP/1.1\" 200 41 \"-\" \"curl/8.7.1\"","service":"acquisitions-api","timestamp":"2026-01-13T08:41:27.371Z"}
{"level":"info","message":"::1 - - [13/Jan/2026:08:41:27 +0000] \"GET /api HTTP/1.1\" 200 41 \"-\" \"curl/8.7.1\"","service":"acquisitions-api","timestamp":"2026-01-13T08:41:27.381Z"}
{"level":"info","message":"::1 - - [13/Jan/2026:08:41:27 +0000] \"GET /api HTTP/1.1\" 200 41 \"-\" \"curl/8.7.1\"","service":"acquisitions-api","timestamp":"2026-01-13T08:41:27.392Z"}
{"level":"info","message":"::1 - - [13/Jan/2026:08:41:27 +0000] \"GET /api HTTP/1.1\" 200 41 \"-\" \"curl/8.7.1\"","service":"acquisitions-api","timestamp":"2026-01-13T08:41:27.401Z"}
{"level":"info","message":"::1 - - [13/Jan/2026:08:41:27 +0000] \"GET /api HTTP/1.1\" 200 41 \"-\" \"curl/8.7.1\"","service":"acquisitions-api","timestamp":"2026-01-13T08:41:27.412Z"}
{"level":"info","message":"::1 - - [13/Jan/2026:08:41:27 +0000] \"GET /api HTTP/1.1\" 200 41 \"-\" \"curl/8.7.1\"","service":"acquisitions-api","timestamp":"2026-01-13T08:41:27.422Z"}
{"level":"info","message":"::1 - - [13/Jan/2026:08:41:27 +0000] \"GET /api HTTP/1.1\" 200 41 \"-\" \"curl/8.7.1\"","service":"acquisitions-api","timestamp":"2026-01-13T08:41:27.433Z"}
{"level":"info","message":"::1 - - [13/Jan/2026:08:41:27 +0000] \"GET /api HTTP/1.1\" 200 41 \"-\" \"curl/8.7.1\"","service":"acquisitions-api","timestamp":"2026-01-13T08:41:27.443Z"}
{"level":"info","message":"::1 - - [13/Jan/2026:08:41:27 +0000] \"GET /api HTTP/1.1\" 200 41 \"-\" \"curl/8.7.1\"","service":"acquisitions-api","timestamp":"2026-01-13T08:41:27.453Z"}
{"level":"info","message":"::1 - - [13/Jan/2026:08:41:27 +0000] \"GET /api HTTP/1.1\" 200 41 \"-\" \"curl/8.7.1\"","service":"acquisitions-api","timestamp":"2026-01-13T08:41:27.464Z"}
{"level":"info","message":"::1 - - [13/Jan/2026:08:41:27 +0000] \"GET /api HTTP/1.1\" 200 41 \"-\" \"curl/8.7.1\"","service":"acquisitions-api","timestamp":"2026-01-13T08:41:27.475Z"}
{"level":"info","message":"::1 - - [13/Jan/2026:08:41:27 +0000] \"GET /api HTTP/1.1\" 200 41 \"-\" \"curl/8.7.1\"","service":"acquisitions-api","timestamp":"2026-01-13T08:41:27.486Z"}
{"level":"info","message":"::1 - - [13/Jan/2026:08:41:27 +0000] \"GET /api HTTP/1.1\" 200 41 \"-\" \"curl/8.7.1\"","service":"acquisitions-api","timestamp":"2026-01-13T08:41:27.495Z"}
{"level":"info","message":"::1 - - [13/Jan/2026:08:41:27 +0000] \"GET /api HTTP/1.1\" 200 41 \"-\" \"curl/8.7.1\"","service":"acquisitions-api","timestamp":"2026-01-13T08:41:27.506Z"}
{"level":"info","message":"::1 - - [13/Jan/2026:08:41:38 +0000] \"GET /api HTTP/1.1\" 200 41 \"-\" \"curl/8.7.1\"","service":"acquisitions-api","timestamp":"2026-01-13T08:41:38.058Z"}
{"level":"info","message":"::1 - - [13/Jan/2026:08:41:38 +0000] \"GET /api HTTP/1.1\" 200 41 \"-\" \"curl/8.7.1\"","service":"acquisitions-api","timestamp":"2026-01-13T08:41:38.081Z"}
{"level":"info","message":"::1 - - [13/Jan/2026:08:41:38 +0000] \"GET /api HTTP/1.1\" 200 41 \"-\" \"curl/8.7.1\"","service":"acquisitions-api","timestamp":"2026-01-13T08:41:38.096Z"}
{"level":"info","message":"::1 - - [13/Jan/2026:08:41:38 +0000] \"GET /api HTTP/1.1\" 200 41 \"-\" \"curl/8.7.1\"","service":"acquisitions-api","timestamp":"2026-01-13T08:41:38.109Z"}
{"level":"info","message":"::1 - - [13/Jan/2026:08:41:38 +0000] \"GET /api HTTP/1.1\" 200 41 \"-\" \"curl/8.7.1\"","service":"acquisitions-api","timestamp":"2026-01-13T08:41:38.122Z"}
{"level":"info","message":"::1 - - [13/Jan/2026:08:41:38 +0000] \"GET /api HTTP/1.1\" 200 41 \"-\" \"curl/8.7.1\"","service":"acquisitions-api","timestamp":"2026-01-13T08:41:38.134Z"}
{"level":"info","message":"::1 - - [13/Jan/2026:08:41:38 +0000] \"GET /api HTTP/1.1\" 200 41 \"-\" \"curl/8.7.1\"","service":"acquisitions-api","timestamp":"2026-01-13T08:41:38.146Z"}
{"level":"info","message":"::1 - - [13/Jan/2026:08:41:38 +0000] \"GET /api HTTP/1.1\" 200 41 \"-\" \"curl/8.7.1\"","service":"acquisitions-api","timestamp":"2026-01-13T08:41:38.158Z"}
{"level":"info","message":"::1 - - [13/Jan/2026:08:41:38 +0000] \"GET /api HTTP/1.1\" 200 41 \"-\" \"curl/8.7.1\"","service":"acquisitions-api","timestamp":"2026-01-13T08:41:38.169Z"}
{"level":"info","message":"::1 - - [13/Jan/2026:08:41:38 +0000] \"GET /api HTTP/1.1\" 200 41 \"-\" \"curl/8.7.1\"","service":"acquisitions-api","timestamp":"2026-01-13T08:41:38.180Z"}
{"level":"info","message":"::1 - - [13/Jan/2026:08:41:38 +0000] \"GET /api HTTP/1.1\" 200 41 \"-\" \"curl/8.7.1\"","service":"acquisitions-api","timestamp":"2026-01-13T08:41:38.191Z"}
{"level":"info","message":"::1 - - [13/Jan/2026:08:41:38 +0000] \"GET /api HTTP/1.1\" 200 41 \"-\" \"curl/8.7.1\"","service":"acquisitions-api","timestamp":"2026-01-13T08:41:38.201Z"}
{"level":"info","message":"::1 - - [13/Jan/2026:08:41:38 +0000] \"GET /api HTTP/1.1\" 200 41 \"-\" \"curl/8.7.1\"","service":"acquisitions-api","timestamp":"2026-01-13T08:41:38.212Z"}
{"level":"info","message":"::1 - - [13/Jan/2026:08:41:38 +0000] \"GET /api HTTP/1.1\" 200 41 \"-\" \"curl/8.7.1\"","service":"acquisitions-api","timestamp":"2026-01-13T08:41:38.224Z"}
{"level":"info","message":"::1 - - [13/Jan/2026:08:41:38 +0000] \"GET /api HTTP/1.1\" 200 41 \"-\" \"curl/8.7.1\"","service":"acquisitions-api","timestamp":"2026-01-13T08:41:38.234Z"}
{"level":"info","message":"::1 - - [13/Jan/2026:08:41:38 +0000] \"GET /api HTTP/1.1\" 200 41 \"-\" \"curl/8.7.1\"","service":"acquisitions-api","timestamp":"2026-01-13T08:41:38.245Z"}
{"level":"info","message":"::1 - - [13/Jan/2026:08:41:38 +0000] \"GET /api HTTP/1.1\" 200 41 \"-\" \"curl/8.7.1\"","service":"acquisitions-api","timestamp":"2026-01-13T08:41:38.255Z"}
{"level":"info","message":"::1 - - [13/Jan/2026:08:41:38 +0000] \"GET /api HTTP/1.1\" 200 41 \"-\" \"curl/8.7.1\"","service":"acquisitions-api","timestamp":"2026-01-13T08:41:38.265Z"}
{"level":"info","message":"::1 - - [13/Jan/2026:08:41:38 +0000] \"GET /api HTTP/1.1\" 200 41 \"-\" \"curl/8.7.1\"","service":"acquisitions-api","timestamp":"2026-01-13T08:41:38.275Z"}
{"level":"info","message":"::1 - - [13/Jan/2026:08:41:38 +0000] \"GET /api HTTP/1.1\" 200 41 \"-\" \"curl/8.7.1\"","service":"acquisitions-api","timestamp":"2026-01-13T08:41:38.285Z"}
{"level":"info","message":"::1 - - [13/Jan/2026:08:41:38 +0000] \"GET /api HTTP/1.1\" 200 41 \"-\" \"curl/8.7.1\"","service":"acquisitions-api","timestamp":"2026-01-13T08:41:38.295Z"}
{"level":"info","message":"::1 - - [13/Jan/2026:08:41:38 +0000] \"GET /api HTTP/1.1\" 200 41 \"-\" \"curl/8.7.1\"","service":"acquisitions-api","timestamp":"2026-01-13T08:41:38.306Z"}
{"level":"info","message":"::1 - - [13/Jan/2026:08:41:38 +0000] \"GET /api HTTP/1.1\" 200 41 \"-\" \"curl/8.7.1\"","service":"acquisitions-api","timestamp":"2026-01-13T08:41:38.315Z"}
{"level":"info","message":"::1 - - [13/Jan/2026:08:41:38 +0000] \"GET /api HTTP/1.1\" 200 41 \"-\" \"curl/8.7.1\"","service":"acquisitions-api","timestamp":"2026-01-13T08:41:38.326Z"}
{"level":"info","message":"::1 - - [13/Jan/2026:08:41:38 +0000] \"GET /api HTTP/1.1\" 200 41 \"-\" \"curl/8.7.1\"","service":"acquisitions-api","timestamp":"2026-01-13T08:41:38.335Z"}
{"level":"info","message":"::1 - - [13/Jan/2026:08:41:38 +0000] \"GET /api HTTP/1.1\" 200 41 \"-\" \"curl/8.7.1\"","service":"acquisitions-api","timestamp":"2026-01-13T08:41:38.346Z"}
{"level":"info","message":"::1 - - [13/Jan/2026:08:41:38 +0000] \"GET /api HTTP/1.1\" 200 41 \"-\" \"curl/8.7.1\"","service":"acquisitions-api","timestamp":"2026-01-13T08:41:38.357Z"}
{"level":"info","message":"::1 - - [13/Jan/2026:08:41:38 +0000] \"GET /api HTTP/1.1\" 200 41 \"-\" \"curl/8.7.1\"","service":"acquisitions-api","timestamp":"2026-01-13T08:41:38.367Z"}
{"level":"info","message":"::1 - - [13/Jan/2026:08:41:38 +0000] \"GET /api HTTP/1.1\" 200 41 \"-\" \"curl/8.7.1\"","service":"acquisitions-api","timestamp":"2026-01-13T08:41:38.377Z"}
{"level":"info","message":"::1 - - [13/Jan/2026:08:41:38 +0000] \"GET /api HTTP/1.1\" 200 41 \"-\" \"curl/8.7.1\"","service":"acquisitions-api","timestamp":"2026-01-13T08:41:38.386Z"}
{"level":"info","message":"::1 - - [13/Jan/2026:08:41:38 +0000] \"GET /api HTTP/1.1\" 200 41 \"-\" \"curl/8.7.1\"","service":"acquisitions-api","timestamp":"2026-01-13T08:41:38.396Z"}
{"level":"info","message":"::1 - - [13/Jan/2026:08:41:38 +0000] \"GET /api HTTP/1.1\" 200 41 \"-\" \"curl/8.7.1\"","service":"acquisitions-api","timestamp":"2026-01-13T08:41:38.406Z"}
{"level":"info","message":"::1 - - [13/Jan/2026:08:41:38 +0000] \"GET /api HTTP/1.1\" 200 41 \"-\" \"curl/8.7.1\"","service":"acquisitions-api","timestamp":"2026-01-13T08:41:38.416Z"}
{"level":"info","message":"::1 - - [13/Jan/2026:08:41:38 +0000] \"GET /api HTTP/1.1\" 200 41 \"-\" \"curl/8.7.1\"","service":"acquisitions-api","timestamp":"2026-01-13T08:41:38.426Z"}
{"level":"info","message":"::1 - - [13/Jan/2026:08:41:38 +0000] \"GET /api HTTP/1.1\" 200 41 \"-\" \"curl/8.7.1\"","service":"acquisitions-api","timestamp":"2026-01-13T08:41:38.437Z"}
{"level":"info","message":"::1 - - [13/Jan/2026:08:41:38 +0000] \"GET /api HTTP/1.1\" 200 41 \"-\" \"curl/8.7.1\"","service":"acquisitions-api","timestamp":"2026-01-13T08:41:38.447Z"}
{"level":"info","message":"::1 - - [13/Jan/2026:08:41:38 +0000] \"GET /api HTTP/1.1\" 200 41 \"-\" \"curl/8.7.1\"","service":"acquisitions-api","timestamp":"2026-01-13T08:41:38.456Z"}
{"level":"info","message":"::1 - - [13/Jan/2026:08:41:38 +0000] \"GET /api HTTP/1.1\" 200 41 \"-\" \"curl/8.7.1\"","service":"acquisitions-api","timestamp":"2026-01-13T08:41:38.466Z"}
{"level":"info","message":"::1 - - [13/Jan/2026:08:41:38 +0000] \"GET /api HTTP/1.1\" 200 41 \"-\" \"curl/8.7.1\"","service":"acquisitions-api","timestamp":"2026-01-13T08:41:38.476Z"}
{"level":"info","message":"::1 - - [13/Jan/2026:08:41:38 +0000] \"GET /api HTTP/1.1\" 200 41 \"-\" \"curl/8.7.1\"","service":"acquisitions-api","timestamp":"2026-01-13T08:41:38.485Z"}
{"level":"info","message":"::1 - - [13/Jan/2026:08:41:38 +0000] \"GET /api HTTP/1.1\" 200 41 \"-\" \"curl/8.7.1\"","service":"acquisitions-api","timestamp":"2026-01-13T08:41:38.495Z"}
{"level":"info","message":"::1 - - [13/Jan/2026:08:41:38 +0000] \"GET /api HTTP/1.1\" 200 41 \"-\" \"curl/8.7.1\"","service":"acquisitions-api","timestamp":"2026-01-13T08:41:38.505Z"}
{"level":"info","message":"::1 - - [13/Jan/2026:08:41:38 +0000] \"GET /api HTTP/1.1\" 200 41 \"-\" \"curl/8.7.1\"","service":"acquisitions-api","timestamp":"2026-01-13T08:41:38.514Z"}
{"level":"info","message":"::1 - - [13/Jan/2026:08:41:38 +0000] \"GET /api HTTP/1.1\" 200 41 \"-\" \"curl/8.7.1\"","service":"acquisitions-api","timestamp":"2026-01-13T08:41:38.525Z"}
{"level":"info","message":"::1 - - [13/Jan/2026:08:41:38 +0000] \"GET /api HTTP/1.1\" 200 41 \"-\" \"curl/8.7.1\"","service":"acquisitions-api","timestamp":"2026-01-13T08:41:38.535Z"}
{"level":"info","message":"::1 - - [13/Jan/2026:08:41:38 +0000] \"GET /api HTTP/1.1\" 200 41 \"-\" \"curl/8.7.1\"","service":"acquisitions-api","timestamp":"2026-01-13T08:41:38.545Z"}
{"level":"info","message":"::1 - - [13/Jan/2026:08:41:38 +0000] \"GET /api HTTP/1.1\" 200 41 \"-\" \"curl/8.7.1\"","service":"acquisitions-api","timestamp":"2026-01-13T08:41:38.555Z"}
{"level":"info","message":"::1 - - [13/Jan/2026:08:41:38 +0000] \"GET /api HTTP/1.1\" 200 41 \"-\" \"curl/8.7.1\"","service":"acquisitions-api","timestamp":"2026-01-13T08:41:38.564Z"}
{"level":"info","message":"::1 - - [13/Jan/2026:08:41:38 +0000] \"GET /api HTTP/1.1\" 200 41 \"-\" \"curl/8.7.1\"","service":"acquisitions-api","timestamp":"2026-01-13T08:41:38.575Z"}
{"level":"info","message":"::1 - - [13/Jan/2026:08:41:38 +0000] \"GET /api HTTP/1.1\" 200 41 \"-\" \"curl/8.7.1\"","service":"acquisitions-api","timestamp":"2026-01-13T08:41:38.584Z"}
{"level":"info","message":"::1 - - [13/Jan/2026:08:41:38 +0000] \"GET /api HTTP/1.1\" 200 41 \"-\" \"curl/8.7.1\"","service":"acquisitions-api","timestamp":"2026-01-13T08:41:38.594Z"}
{"level":"info","message":"::1 - - [13/Jan/2026:08:41:38 +0000] \"GET /api HTTP/1.1\" 200 41 \"-\" \"curl/8.7.1\"","service":"acquisitions-api","timestamp":"2026-01-13T08:41:38.603Z"}
{"level":"info","message":"::1 - - [13/Jan/2026:08:41:38 +0000] \"GET /api HTTP/1.1\" 200 41 \"-\" \"curl/8.7.1\"","service":"acquisitions-api","timestamp":"2026-01-13T08:41:38.612Z"}
{"level":"info","message":"::1 - - [13/Jan/2026:08:41:38 +0000] \"GET /api HTTP/1.1\" 200 41 \"-\" \"curl/8.7.1\"","service":"acquisitions-api","timestamp":"2026-01-13T08:41:38.623Z"}
{"level":"info","message":"::1 - - [13/Jan/2026:08:41:38 +0000] \"GET /api HTTP/1.1\" 200 41 \"-\" \"curl/8.7.1\"","service":"acquisitions-api","timestamp":"2026-01-13T08:41:38.633Z"}
{"level":"info","message":"::1 - - [13/Jan/2026:08:41:38 +0000] \"GET /api HTTP/1.1\" 200 41 \"-\" \"curl/8.7.1\"","service":"acquisitions-api","timestamp":"2026-01-13T08:41:38.642Z"}
{"level":"info","message":"::1 - - [13/Jan/2026:08:41:38 +0000] \"GET /api HTTP/1.1\" 200 41 \"-\" \"curl/8.7.1\"","service":"acquisitions-api","timestamp":"2026-01-13T08:41:38.652Z"}
{"level":"info","message":"::1 - - [13/Jan/2026:08:41:38 +0000] \"GET /api HTTP/1.1\" 200 41 \"-\" \"curl/8.7.1\"","service":"acquisitions-api","timestamp":"2026-01-13T08:41:38.662Z"}
{"level":"info","message":"::1 - - [13/Jan/2026:08:41:38 +0000] \"GET /api HTTP/1.1\" 200 41 \"-\" \"curl/8.7.1\"","service":"acquisitions-api","timestamp":"2026-01-13T08:41:38.672Z"}
{"level":"info","message":"::1 - - [13/Jan/2026:08:41:38 +0000] \"GET /api HTTP/1.1\" 200 41 \"-\" \"curl/8.7.1\"","service":"acquisitions-api","timestamp":"2026-01-13T08:41:38.683Z"}
{"level":"info","message":"::1 - - [13/Jan/2026:08:41:38 +0000] \"GET /api HTTP/1.1\" 200 41 \"-\" \"curl/8.7.1\"","service":"acquisitions-api","timestamp":"2026-01-13T08:41:38.694Z"}
{"level":"info","message":"::1 - - [13/Jan/2026:08:41:38 +0000] \"GET /api HTTP/1.1\" 200 41 \"-\" \"curl/8.7.1\"","service":"acquisitions-api","timestamp":"2026-01-13T08:41:38.703Z"}
{"level":"info","message":"::1 - - [13/Jan/2026:08:41:38 +0000] \"GET /api HTTP/1.1\" 200 41 \"-\" \"curl/8.7.1\"","service":"acquisitions-api","timestamp":"2026-01-13T08:41:38.713Z"}
{"level":"info","message":"::1 - - [13/Jan/2026:08:41:38 +0000] \"GET /api HTTP/1.1\" 200 41 \"-\" \"curl/8.7.1\"","service":"acquisitions-api","timestamp":"2026-01-13T08:41:38.724Z"}
{"level":"info","message":"::1 - - [13/Jan/2026:08:41:38 +0000] \"GET /api HTTP/1.1\" 200 41 \"-\" \"curl/8.7.1\"","service":"acquisitions-api","timestamp":"2026-01-13T08:41:38.733Z"}
{"level":"info","message":"::1 - - [13/Jan/2026:08:41:38 +0000] \"GET /api HTTP/1.1\" 200 41 \"-\" \"curl/8.7.1\"","service":"acquisitions-api","timestamp":"2026-01-13T08:41:38.743Z"}
{"level":"info","message":"::1 - - [13/Jan/2026:08:41:38 +0000] \"GET /api HTTP/1.1\" 200 41 \"-\" \"curl/8.7.1\"","service":"acquisitions-api","timestamp":"2026-01-13T08:41:38.753Z"}
{"level":"info","message":"::1 - - [13/Jan/2026:08:41:38 +0000] \"GET /api HTTP/1.1\" 200 41 \"-\" \"curl/8.7.1\"","service":"acquisitions-api","timestamp":"2026-01-13T08:41:38.764Z"}
{"level":"info","message":"::1 - - [13/Jan/2026:08:41:38 +0000] \"GET /api HTTP/1.1\" 200 41 \"-\" \"curl/8.7.1\"","service":"acquisitions-api","timestamp":"2026-01-13T08:41:38.774Z"}
{"level":"info","message":"::1 - - [13/Jan/2026:08:41:38 +0000] \"GET /api HTTP/1.1\" 200 41 \"-\" \"curl/8.7.1\"","service":"acquisitions-api","timestamp":"2026-01-13T08:41:38.783Z"}
{"level":"info","message":"::1 - - [13/Jan/2026:08:41:38 +0000] \"GET /api HTTP/1.1\" 200 41 \"-\" \"curl/8.7.1\"","service":"acquisitions-api","timestamp":"2026-01-13T08:41:38.792Z"}
{"level":"info","message":"::1 - - [13/Jan/2026:08:41:38 +0000] \"GET /api HTTP/1.1\" 200 41 \"-\" \"curl/8.7.1\"","service":"acquisitions-api","timestamp":"2026-01-13T08:41:38.802Z"}
{"level":"info","message":"::1 - - [13/Jan/2026:08:41:38 +0000] \"GET /api HTTP/1.1\" 200 41 \"-\" \"curl/8.7.1\"","service":"acquisitions-api","timestamp":"2026-01-13T08:41:38.811Z"}
{"level":"info","message":"::1 - - [13/Jan/2026:08:41:38 +0000] \"GET /api HTTP/1.1\" 200 41 \"-\" \"curl/8.7.1\"","service":"acquisitions-api","timestamp":"2026-01-13T08:41:38.822Z"}
{"level":"info","message":"::1 - - [13/Jan/2026:08:41:38 +0000] \"GET /api HTTP/1.1\" 200 41 \"-\" \"curl/8.7.1\"","service":"acquisitions-api","timestamp":"2026-01-13T08:41:38.832Z"}
{"level":"info","message":"::1 - - [13/Jan/2026:08:41:38 +0000] \"GET /api HTTP/1.1\" 200 41 \"-\" \"curl/8.7.1\"","service":"acquisitions-api","timestamp":"2026-01-13T08:41:38.841Z"}
{"level":"info","message":"::1 - - [13/Jan/2026:08:41:38 +0000] \"GET /api HTTP/1.1\" 200 41 \"-\" \"curl/8.7.1\"","service":"acquisitions-api","timestamp":"2026-01-13T08:41:38.851Z"}
{"level":"info","message":"::1 - - [13/Jan/2026:08:41:38 +0000] \"GET /api HTTP/1.1\" 200 41 \"-\" \"curl/8.7.1\"","service":"acquisitions-api","timestamp":"2026-01-13T08:41:38.861Z"}
{"level":"info","message":"::1 - - [13/Jan/2026:08:41:38 +0000] \"GET /api HTTP/1.1\" 200 41 \"-\" \"curl/8.7.1\"","service":"acquisitions-api","timestamp":"2026-01-13T08:41:38.871Z"}
{"level":"info","message":"::1 - - [13/Jan/2026:08:41:38 +0000] \"GET /api HTTP/1.1\" 200 41 \"-\" \"curl/8.7.1\"","service":"acquisitions-api","timestamp":"2026-01-13T08:41:38.881Z"}
{"level":"info","message":"::1 - - [13/Jan/2026:08:41:38 +0000] \"GET /api HTTP/1.1\" 200 41 \"-\" \"curl/8.7.1\"","service":"acquisitions-api","timestamp":"2026-01-13T08:41:38.891Z"}
{"level":"info","message":"::1 - - [13/Jan/2026:08:41:38 +0000] \"GET /api HTTP/1.1\" 200 41 \"-\" \"curl/8.7.1\"","service":"acquisitions-api","timestamp":"2026-01-13T08:41:38.901Z"}
{"level":"info","message":"::1 - - [13/Jan/2026:08:41:38 +0000] \"GET /api HTTP/1.1\" 200 41 \"-\" \"curl/8.7.1\"","service":"acquisitions-api","timestamp":"2026-01-13T08:41:38.911Z"}
{"level":"info","message":"::1 - - [13/Jan/2026:08:41:38 +0000] \"GET /api HTTP/1.1\" 200 41 \"-\" \"curl/8.7.1\"","service":"acquisitions-api","timestamp":"2026-01-13T08:41:38.922Z"}
{"level":"info","message":"::1 - - [13/Jan/2026:08:41:38 +0000] \"GET /api HTTP/1.1\" 200 41 \"-\" \"curl/8.7.1\"","service":"acquisitions-api","timestamp":"2026-01-13T08:41:38.932Z"}
{"level":"info","message":"::1 - - [13/Jan/2026:08:41:38 +0000] \"GET /api HTTP/1.1\" 200 41 \"-\" \"curl/8.7.1\"","service":"acquisitions-api","timestamp":"2026-01-13T08:41:38.942Z"}
{"level":"info","message":"::1 - - [13/Jan/2026:08:41:38 +0000] \"GET /api HTTP/1.1\" 200 41 \"-\" \"curl/8.7.1\"","service":"acquisitions-api","timestamp":"2026-01-13T08:41:38.951Z"}
{"level":"info","message":"::1 - - [13/Jan/2026:08:41:38 +0000] \"GET /api HTTP/1.1\" 200 41 \"-\" \"curl/8.7.1\"","service":"acquisitions-api","timestamp":"2026-01-13T08:41:38.961Z"}
{"level":"info","message":"::1 - - [13/Jan/2026:08:41:38 +0000] \"GET /api HTTP/1.1\" 200 41 \"-\" \"curl/8.7.1\"","service":"acquisitions-api","timestamp":"2026-01-13T08:41:38.971Z"}
{"level":"info","message":"::1 - - [13/Jan/2026:08:41:38 +0000] \"GET /api HTTP/1.1\" 200 41 \"-\" \"curl/8.7.1\"","service":"acquisitions-api","timestamp":"2026-01-13T08:41:38.981Z"}
{"level":"info","message":"::1 - - [13/Jan/2026:08:41:38 +0000] \"GET /api HTTP/1.1\" 200 41 \"-\" \"curl/8.7.1\"","service":"acquisitions-api","timestamp":"2026-01-13T08:41:38.991Z"}
{"level":"info","message":"::1 - - [13/Jan/2026:08:41:39 +0000] \"GET /api HTTP/1.1\" 200 41 \"-\" \"curl/8.7.1\"","service":"acquisitions-api","timestamp":"2026-01-13T08:41:39.001Z"}
{"level":"info","message":"::1 - - [13/Jan/2026:08:41:39 +0000] \"GET /api HTTP/1.1\" 200 41 \"-\" \"curl/8.7.1\"","service":"acquisitions-api","timestamp":"2026-01-13T08:41:39.011Z"}
{"level":"info","message":"::1 - - [13/Jan/2026:08:41:39 +0000] \"GET /api HTTP/1.1\" 200 41 \"-\" \"curl/8.7.1\"","service":"acquisitions-api","timestamp":"2026-01-13T08:41:39.020Z"}
{"level":"info","message":"::1 - - [13/Jan/2026:08:41:39 +0000] \"GET /api HTTP/1.1\" 200 41 \"-\" \"curl/8.7.1\"","service":"acquisitions-api","timestamp":"2026-01-13T08:41:39.030Z"}
{"level":"info","message":"::1 - - [13/Jan/2026:08:41:39 +0000] \"GET /api HTTP/1.1\" 200 41 \"-\" \"curl/8.7.1\"","service":"acquisitions-api","timestamp":"2026-01-13T08:41:39.041Z"}
{"level":"info","message":"::1 - - [13/Jan/2026:08:41:39 +0000] \"GET /api HTTP/1.1\" 200 41 \"-\" \"curl/8.7.1\"","service":"acquisitions-api","timestamp":"2026-01-13T08:41:39.051Z"}
{"level":"info","message":"::1 - - [13/Jan/2026:08:41:39 +0000] \"GET /api HTTP/1.1\" 200 41 \"-\" \"curl/8.7.1\"","service":"acquisitions-api","timestamp":"2026-01-13T08:41:39.060Z"}
{"level":"info","message":"::1 - - [13/Jan/2026:08:41:39 +0000] \"GET /api HTTP/1.1\" 200 41 \"-\" \"curl/8.7.1\"","service":"acquisitions-api","timestamp":"2026-01-13T08:41:39.070Z"}
{"level":"info","message":"::1 - - [13/Jan/2026:08:41:39 +0000] \"GET /api HTTP/1.1\" 200 41 \"-\" \"curl/8.7.1\"","service":"acquisitions-api","timestamp":"2026-01-13T08:41:39.080Z"}
{"level":"info","message":"::1 - - [13/Jan/2026:08:41:39 +0000] \"GET /api HTTP/1.1\" 200 41 \"-\" \"curl/8.7.1\"","service":"acquisitions-api","timestamp":"2026-01-13T08:41:39.091Z"}
{"level":"info","message":"::1 - - [13/Jan/2026:08:41:39 +0000] \"GET /api HTTP/1.1\" 200 41 \"-\" \"curl/8.7.1\"","service":"acquisitions-api","timestamp":"2026-01-13T08:41:39.101Z"}
{"level":"info","message":"::1 - - [13/Jan/2026:08:41:39 +0000] \"GET /api HTTP/1.1\" 200 41 \"-\" \"curl/8.7.1\"","service":"acquisitions-api","timestamp":"2026-01-13T08:41:39.111Z"}
{"level":"info","message":"::1 - - [13/Jan/2026:08:41:39 +0000] \"GET /api HTTP/1.1\" 200 41 \"-\" \"curl/8.7.1\"","service":"acquisitions-api","timestamp":"2026-01-13T08:41:39.120Z"}
{"level":"info","message":"::1 - - [13/Jan/2026:08:41:39 +0000] \"GET /api HTTP/1.1\" 200 41 \"-\" \"curl/8.7.1\"","service":"acquisitions-api","timestamp":"2026-01-13T08:41:39.131Z"}
{"level":"info","message":"::1 - - [13/Jan/2026:08:41:39 +0000] \"GET /api HTTP/1.1\" 200 41 \"-\" \"curl/8.7.1\"","service":"acquisitions-api","timestamp":"2026-01-13T08:41:39.141Z"}
{"level":"info","message":"::1 - - [13/Jan/2026:08:41:39 +0000] \"GET /api HTTP/1.1\" 200 41 \"-\" \"curl/8.7.1\"","service":"acquisitions-api","timestamp":"2026-01-13T08:41:39.151Z"}
{"level":"info","message":"::1 - - [13/Jan/2026:08:41:39 +0000] \"GET /api HTTP/1.1\" 200 41 \"-\" \"curl/8.7.1\"","service":"acquisitions-api","timestamp":"2026-01-13T08:41:39.160Z"}
{"level":"info","message":"::1 - - [13/Jan/2026:08:41:39 +0000] \"GET /api HTTP/1.1\" 200 41 \"-\" \"curl/8.7.1\"","service":"acquisitions-api","timestamp":"2026-01-13T08:41:39.171Z"}
{"level":"info","message":"::1 - - [13/Jan/2026:08:41:39 +0000] \"GET /api HTTP/1.1\" 200 41 \"-\" \"curl/8.7.1\"","service":"acquisitions-api","timestamp":"2026-01-13T08:41:39.180Z"}
{"level":"info","message":"::1 - - [13/Jan/2026:08:41:39 +0000] \"GET /api HTTP/1.1\" 200 41 \"-\" \"curl/8.7.1\"","service":"acquisitions-api","timestamp":"2026-01-13T08:41:39.191Z"}
{"level":"info","message":"::1 - - [13/Jan/2026:08:41:39 +0000] \"GET /api HTTP/1.1\" 200 41 \"-\" \"curl/8.7.1\"","service":"acquisitions-api","timestamp":"2026-01-13T08:41:39.201Z"}
{"level":"info","message":"::1 - - [13/Jan/2026:08:41:39 +0000] \"GET /api HTTP/1.1\" 200 41 \"-\" \"curl/8.7.1\"","service":"acquisitions-api","timestamp":"2026-01-13T08:41:39.210Z"}
{"level":"info","message":"::1 - - [13/Jan/2026:08:41:39 +0000] \"GET /api HTTP/1.1\" 200 41 \"-\" \"curl/8.7.1\"","service":"acquisitions-api","timestamp":"2026-01-13T08:41:39.220Z"}
{"level":"info","message":"::1 - - [13/Jan/2026:08:41:39 +0000] \"GET /api HTTP/1.1\" 200 41 \"-\" \"curl/8.7.1\"","service":"acquisitions-api","timestamp":"2026-01-13T08:41:39.231Z"}
{"level":"info","message":"::1 - - [13/Jan/2026:08:41:39 +0000] \"GET /api HTTP/1.1\" 200 41 \"-\" \"curl/8.7.1\"","service":"acquisitions-api","timestamp":"2026-01-13T08:41:39.240Z"}
{"level":"info","message":"::1 - - [13/Jan/2026:08:41:39 +0000] \"GET /api HTTP/1.1\" 200 41 \"-\" \"curl/8.7.1\"","service":"acquisitions-api","timestamp":"2026-01-13T08:41:39.250Z"}
{"level":"info","message":"::1 - - [13/Jan/2026:08:41:39 +0000] \"GET /api HTTP/1.1\" 200 41 \"-\" \"curl/8.7.1\"","service":"acquisitions-api","timestamp":"2026-01-13T08:41:39.260Z"}
{"level":"info","message":"::1 - - [13/Jan/2026:08:41:39 +0000] \"GET /api HTTP/1.1\" 200 41 \"-\" \"curl/8.7.1\"","service":"acquisitions-api","timestamp":"2026-01-13T08:41:39.271Z"}
{"level":"info","message":"::1 - - [13/Jan/2026:08:41:39 +0000] \"GET /api HTTP/1.1\" 200 41 \"-\" \"curl/8.7.1\"","service":"acquisitions-api","timestamp":"2026-01-13T08:41:39.280Z"}
{"level":"info","message":"::1 - - [13/Jan/2026:08:41:39 +0000] \"GET /api HTTP/1.1\" 200 41 \"-\" \"curl/8.7.1\"","service":"acquisitions-api","timestamp":"2026-01-13T08:41:39.290Z"}
{"level":"info","message":"::1 - - [13/Jan/2026:08:41:39 +0000] \"GET /api HTTP/1.1\" 200 41 \"-\" \"curl/8.7.1\"","service":"acquisitions-api","timestamp":"2026-01-13T08:41:39.300Z"}
{"level":"info","message":"::1 - - [13/Jan/2026:08:41:39 +0000] \"GET /api HTTP/1.1\" 200 41 \"-\" \"curl/8.7.1\"","service":"acquisitions-api","timestamp":"2026-01-13T08:41:39.310Z"}
{"level":"info","message":"::1 - - [13/Jan/2026:08:41:39 +0000] \"GET /api HTTP/1.1\" 200 41 \"-\" \"curl/8.7.1\"","service":"acquisitions-api","timestamp":"2026-01-13T08:41:39.320Z"}
{"level":"info","message":"::1 - - [13/Jan/2026:08:41:39 +0000] \"GET /api HTTP/1.1\" 200 41 \"-\" \"curl/8.7.1\"","service":"acquisitions-api","timestamp":"2026-01-13T08:41:39.330Z"}
{"level":"info","message":"::1 - - [13/Jan/2026:08:41:39 +0000] \"GET /api HTTP/1.1\" 200 41 \"-\" \"curl/8.7.1\"","service":"acquisitions-api","timestamp":"2026-01-13T08:41:39.340Z"}
{"level":"info","message":"::1 - - [13/Jan/2026:08:41:39 +0000] \"GET /api HTTP/1.1\" 200 41 \"-\" \"curl/8.7.1\"","service":"acquisitions-api","timestamp":"2026-01-13T08:41:39.351Z"}
{"level":"info","message":"::1 - - [13/Jan/2026:08:41:39 +0000] \"GET /api HTTP/1.1\" 200 41 \"-\" \"curl/8.7.1\"","service":"acquisitions-api","timestamp":"2026-01-13T08:41:39.380Z"}
{"level":"info","message":"::1 - - [13/Jan/2026:08:41:39 +0000] \"GET /api HTTP/1.1\" 200 41 \"-\" \"curl/8.7.1\"","service":"acquisitions-api","timestamp":"2026-01-13T08:41:39.394Z"}
{"level":"info","message":"::1 - - [13/Jan/2026:08:41:39 +0000] \"GET /api HTTP/1.1\" 200 41 \"-\" \"curl/8.7.1\"","service":"acquisitions-api","timestamp":"2026-01-13T08:41:39.405Z"}
{"level":"info","message":"::1 - - [13/Jan/2026:08:41:39 +0000] \"GET /api HTTP/1.1\" 200 41 \"-\" \"curl/8.7.1\"","service":"acquisitions-api","timestamp":"2026-01-13T08:41:39.416Z"}
{"level":"info","message":"::1 - - [13/Jan/2026:08:41:39 +0000] \"GET /api HTTP/1.1\" 200 41 \"-\" \"curl/8.7.1\"","service":"acquisitions-api","timestamp":"2026-01-13T08:41:39.426Z"}
{"level":"info","message":"::1 - - [13/Jan/2026:08:41:39 +0000] \"GET /api HTTP/1.1\" 200 41 \"-\" \"curl/8.7.1\"","service":"acquisitions-api","timestamp":"2026-01-13T08:41:39.435Z"}
{"level":"info","message":"::1 - - [13/Jan/2026:08:41:39 +0000] \"GET /api HTTP/1.1\" 200 41 \"-\" \"curl/8.7.1\"","service":"acquisitions-api","timestamp":"2026-01-13T08:41:39.446Z"}
{"level":"info","message":"::1 - - [13/Jan/2026:08:41:39 +0000] \"GET /api HTTP/1.1\" 200 41 \"-\" \"curl/8.7.1\"","service":"acquisitions-api","timestamp":"2026-01-13T08:41:39.456Z"}
{"level":"info","message":"::1 - - [13/Jan/2026:08:41:39 +0000] \"GET /api HTTP/1.1\" 200 41 \"-\" \"curl/8.7.1\"","service":"acquisitions-api","timestamp":"2026-01-13T08:41:39.466Z"}
{"level":"info","message":"::1 - - [13/Jan/2026:08:41:39 +0000] \"GET /api HTTP/1.1\" 200 41 \"-\" \"curl/8.7.1\"","service":"acquisitions-api","timestamp":"2026-01-13T08:41:39.476Z"}
{"level":"info","message":"::1 - - [13/Jan/2026:08:41:39 +0000] \"GET /api HTTP/1.1\" 200 41 \"-\" \"curl/8.7.1\"","service":"acquisitions-api","timestamp":"2026-01-13T08:41:39.485Z"}
{"level":"info","message":"::1 - - [13/Jan/2026:08:41:39 +0000] \"GET /api HTTP/1.1\" 200 41 \"-\" \"curl/8.7.1\"","service":"acquisitions-api","timestamp":"2026-01-13T08:41:39.496Z"}
{"level":"info","message":"::1 - - [13/Jan/2026:08:41:39 +0000] \"GET /api HTTP/1.1\" 200 41 \"-\" \"curl/8.7.1\"","service":"acquisitions-api","timestamp":"2026-01-13T08:41:39.507Z"}
{"level":"info","message":"::1 - - [13/Jan/2026:08:41:39 +0000] \"GET /api HTTP/1.1\" 200 41 \"-\" \"curl/8.7.1\"","service":"acquisitions-api","timestamp":"2026-01-13T08:41:39.517Z"}
{"level":"info","message":"::1 - - [13/Jan/2026:08:41:39 +0000] \"GET /api HTTP/1.1\" 200 41 \"-\" \"curl/8.7.1\"","service":"acquisitions-api","timestamp":"2026-01-13T08:41:39.527Z"}
{"level":"info","message":"::1 - - [13/Jan/2026:08:41:39 +0000] \"GET /api HTTP/1.1\" 200 41 \"-\" \"curl/8.7.1\"","service":"acquisitions-api","timestamp":"2026-01-13T08:41:39.536Z"}
{"level":"info","message":"::1 - - [13/Jan/2026:08:41:39 +0000] \"GET /api HTTP/1.1\" 200 41 \"-\" \"curl/8.7.1\"","service":"acquisitions-api","timestamp":"2026-01-13T08:41:39.546Z"}
{"level":"info","message":"::1 - - [13/Jan/2026:08:41:39 +0000] \"GET /api HTTP/1.1\" 200 41 \"-\" \"curl/8.7.1\"","service":"acquisitions-api","timestamp":"2026-01-13T08:41:39.557Z"}
{"level":"info","message":"::1 - - [13/Jan/2026:08:41:39 +0000] \"GET /api HTTP/1.1\" 200 41 \"-\" \"curl/8.7.1\"","service":"acquisitions-api","timestamp":"2026-01-13T08:41:39.567Z"}
{"level":"info","message":"::1 - - [13/Jan/2026:08:41:39 +0000] \"GET /api HTTP/1.1\" 200 41 \"-\" \"curl/8.7.1\"","service":"acquisitions-api","timestamp":"2026-01-13T08:41:39.576Z"}
{"level":"info","message":"::1 - - [13/Jan/2026:08:41:39 +0000] \"GET /api HTTP/1.1\" 200 41 \"-\" \"curl/8.7.1\"","service":"acquisitions-api","timestamp":"2026-01-13T08:41:39.585Z"}
{"level":"info","message":"::1 - - [13/Jan/2026:08:41:39 +0000] \"GET /api HTTP/1.1\" 200 41 \"-\" \"curl/8.7.1\"","service":"acquisitions-api","timestamp":"2026-01-13T08:41:39.595Z"}
{"level":"info","message":"::1 - - [13/Jan/2026:08:41:39 +0000] \"GET /api HTTP/1.1\" 200 41 \"-\" \"curl/8.7.1\"","service":"acquisitions-api","timestamp":"2026-01-13T08:41:39.605Z"}
{"level":"info","message":"::1 - - [13/Jan/2026:08:41:39 +0000] \"GET /api HTTP/1.1\" 200 41 \"-\" \"curl/8.7.1\"","service":"acquisitions-api","timestamp":"2026-01-13T08:41:39.615Z"}
{"level":"info","message":"::1 - - [13/Jan/2026:08:41:39 +0000] \"GET /api HTTP/1.1\" 200 41 \"-\" \"curl/8.7.1\"","service":"acquisitions-api","timestamp":"2026-01-13T08:41:39.624Z"}
{"level":"info","message":"::1 - - [13/Jan/2026:08:41:39 +0000] \"GET /api HTTP/1.1\" 200 41 \"-\" \"curl/8.7.1\"","service":"acquisitions-api","timestamp":"2026-01-13T08:41:39.636Z"}
{"level":"info","message":"::1 - - [13/Jan/2026:08:41:39 +0000] \"GET /api HTTP/1.1\" 200 41 \"-\" \"curl/8.7.1\"","service":"acquisitions-api","timestamp":"2026-01-13T08:41:39.646Z"}
{"level":"info","message":"::1 - - [13/Jan/2026:08:41:39 +0000] \"GET /api HTTP/1.1\" 200 41 \"-\" \"curl/8.7.1\"","service":"acquisitions-api","timestamp":"2026-01-13T08:41:39.655Z"}
{"level":"info","message":"::1 - - [13/Jan/2026:08:41:39 +0000] \"GET /api HTTP/1.1\" 200 41 \"-\" \"curl/8.7.1\"","service":"acquisitions-api","timestamp":"2026-01-13T08:41:39.665Z"}
{"level":"info","message":"::1 - - [13/Jan/2026:08:41:39 +0000] \"GET /api HTTP/1.1\" 200 41 \"-\" \"curl/8.7.1\"","service":"acquisitions-api","timestamp":"2026-01-13T08:41:39.675Z"}
{"level":"info","message":"::1 - - [13/Jan/2026:08:41:39 +0000] \"GET /api HTTP/1.1\" 200 41 \"-\" \"curl/8.7.1\"","service":"acquisitions-api","timestamp":"2026-01-13T08:41:39.685Z"}
{"level":"info","message":"::1 - - [13/Jan/2026:08:41:39 +0000] \"GET /api HTTP/1.1\" 200 41 \"-\" \"curl/8.7.1\"","service":"acquisitions-api","timestamp":"2026-01-13T08:41:39.695Z"}
{"level":"info","message":"::1 - - [13/Jan/2026:08:41:39 +0000] \"GET /api HTTP/1.1\" 200 41 \"-\" \"curl/8.7.1\"","service":"acquisitions-api","timestamp":"2026-01-13T08:41:39.705Z"}
{"level":"info","message":"::1 - - [13/Jan/2026:08:41:39 +0000] \"GET /api HTTP/1.1\" 200 41 \"-\" \"curl/8.7.1\"","service":"acquisitions-api","timestamp":"2026-01-13T08:41:39.715Z"}
{"level":"info","message":"::1 - - [13/Jan/2026:08:41:39 +0000] \"GET /api HTTP/1.1\" 200 41 \"-\" \"curl/8.7.1\"","service":"acquisitions-api","timestamp":"2026-01-13T08:41:39.724Z"}
{"level":"info","message":"::1 - - [13/Jan/2026:08:41:39 +0000] \"GET /api HTTP/1.1\" 200 41 \"-\" \"curl/8.7.1\"","service":"acquisitions-api","timestamp":"2026-01-13T08:41:39.733Z"}
{"level":"info","message":"::1 - - [13/Jan/2026:08:41:39 +0000] \"GET /api HTTP/1.1\" 200 41 \"-\" \"curl/8.7.1\"","service":"acquisitions-api","timestamp":"2026-01-13T08:41:39.743Z"}
{"level":"info","message":"::1 - - [13/Jan/2026:08:41:39 +0000] \"GET /api HTTP/1.1\" 200 41 \"-\" \"curl/8.7.1\"","service":"acquisitions-api","timestamp":"2026-01-13T08:41:39.752Z"}
{"level":"info","message":"::1 - - [13/Jan/2026:08:41:39 +0000] \"GET /api HTTP/1.1\" 200 41 \"-\" \"curl/8.7.1\"","service":"acquisitions-api","timestamp":"2026-01-13T08:41:39.762Z"}
{"level":"info","message":"::1 - - [13/Jan/2026:08:41:39 +0000] \"GET /api HTTP/1.1\" 200 41 \"-\" \"curl/8.7.1\"","service":"acquisitions-api","timestamp":"2026-01-13T08:41:39.772Z"}
{"level":"info","message":"::1 - - [13/Jan/2026:08:41:39 +0000] \"GET /api HTTP/1.1\" 200 41 \"-\" \"curl/8.7.1\"","service":"acquisitions-api","timestamp":"2026-01-13T08:41:39.783Z"}
{"level":"info","message":"::1 - - [13/Jan/2026:08:41:39 +0000] \"GET /api HTTP/1.1\" 200 41 \"-\" \"curl/8.7.1\"","service":"acquisitions-api","timestamp":"2026-01-13T08:41:39.793Z"}
{"level":"info","message":"::1 - - [13/Jan/2026:08:41:39 +0000] \"GET /api HTTP/1.1\" 200 41 \"-\" \"curl/8.7.1\"","service":"acquisitions-api","timestamp":"2026-01-13T08:41:39.802Z"}
{"level":"info","message":"::1 - - [13/Jan/2026:08:41:39 +0000] \"GET /api HTTP/1.1\" 200 41 \"-\" \"curl/8.7.1\"","service":"acquisitions-api","timestamp":"2026-01-13T08:41:39.812Z"}
{"level":"info","message":"::1 - - [13/Jan/2026:08:41:39 +0000] \"GET /api HTTP/1.1\" 200 41 \"-\" \"curl/8.7.1\"","service":"acquisitions-api","timestamp":"2026-01-13T08:41:39.822Z"}
{"level":"info","message":"::1 - - [13/Jan/2026:08:41:39 +0000] \"GET /api HTTP/1.1\" 200 41 \"-\" \"curl/8.7.1\"","service":"acquisitions-api","timestamp":"2026-01-13T08:41:39.832Z"}
{"level":"info","message":"::1 - - [13/Jan/2026:08:41:39 +0000] \"GET /api HTTP/1.1\" 200 41 \"-\" \"curl/8.7.1\"","service":"acquisitions-api","timestamp":"2026-01-13T08:41:39.842Z"}
{"level":"info","message":"::1 - - [13/Jan/2026:08:41:39 +0000] \"GET /api HTTP/1.1\" 200 41 \"-\" \"curl/8.7.1\"","service":"acquisitions-api","timestamp":"2026-01-13T08:41:39.851Z"}
{"level":"info","message":"::1 - - [13/Jan/2026:08:41:39 +0000] \"GET /api HTTP/1.1\" 200 41 \"-\" \"curl/8.7.1\"","service":"acquisitions-api","timestamp":"2026-01-13T08:41:39.861Z"}
{"level":"info","message":"::1 - - [13/Jan/2026:08:41:39 +0000] \"GET /api HTTP/1.1\" 200 41 \"-\" \"curl/8.7.1\"","service":"acquisitions-api","timestamp":"2026-01-13T08:41:39.870Z"}
{"level":"info","message":"::1 - - [13/Jan/2026:08:41:39 +0000] \"GET /api HTTP/1.1\" 200 41 \"-\" \"curl/8.7.1\"","service":"acquisitions-api","timestamp":"2026-01-13T08:41:39.880Z"}
{"level":"info","message":"::1 - - [13/Jan/2026:08:41:39 +0000] \"GET /api HTTP/1.1\" 200 41 \"-\" \"curl/8.7.1\"","service":"acquisitions-api","timestamp":"2026-01-13T08:41:39.890Z"}
{"level":"info","message":"::1 - - [13/Jan/2026:08:41:39 +0000] \"GET /api HTTP/1.1\" 200 41 \"-\" \"curl/8.7.1\"","service":"acquisitions-api","timestamp":"2026-01-13T08:41:39.900Z"}
{"level":"info","message":"::1 - - [13/Jan/2026:08:41:39 +0000] \"GET /api HTTP/1.1\" 200 41 \"-\" \"curl/8.7.1\"","service":"acquisitions-api","timestamp":"2026-01-13T08:41:39.910Z"}
{"level":"info","message":"::1 - - [13/Jan/2026:08:41:39 +0000] \"GET /api HTTP/1.1\" 200 41 \"-\" \"curl/8.7.1\"","service":"acquisitions-api","timestamp":"2026-01-13T08:41:39.919Z"}
{"level":"info","message":"::1 - - [13/Jan/2026:08:41:39 +0000] \"GET /api HTTP/1.1\" 200 41 \"-\" \"curl/8.7.1\"","service":"acquisitions-api","timestamp":"2026-01-13T08:41:39.929Z"}
{"level":"info","message":"::1 - - [13/Jan/2026:08:41:39 +0000] \"GET /api HTTP/1.1\" 200 41 \"-\" \"curl/8.7.1\"","service":"acquisitions-api","timestamp":"2026-01-13T08:41:39.938Z"}
{"level":"info","message":"::1 - - [13/Jan/2026:08:41:39 +0000] \"GET /api HTTP/1.1\" 200 41 \"-\" \"curl/8.7.1\"","service":"acquisitions-api","timestamp":"2026-01-13T08:41:39.948Z"}
{"level":"info","message":"::1 - - [13/Jan/2026:08:41:39 +0000] \"GET /api HTTP/1.1\" 200 41 \"-\" \"curl/8.7.1\"","service":"acquisitions-api","timestamp":"2026-01-13T08:41:39.958Z"}
{"level":"info","message":"::1 - - [13/Jan/2026:08:41:39 +0000] \"GET /api HTTP/1.1\" 200 41 \"-\" \"curl/8.7.1\"","service":"acquisitions-api","timestamp":"2026-01-13T08:41:39.968Z"}
{"level":"info","message":"::1 - - [13/Jan/2026:08:41:39 +0000] \"GET /api HTTP/1.1\" 200 41 \"-\" \"curl/8.7.1\"","service":"acquisitions-api","timestamp":"2026-01-13T08:41:39.977Z"}
{"level":"info","message":"::1 - - [13/Jan/2026:08:41:39 +0000] \"GET /api HTTP/1.1\" 200 41 \"-\" \"curl/8.7.1\"","service":"acquisitions-api","timestamp":"2026-01-13T08:41:39.986Z"}
{"level":"info","message":"::1 - - [13/Jan/2026:08:41:39 +0000] \"GET /api HTTP/1.1\" 200 41 \"-\" \"curl/8.7.1\"","service":"acquisitions-api","timestamp":"2026-01-13T08:41:39.996Z"}
{"level":"info","message":"::1 - - [13/Jan/2026:08:41:40 +0000] \"GET /api HTTP/1.1\" 200 41 \"-\" \"curl/8.7.1\"","service":"acquisitions-api","timestamp":"2026-01-13T08:41:40.006Z"}
{"level":"info","message":"::1 - - [13/Jan/2026:08:41:40 +0000] \"GET /api HTTP/1.1\" 200 41 \"-\" \"curl/8.7.1\"","service":"acquisitions-api","timestamp":"2026-01-13T08:41:40.016Z"}
{"level":"info","message":"::1 - - [13/Jan/2026:08:41:40 +0000] \"GET /api HTTP/1.1\" 200 41 \"-\" \"curl/8.7.1\"","service":"acquisitions-api","timestamp":"2026-01-13T08:41:40.026Z"}
{"level":"info","message":"::1 - - [13/Jan/2026:08:41:40 +0000] \"GET /api HTTP/1.1\" 200 41 \"-\" \"curl/8.7.1\"","service":"acquisitions-api","timestamp":"2026-01-13T08:41:40.036Z"}
{"level":"info","message":"::1 - - [13/Jan/2026:08:41:40 +0000] \"GET /api HTTP/1.1\" 200 41 \"-\" \"curl/8.7.1\"","service":"acquisitions-api","timestamp":"2026-01-13T08:41:40.046Z"}
{"level":"info","message":"::1 - - [13/Jan/2026:08:41:40 +0000] \"GET /api HTTP/1.1\" 200 41 \"-\" \"curl/8.7.1\"","service":"acquisitions-api","timestamp":"2026-01-13T08:41:40.056Z"}
{"level":"info","message":"::1 - - [13/Jan/2026:08:41:40 +0000] \"GET /api HTTP/1.1\" 200 41 \"-\" \"curl/8.7.1\"","service":"acquisitions-api","timestamp":"2026-01-13T08:41:40.066Z"}
{"level":"info","message":"::1 - - [13/Jan/2026:08:41:40 +0000] \"GET /api HTTP/1.1\" 200 41 \"-\" \"curl/8.7.1\"","service":"acquisitions-api","timestamp":"2026-01-13T08:41:40.076Z"}
{"level":"info","message":"::1 - - [13/Jan/2026:08:41:40 +0000] \"GET /api HTTP/1.1\" 200 41 \"-\" \"curl/8.7.1\"","service":"acquisitions-api","timestamp":"2026-01-13T08:41:40.086Z"}
{"level":"info","message":"::1 - - [13/Jan/2026:08:41:40 +0000] \"GET /api HTTP/1.1\" 200 41 \"-\" \"curl/8.7.1\"","service":"acquisitions-api","timestamp":"2026-01-13T08:41:40.095Z"}
{"level":"info","message":"::1 - - [13/Jan/2026:08:41:40 +0000] \"GET /api HTTP/1.1\" 200 41 \"-\" \"curl/8.7.1\"","service":"acquisitions-api","timestamp":"2026-01-13T08:41:40.105Z"}
{"level":"info","message":"::1 - - [13/Jan/2026:08:41:40 +0000] \"GET /api HTTP/1.1\" 200 41 \"-\" \"curl/8.7.1\"","service":"acquisitions-api","timestamp":"2026-01-13T08:41:40.114Z"}
{"level":"info","message":"::1 - - [13/Jan/2026:08:41:40 +0000] \"GET /api HTTP/1.1\" 200 41 \"-\" \"curl/8.7.1\"","service":"acquisitions-api","timestamp":"2026-01-13T08:41:40.125Z"}
{"level":"info","message":"::1 - - [13/Jan/2026:08:41:40 +0000] \"GET /api HTTP/1.1\" 200 41 \"-\" \"curl/8.7.1\"","service":"acquisitions-api","timestamp":"2026-01-13T08:41:40.135Z"}
{"level":"info","message":"::1 - - [13/Jan/2026:08:41:40 +0000] \"GET /api HTTP/1.1\" 200 41 \"-\" \"curl/8.7.1\"","service":"acquisitions-api","timestamp":"2026-01-13T08:41:40.145Z"}
{"level":"info","message":"::1 - - [13/Jan/2026:08:41:40 +0000] \"GET /api HTTP/1.1\" 200 41 \"-\" \"curl/8.7.1\"","service":"acquisitions-api","timestamp":"2026-01-13T08:41:40.155Z"}
{"level":"info","message":"::1 - - [13/Jan/2026:08:41:40 +0000] \"GET /api HTTP/1.1\" 200 41 \"-\" \"curl/8.7.1\"","service":"acquisitions-api","timestamp":"2026-01-13T08:41:40.165Z"}
{"level":"info","message":"::1 - - [13/Jan/2026:08:41:40 +0000] \"GET /api HTTP/1.1\" 200 41 \"-\" \"curl/8.7.1\"","service":"acquisitions-api","timestamp":"2026-01-13T08:41:40.175Z"}
{"level":"info","message":"::1 - - [13/Jan/2026:08:41:40 +0000] \"GET /api HTTP/1.1\" 200 41 \"-\" \"curl/8.7.1\"","service":"acquisitions-api","timestamp":"2026-01-13T08:41:40.185Z"}
{"level":"info","message":"::1 - - [13/Jan/2026:08:41:40 +0000] \"GET /api HTTP/1.1\" 200 41 \"-\" \"curl/8.7.1\"","service":"acquisitions-api","timestamp":"2026-01-13T08:41:40.196Z"}
{"level":"info","message":"::1 - - [13/Jan/2026:08:41:40 +0000] \"GET /api HTTP/1.1\" 200 41 \"-\" \"curl/8.7.1\"","service":"acquisitions-api","timestamp":"2026-01-13T08:41:40.206Z"}
{"level":"info","message":"::1 - - [13/Jan/2026:08:41:40 +0000] \"GET /api HTTP/1.1\" 200 41 \"-\" \"curl/8.7.1\"","service":"acquisitions-api","timestamp":"2026-01-13T08:41:40.215Z"}
{"level":"info","message":"::1 - - [13/Jan/2026:08:41:40 +0000] \"GET /api HTTP/1.1\" 200 41 \"-\" \"curl/8.7.1\"","service":"acquisitions-api","timestamp":"2026-01-13T08:41:40.225Z"}
{"level":"info","message":"::1 - - [13/Jan/2026:08:41:40 +0000] \"GET /api HTTP/1.1\" 200 41 \"-\" \"curl/8.7.1\"","service":"acquisitions-api","timestamp":"2026-01-13T08:41:40.235Z"}
{"level":"info","message":"::1 - - [13/Jan/2026:08:41:40 +0000] \"GET /api HTTP/1.1\" 200 41 \"-\" \"curl/8.7.1\"","service":"acquisitions-api","timestamp":"2026-01-13T08:41:40.245Z"}
{"level":"info","message":"::1 - - [13/Jan/2026:08:41:40 +0000] \"GET /api HTTP/1.1\" 200 41 \"-\" \"curl/8.7.1\"","service":"acquisitions-api","timestamp":"2026-01-13T08:41:40.255Z"}
{"level":"info","message":"::1 - - [13/Jan/2026:08:41:40 +0000] \"GET /api HTTP/1.1\" 200 41 \"-\" \"curl/8.7.1\"","service":"acquisitions-api","timestamp":"2026-01-13T08:41:40.265Z"}
{"level":"info","message":"::1 - - [13/Jan/2026:08:41:40 +0000] \"GET /api HTTP/1.1\" 200 41 \"-\" \"curl/8.7.1\"","service":"acquisitions-api","timestamp":"2026-01-13T08:41:40.276Z"}
{"level":"info","message":"::1 - - [13/Jan/2026:08:41:40 +0000] \"GET /api HTTP/1.1\" 200 41 \"-\" \"curl/8.7.1\"","service":"acquisitions-api","timestamp":"2026-01-13T08:41:40.285Z"}
{"level":"info","message":"::1 - - [13/Jan/2026:08:41:40 +0000] \"GET /api HTTP/1.1\" 200 41 \"-\" \"curl/8.7.1\"","service":"acquisitions-api","timestamp":"2026-01-13T08:41:40.295Z"}
{"level":"info","message":"::1 - - [13/Jan/2026:08:41:40 +0000] \"GET /api HTTP/1.1\" 200 41 \"-\" \"curl/8.7.1\"","service":"acquisitions-api","timestamp":"2026-01-13T08:41:40.305Z"}
{"level":"info","message":"::1 - - [13/Jan/2026:08:41:40 +0000] \"GET /api HTTP/1.1\" 200 41 \"-\" \"curl/8.7.1\"","service":"acquisitions-api","timestamp":"2026-01-13T08:41:40.315Z"}
{"level":"info","message":"::1 - - [13/Jan/2026:08:41:40 +0000] \"GET /api HTTP/1.1\" 200 41 \"-\" \"curl/8.7.1\"","service":"acquisitions-api","timestamp":"2026-01-13T08:41:40.326Z"}
{"level":"info","message":"::1 - - [13/Jan/2026:08:41:40 +0000] \"GET /api HTTP/1.1\" 200 41 \"-\" \"curl/8.7.1\"","service":"acquisitions-api","timestamp":"2026-01-13T08:41:40.336Z"}
{"level":"info","message":"::1 - - [13/Jan/2026:08:41:40 +0000] \"GET /api HTTP/1.1\" 200 41 \"-\" \"curl/8.7.1\"","service":"acquisitions-api","timestamp":"2026-01-13T08:41:40.346Z"}
{"level":"info","message":"::1 - - [13/Jan/2026:08:41:40 +0000] \"GET /api HTTP/1.1\" 200 41 \"-\" \"curl/8.7.1\"","service":"acquisitions-api","timestamp":"2026-01-13T08:41:40.356Z"}
{"level":"info","message":"::1 - - [13/Jan/2026:08:41:40 +0000] \"GET /api HTTP/1.1\" 200 41 \"-\" \"curl/8.7.1\"","service":"acquisitions-api","timestamp":"2026-01-13T08:41:40.366Z"}
{"level":"info","message":"::1 - - [13/Jan/2026:08:41:40 +0000] \"GET /api HTTP/1.1\" 200 41 \"-\" \"curl/8.7.1\"","service":"acquisitions-api","timestamp":"2026-01-13T08:41:40.377Z"}
{"level":"info","message":"::1 - - [13/Jan/2026:08:41:40 +0000] \"GET /api HTTP/1.1\" 200 41 \"-\" \"curl/8.7.1\"","service":"acquisitions-api","timestamp":"2026-01-13T08:41:40.387Z"}
{"level":"info","message":"::1 - - [13/Jan/2026:08:41:40 +0000] \"GET /api HTTP/1.1\" 200 41 \"-\" \"curl/8.7.1\"","service":"acquisitions-api","timestamp":"2026-01-13T08:41:40.396Z"}
{"level":"info","message":"::1 - - [13/Jan/2026:08:41:40 +0000] \"GET /api HTTP/1.1\" 200 41 \"-\" \"curl/8.7.1\"","service":"acquisitions-api","timestamp":"2026-01-13T08:41:40.407Z"}
{"level":"info","message":"::1 - - [13/Jan/2026:08:41:40 +0000] \"GET /api HTTP/1.1\" 200 41 \"-\" \"curl/8.7.1\"","service":"acquisitions-api","timestamp":"2026-01-13T08:41:40.417Z"}
{"level":"info","message":"::1 - - [13/Jan/2026:08:41:40 +0000] \"GET /api HTTP/1.1\" 200 41 \"-\" \"curl/8.7.1\"","service":"acquisitions-api","timestamp":"2026-01-13T08:41:40.426Z"}
{"level":"info","message":"::1 - - [13/Jan/2026:08:41:40 +0000] \"GET /api HTTP/1.1\" 200 41 \"-\" \"curl/8.7.1\"","service":"acquisitions-api","timestamp":"2026-01-13T08:41:40.436Z"}
{"level":"info","message":"::1 - - [13/Jan/2026:08:41:40 +0000] \"GET /api HTTP/1.1\" 200 41 \"-\" \"curl/8.7.1\"","service":"acquisitions-api","timestamp":"2026-01-13T08:41:40.446Z"}
{"level":"info","message":"::1 - - [13/Jan/2026:08:41:40 +0000] \"GET /api HTTP/1.1\" 200 41 \"-\" \"curl/8.7.1\"","service":"acquisitions-api","timestamp":"2026-01-13T08:41:40.456Z"}
{"level":"info","message":"::1 - - [13/Jan/2026:08:41:40 +0000] \"GET /api HTTP/1.1\" 200 41 \"-\" \"curl/8.7.1\"","service":"acquisitions-api","timestamp":"2026-01-13T08:41:40.466Z"}
{"level":"info","message":"::1 - - [13/Jan/2026:08:41:40 +0000] \"GET /api HTTP/1.1\" 200 41 \"-\" \"curl/8.7.1\"","service":"acquisitions-api","timestamp":"2026-01-13T08:41:40.476Z"}
{"level":"info","message":"::1 - - [13/Jan/2026:08:41:40 +0000] \"GET /api HTTP/1.1\" 200 41 \"-\" \"curl/8.7.1\"","service":"acquisitions-api","timestamp":"2026-01-13T08:41:40.485Z"}
{"level":"info","message":"::1 - - [13/Jan/2026:08:41:40 +0000] \"GET /api HTTP/1.1\" 200 41 \"-\" \"curl/8.7.1\"","service":"acquisitions-api","timestamp":"2026-01-13T08:41:40.495Z"}
{"level":"info","message":"::1 - - [13/Jan/2026:08:41:40 +0000] \"GET /api HTTP/1.1\" 200 41 \"-\" \"curl/8.7.1\"","service":"acquisitions-api","timestamp":"2026-01-13T08:41:40.506Z"}
{"level":"info","message":"::1 - - [13/Jan/2026:08:41:40 +0000] \"GET /api HTTP/1.1\" 200 41 \"-\" \"curl/8.7.1\"","service":"acquisitions-api","timestamp":"2026-01-13T08:41:40.515Z"}
{"level":"info","message":"::1 - - [13/Jan/2026:08:41:40 +0000] \"GET /api HTTP/1.1\" 200 41 \"-\" \"curl/8.7.1\"","service":"acquisitions-api","timestamp":"2026-01-13T08:41:40.525Z"}
{"level":"info","message":"::1 - - [13/Jan/2026:08:41:40 +0000] \"GET /api HTTP/1.1\" 200 41 \"-\" \"curl/8.7.1\"","service":"acquisitions-api","timestamp":"2026-01-13T08:41:40.535Z"}
{"level":"info","message":"::1 - - [13/Jan/2026:08:41:40 +0000] \"GET /api HTTP/1.1\" 200 41 \"-\" \"curl/8.7.1\"","service":"acquisitions-api","timestamp":"2026-01-13T08:41:40.545Z"}
{"level":"info","message":"::1 - - [13/Jan/2026:08:41:40 +0000] \"GET /api HTTP/1.1\" 200 41 \"-\" \"curl/8.7.1\"","service":"acquisitions-api","timestamp":"2026-01-13T08:41:40.555Z"}
{"level":"info","message":"::1 - - [13/Jan/2026:08:41:40 +0000] \"GET /api HTTP/1.1\" 200 41 \"-\" \"curl/8.7.1\"","service":"acquisitions-api","timestamp":"2026-01-13T08:41:40.564Z"}
{"level":"info","message":"::1 - - [13/Jan/2026:08:41:40 +0000] \"GET /api HTTP/1.1\" 200 41 \"-\" \"curl/8.7.1\"","service":"acquisitions-api","timestamp":"2026-01-13T08:41:40.574Z"}
{"level":"info","message":"::1 - - [13/Jan/2026:08:41:40 +0000] \"GET /api HTTP/1.1\" 200 41 \"-\" \"curl/8.7.1\"","service":"acquisitions-api","timestamp":"2026-01-13T08:41:40.584Z"}
{"level":"info","message":"::1 - - [13/Jan/2026:08:41:40 +0000] \"GET /api HTTP/1.1\" 200 41 \"-\" \"curl/8.7.1\"","service":"acquisitions-api","timestamp":"2026-01-13T08:41:40.593Z"}
{"level":"info","message":"::1 - - [13/Jan/2026:08:41:40 +0000] \"GET /api HTTP/1.1\" 200 41 \"-\" \"curl/8.7.1\"","service":"acquisitions-api","timestamp":"2026-01-13T08:41:40.603Z"}
{"level":"info","message":"::1 - - [13/Jan/2026:08:41:40 +0000] \"GET /api HTTP/1.1\" 200 41 \"-\" \"curl/8.7.1\"","service":"acquisitions-api","timestamp":"2026-01-13T08:41:40.614Z"}
{"level":"info","message":"::1 - - [13/Jan/2026:08:41:40 +0000] \"GET /api HTTP/1.1\" 200 41 \"-\" \"curl/8.7.1\"","service":"acquisitions-api","timestamp":"2026-01-13T08:41:40.624Z"}
{"level":"info","message":"::1 - - [13/Jan/2026:08:41:40 +0000] \"GET /api HTTP/1.1\" 200 41 \"-\" \"curl/8.7.1\"","service":"acquisitions-api","timestamp":"2026-01-13T08:41:40.641Z"}
{"level":"info","message":"::1 - - [13/Jan/2026:08:41:40 +0000] \"GET /api HTTP/1.1\" 200 41 \"-\" \"curl/8.7.1\"","service":"acquisitions-api","timestamp":"2026-01-13T08:41:40.651Z"}
{"level":"info","message":"::1 - - [13/Jan/2026:08:41:40 +0000] \"GET /api HTTP/1.1\" 200 41 \"-\" \"curl/8.7.1\"","service":"acquisitions-api","timestamp":"2026-01-13T08:41:40.661Z"}
{"level":"info","message":"::1 - - [13/Jan/2026:08:41:40 +0000] \"GET /api HTTP/1.1\" 200 41 \"-\" \"curl/8.7.1\"","service":"acquisitions-api","timestamp":"2026-01-13T08:41:40.671Z"}
{"level":"info","message":"::1 - - [13/Jan/2026:08:41:40 +0000] \"GET /api HTTP/1.1\" 200 41 \"-\" \"curl/8.7.1\"","service":"acquisitions-api","timestamp":"2026-01-13T08:41:40.680Z"}
{"level":"info","message":"::1 - - [13/Jan/2026:08:41:40 +0000] \"GET /api HTTP/1.1\" 200 41 \"-\" \"curl/8.7.1\"","service":"acquisitions-api","timestamp":"2026-01-13T08:41:40.691Z"}
{"level":"info","message":"::1 - - [13/Jan/2026:08:41:40 +0000] \"GET /api HTTP/1.1\" 200 41 \"-\" \"curl/8.7.1\"","service":"acquisitions-api","timestamp":"2026-01-13T08:41:40.700Z"}
{"level":"info","message":"::1 - - [13/Jan/2026:08:41:40 +0000] \"GET /api HTTP/1.1\" 200 41 \"-\" \"curl/8.7.1\"","service":"acquisitions-api","timestamp":"2026-01-13T08:41:40.710Z"}
{"level":"info","message":"::1 - - [13/Jan/2026:08:41:40 +0000] \"GET /api HTTP/1.1\" 200 41 \"-\" \"curl/8.7.1\"","service":"acquisitions-api","timestamp":"2026-01-13T08:41:40.720Z"}
{"level":"info","message":"::1 - - [13/Jan/2026:08:41:40 +0000] \"GET /api HTTP/1.1\" 200 41 \"-\" \"curl/8.7.1\"","service":"acquisitions-api","timestamp":"2026-01-13T08:41:40.730Z"}
{"level":"info","message":"::1 - - [13/Jan/2026:08:41:40 +0000] \"GET /api HTTP/1.1\" 200 41 \"-\" \"curl/8.7.1\"","service":"acquisitions-api","timestamp":"2026-01-13T08:41:40.741Z"}
{"level":"info","message":"::1 - - [13/Jan/2026:08:41:40 +0000] \"GET /api HTTP/1.1\" 200 41 \"-\" \"curl/8.7.1\"","service":"acquisitions-api","timestamp":"2026-01-13T08:41:40.751Z"}
{"level":"info","message":"::1 - - [13/Jan/2026:08:41:40 +0000] \"GET /api HTTP/1.1\" 200 41 \"-\" \"curl/8.7.1\"","service":"acquisitions-api","timestamp":"2026-01-13T08:41:40.761Z"}
{"level":"info","message":"::1 - - [13/Jan/2026:08:41:40 +0000] \"GET /api HTTP/1.1\" 200 41 \"-\" \"curl/8.7.1\"","service":"acquisitions-api","timestamp":"2026-01-13T08:41:40.771Z"}
{"level":"info","message":"::1 - - [13/Jan/2026:08:41:40 +0000] \"GET /api HTTP/1.1\" 200 41 \"-\" \"curl/8.7.1\"","service":"acquisitions-api","timestamp":"2026-01-13T08:41:40.780Z"}
{"level":"info","message":"::1 - - [13/Jan/2026:08:41:40 +0000] \"GET /api HTTP/1.1\" 200 41 \"-\" \"curl/8.7.1\"","service":"acquisitions-api","timestamp":"2026-01-13T08:41:40.791Z"}
{"level":"info","message":"::1 - - [13/Jan/2026:08:41:40 +0000] \"GET /api HTTP/1.1\" 200 41 \"-\" \"curl/8.7.1\"","service":"acquisitions-api","timestamp":"2026-01-13T08:41:40.801Z"}
{"level":"info","message":"::1 - - [13/Jan/2026:08:41:40 +0000] \"GET /api HTTP/1.1\" 200 41 \"-\" \"curl/8.7.1\"","service":"acquisitions-api","timestamp":"2026-01-13T08:41:40.811Z"}
{"level":"info","message":"::1 - - [13/Jan/2026:08:41:40 +0000] \"GET /api HTTP/1.1\" 200 41 \"-\" \"curl/8.7.1\"","service":"acquisitions-api","timestamp":"2026-01-13T08:41:40.820Z"}
{"level":"info","message":"::1 - - [13/Jan/2026:08:41:40 +0000] \"GET /api HTTP/1.1\" 200 41 \"-\" \"curl/8.7.1\"","service":"acquisitions-api","timestamp":"2026-01-13T08:41:40.830Z"}
{"level":"info","message":"::1 - - [13/Jan/2026:08:41:40 +0000] \"GET /api HTTP/1.1\" 200 41 \"-\" \"curl/8.7.1\"","service":"acquisitions-api","timestamp":"2026-01-13T08:41:40.840Z"}
{"level":"info","message":"::1 - - [13/Jan/2026:08:41:40 +0000] \"GET /api HTTP/1.1\" 200 41 \"-\" \"curl/8.7.1\"","service":"acquisitions-api","timestamp":"2026-01-13T08:41:40.850Z"}
{"level":"info","message":"::1 - - [13/Jan/2026:08:41:40 +0000] \"GET /api HTTP/1.1\" 200 41 \"-\" \"curl/8.7.1\"","service":"acquisitions-api","timestamp":"2026-01-13T08:41:40.860Z"}
{"level":"info","message":"::1 - - [13/Jan/2026:08:41:40 +0000] \"GET /api HTTP/1.1\" 200 41 \"-\" \"curl/8.7.1\"","service":"acquisitions-api","timestamp":"2026-01-13T08:41:40.869Z"}
{"level":"info","message":"::1 - - [13/Jan/2026:08:41:40 +0000] \"GET /api HTTP/1.1\" 200 41 \"-\" \"curl/8.7.1\"","service":"acquisitions-api","timestamp":"2026-01-13T08:41:40.879Z"}
{"level":"info","message":"::1 - - [13/Jan/2026:08:41:40 +0000] \"GET /api HTTP/1.1\" 200 41 \"-\" \"curl/8.7.1\"","service":"acquisitions-api","timestamp":"2026-01-13T08:41:40.889Z"}
{"level":"info","message":"::1 - - [13/Jan/2026:08:41:40 +0000] \"GET /api HTTP/1.1\" 200 41 \"-\" \"curl/8.7.1\"","service":"acquisitions-api","timestamp":"2026-01-13T08:41:40.899Z"}
{"level":"info","message":"::1 - - [13/Jan/2026:08:41:40 +0000] \"GET /api HTTP/1.1\" 200 41 \"-\" \"curl/8.7.1\"","service":"acquisitions-api","timestamp":"2026-01-13T08:41:40.909Z"}
{"level":"info","message":"::1 - - [13/Jan/2026:08:41:40 +0000] \"GET /api HTTP/1.1\" 200 41 \"-\" \"curl/8.7.1\"","service":"acquisitions-api","timestamp":"2026-01-13T08:41:40.919Z"}
{"level":"info","message":"::1 - - [13/Jan/2026:08:41:40 +0000] \"GET /api HTTP/1.1\" 200 41 \"-\" \"curl/8.7.1\"","service":"acquisitions-api","timestamp":"2026-01-13T08:41:40.929Z"}
{"level":"info","message":"::1 - - [13/Jan/2026:08:41:40 +0000] \"GET /api HTTP/1.1\" 200 41 \"-\" \"curl/8.7.1\"","service":"acquisitions-api","timestamp":"2026-01-13T08:41:40.940Z"}
{"level":"info","message":"::1 - - [13/Jan/2026:08:41:40 +0000] \"GET /api HTTP/1.1\" 200 41 \"-\" \"curl/8.7.1\"","service":"acquisitions-api","timestamp":"2026-01-13T08:41:40.949Z"}
{"level":"info","message":"::1 - - [13/Jan/2026:08:41:40 +0000] \"GET /api HTTP/1.1\" 200 41 \"-\" \"curl/8.7.1\"","service":"acquisitions-api","timestamp":"2026-01-13T08:41:40.959Z"}
{"level":"info","message":"::1 - - [13/Jan/2026:08:41:40 +0000] \"GET /api HTTP/1.1\" 200 41 \"-\" \"curl/8.7.1\"","service":"acquisitions-api","timestamp":"2026-01-13T08:41:40.969Z"}
{"level":"info","message":"::1 - - [13/Jan/2026:08:41:40 +0000] \"GET /api HTTP/1.1\" 200 41 \"-\" \"curl/8.7.1\"","service":"acquisitions-api","timestamp":"2026-01-13T08:41:40.980Z"}
{"level":"info","message":"::1 - - [13/Jan/2026:08:41:40 +0000] \"GET /api HTTP/1.1\" 200 41 \"-\" \"curl/8.7.1\"","service":"acquisitions-api","timestamp":"2026-01-13T08:41:40.989Z"}
{"level":"info","message":"::1 - - [13/Jan/2026:08:41:41 +0000] \"GET /api HTTP/1.1\" 200 41 \"-\" \"curl/8.7.1\"","service":"acquisitions-api","timestamp":"2026-01-13T08:41:41.001Z"}
{"level":"info","message":"::1 - - [13/Jan/2026:08:41:41 +0000] \"GET /api HTTP/1.1\" 200 41 \"-\" \"curl/8.7.1\"","service":"acquisitions-api","timestamp":"2026-01-13T08:41:41.010Z"}
{"level":"info","message":"::1 - - [13/Jan/2026:08:41:41 +0000] \"GET /api HTTP/1.1\" 200 41 \"-\" \"curl/8.7.1\"","service":"acquisitions-api","timestamp":"2026-01-13T08:41:41.019Z"}
{"level":"info","message":"::1 - - [13/Jan/2026:08:41:41 +0000] \"GET /api HTTP/1.1\" 200 41 \"-\" \"curl/8.7.1\"","service":"acquisitions-api","timestamp":"2026-01-13T08:41:41.028Z"}
{"level":"info","message":"::1 - - [13/Jan/2026:08:41:41 +0000] \"GET /api HTTP/1.1\" 200 41 \"-\" \"curl/8.7.1\"","service":"acquisitions-api","timestamp":"2026-01-13T08:41:41.039Z"}
{"level":"info","message":"::1 - - [13/Jan/2026:08:41:41 +0000] \"GET /api HTTP/1.1\" 200 41 \"-\" \"curl/8.7.1\"","service":"acquisitions-api","timestamp":"2026-01-13T08:41:41.048Z"}
{"level":"info","message":"::1 - - [13/Jan/2026:08:41:41 +0000] \"GET /api HTTP/1.1\" 200 41 \"-\" \"curl/8.7.1\"","service":"acquisitions-api","timestamp":"2026-01-13T08:41:41.057Z"}
{"level":"info","message":"::1 - - [13/Jan/2026:08:41:41 +0000] \"GET /api HTTP/1.1\" 200 41 \"-\" \"curl/8.7.1\"","service":"acquisitions-api","timestamp":"2026-01-13T08:41:41.067Z"}
{"level":"info","message":"::1 - - [13/Jan/2026:08:41:41 +0000] \"GET /api HTTP/1.1\" 200 41 \"-\" \"curl/8.7.1\"","service":"acquisitions-api","timestamp":"2026-01-13T08:41:41.076Z"}
{"level":"info","message":"::1 - - [13/Jan/2026:08:41:41 +0000] \"GET /api HTTP/1.1\" 200 41 \"-\" \"curl/8.7.1\"","service":"acquisitions-api","timestamp":"2026-01-13T08:41:41.086Z"}
{"level":"info","message":"::1 - - [13/Jan/2026:08:41:41 +0000] \"GET /api HTTP/1.1\" 200 41 \"-\" \"curl/8.7.1\"","service":"acquisitions-api","timestamp":"2026-01-13T08:41:41.096Z"}
{"level":"info","message":"::1 - - [13/Jan/2026:08:41:41 +0000] \"GET /api HTTP/1.1\" 200 41 \"-\" \"curl/8.7.1\"","service":"acquisitions-api","timestamp":"2026-01-13T08:41:41.105Z"}
{"level":"info","message":"::1 - - [13/Jan/2026:08:41:41 +0000] \"GET /api HTTP/1.1\" 200 41 \"-\" \"curl/8.7.1\"","service":"acquisitions-api","timestamp":"2026-01-13T08:41:41.115Z"}
{"level":"info","message":"::1 - - [13/Jan/2026:08:41:41 +0000] \"GET /api HTTP/1.1\" 200 41 \"-\" \"curl/8.7.1\"","service":"acquisitions-api","timestamp":"2026-01-13T08:41:41.124Z"}
{"level":"info","message":"::1 - - [13/Jan/2026:08:41:41 +0000] \"GET /api HTTP/1.1\" 200 41 \"-\" \"curl/8.7.1\"","service":"acquisitions-api","timestamp":"2026-01-13T08:41:41.134Z"}
{"level":"info","message":"::1 - - [13/Jan/2026:08:41:41 +0000] \"GET /api HTTP/1.1\" 200 41 \"-\" \"curl/8.7.1\"","service":"acquisitions-api","timestamp":"2026-01-13T08:41:41.143Z"}
{"level":"info","message":"::1 - - [13/Jan/2026:08:41:41 +0000] \"GET /api HTTP/1.1\" 200 41 \"-\" \"curl/8.7.1\"","service":"acquisitions-api","timestamp":"2026-01-13T08:41:41.153Z"}
{"level":"info","message":"::1 - - [13/Jan/2026:08:41:41 +0000] \"GET /api HTTP/1.1\" 200 41 \"-\" \"curl/8.7.1\"","service":"acquisitions-api","timestamp":"2026-01-13T08:41:41.163Z"}
{"level":"info","message":"::1 - - [13/Jan/2026:08:41:41 +0000] \"GET /api HTTP/1.1\" 200 41 \"-\" \"curl/8.7.1\"","service":"acquisitions-api","timestamp":"2026-01-13T08:41:41.173Z"}
{"level":"info","message":"::1 - - [13/Jan/2026:08:41:41 +0000] \"GET /api HTTP/1.1\" 200 41 \"-\" \"curl/8.7.1\"","service":"acquisitions-api","timestamp":"2026-01-13T08:41:41.182Z"}
{"level":"info","message":"::1 - - [13/Jan/2026:08:41:41 +0000] \"GET /api HTTP/1.1\" 200 41 \"-\" \"curl/8.7.1\"","service":"acquisitions-api","timestamp":"2026-01-13T08:41:41.192Z"}
{"level":"info","message":"::1 - - [13/Jan/2026:08:41:41 +0000] \"GET /api HTTP/1.1\" 200 41 \"-\" \"curl/8.7.1\"","service":"acquisitions-api","timestamp":"2026-01-13T08:41:41.201Z"}
{"level":"info","message":"::1 - - [13/Jan/2026:08:41:41 +0000] \"GET /api HTTP/1.1\" 200 41 \"-\" \"curl/8.7.1\"","service":"acquisitions-api","timestamp":"2026-01-13T08:41:41.211Z"}
{"level":"info","message":"::1 - - [13/Jan/2026:08:41:41 +0000] \"GET /api HTTP/1.1\" 200 41 \"-\" \"curl/8.7.1\"","service":"acquisitions-api","timestamp":"2026-01-13T08:41:41.220Z"}
{"level":"info","message":"::1 - - [13/Jan/2026:08:41:41 +0000] \"GET /api HTTP/1.1\" 200 41 \"-\" \"curl/8.7.1\"","service":"acquisitions-api","timestamp":"2026-01-13T08:41:41.230Z"}
{"level":"info","message":"::1 - - [13/Jan/2026:08:41:41 +0000] \"GET /api HTTP/1.1\" 200 41 \"-\" \"curl/8.7.1\"","service":"acquisitions-api","timestamp":"2026-01-13T08:41:41.240Z"}
{"level":"info","message":"::1 - - [13/Jan/2026:08:41:41 +0000] \"GET /api HTTP/1.1\" 200 41 \"-\" \"curl/8.7.1\"","service":"acquisitions-api","timestamp":"2026-01-13T08:41:41.250Z"}
{"level":"info","message":"::1 - - [13/Jan/2026:08:41:41 +0000] \"GET /api HTTP/1.1\" 200 41 \"-\" \"curl/8.7.1\"","service":"acquisitions-api","timestamp":"2026-01-13T08:41:41.260Z"}
{"level":"info","message":"::1 - - [13/Jan/2026:08:41:41 +0000] \"GET /api HTTP/1.1\" 200 41 \"-\" \"curl/8.7.1\"","service":"acquisitions-api","timestamp":"2026-01-13T08:41:41.269Z"}
{"level":"info","message":"::1 - - [13/Jan/2026:08:41:41 +0000] \"GET /api HTTP/1.1\" 200 41 \"-\" \"curl/8.7.1\"","service":"acquisitions-api","timestamp":"2026-01-13T08:41:41.279Z"}
{"level":"info","message":"::1 - - [13/Jan/2026:08:41:41 +0000] \"GET /api HTTP/1.1\" 200 41 \"-\" \"curl/8.7.1\"","service":"acquisitions-api","timestamp":"2026-01-13T08:41:41.289Z"}
{"level":"info","message":"::1 - - [13/Jan/2026:08:41:41 +0000] \"GET /api HTTP/1.1\" 200 41 \"-\" \"curl/8.7.1\"","service":"acquisitions-api","timestamp":"2026-01-13T08:41:41.299Z"}
{"level":"info","message":"::1 - - [13/Jan/2026:08:41:41 +0000] \"GET /api HTTP/1.1\" 200 41 \"-\" \"curl/8.7.1\"","service":"acquisitions-api","timestamp":"2026-01-13T08:41:41.309Z"}
{"level":"info","message":"::1 - - [13/Jan/2026:08:41:41 +0000] \"GET /api HTTP/1.1\" 200 41 \"-\" \"curl/8.7.1\"","service":"acquisitions-api","timestamp":"2026-01-13T08:41:41.320Z"}
{"level":"info","message":"::1 - - [13/Jan/2026:08:41:41 +0000] \"GET /api HTTP/1.1\" 200 41 \"-\" \"curl/8.7.1\"","service":"acquisitions-api","timestamp":"2026-01-13T08:41:41.330Z"}
{"level":"info","message":"::1 - - [13/Jan/2026:08:41:41 +0000] \"GET /api HTTP/1.1\" 200 41 \"-\" \"curl/8.7.1\"","service":"acquisitions-api","timestamp":"2026-01-13T08:41:41.340Z"}
{"level":"info","message":"::1 - - [13/Jan/2026:08:41:41 +0000] \"GET /api HTTP/1.1\" 200 41 \"-\" \"curl/8.7.1\"","service":"acquisitions-api","timestamp":"2026-01-13T08:41:41.350Z"}
{"level":"info","message":"::1 - - [13/Jan/2026:08:41:41 +0000] \"GET /api HTTP/1.1\" 200 41 \"-\" \"curl/8.7.1\"","service":"acquisitions-api","timestamp":"2026-01-13T08:41:41.359Z"}
{"level":"info","message":"::1 - - [13/Jan/2026:08:41:41 +0000] \"GET /api HTTP/1.1\" 200 41 \"-\" \"curl/8.7.1\"","service":"acquisitions-api","timestamp":"2026-01-13T08:41:41.369Z"}
{"level":"info","message":"::1 - - [13/Jan/2026:08:41:41 +0000] \"GET /api HTTP/1.1\" 200 41 \"-\" \"curl/8.7.1\"","service":"acquisitions-api","timestamp":"2026-01-13T08:41:41.379Z"}
{"level":"info","message":"::1 - - [13/Jan/2026:08:41:41 +0000] \"GET /api HTTP/1.1\" 200 41 \"-\" \"curl/8.7.1\"","service":"acquisitions-api","timestamp":"2026-01-13T08:41:41.389Z"}
{"level":"info","message":"::1 - - [13/Jan/2026:08:41:41 +0000] \"GET /api HTTP/1.1\" 200 41 \"-\" \"curl/8.7.1\"","service":"acquisitions-api","timestamp":"2026-01-13T08:41:41.399Z"}
{"level":"info","message":"::1 - - [13/Jan/2026:08:41:41 +0000] \"GET /api HTTP/1.1\" 200 41 \"-\" \"curl/8.7.1\"","service":"acquisitions-api","timestamp":"2026-01-13T08:41:41.409Z"}
{"level":"info","message":"::1 - - [13/Jan/2026:08:41:41 +0000] \"GET /api HTTP/1.1\" 200 41 \"-\" \"curl/8.7.1\"","service":"acquisitions-api","timestamp":"2026-01-13T08:41:41.419Z"}
{"level":"info","message":"::1 - - [13/Jan/2026:08:41:41 +0000] \"GET /api HTTP/1.1\" 200 41 \"-\" \"curl/8.7.1\"","service":"acquisitions-api","timestamp":"2026-01-13T08:41:41.429Z"}
{"level":"info","message":"::1 - - [13/Jan/2026:08:41:41 +0000] \"GET /api HTTP/1.1\" 200 41 \"-\" \"curl/8.7.1\"","service":"acquisitions-api","timestamp":"2026-01-13T08:41:41.439Z"}
{"level":"info","message":"::1 - - [13/Jan/2026:08:41:41 +0000] \"GET /api HTTP/1.1\" 200 41 \"-\" \"curl/8.7.1\"","service":"acquisitions-api","timestamp":"2026-01-13T08:41:41.449Z"}
{"level":"info","message":"::1 - - [13/Jan/2026:08:41:41 +0000] \"GET /api HTTP/1.1\" 200 41 \"-\" \"curl/8.7.1\"","service":"acquisitions-api","timestamp":"2026-01-13T08:41:41.459Z"}
{"level":"info","message":"::1 - - [13/Jan/2026:08:41:41 +0000] \"GET /api HTTP/1.1\" 200 41 \"-\" \"curl/8.7.1\"","service":"acquisitions-api","timestamp":"2026-01-13T08:41:41.469Z"}
{"level":"info","message":"::1 - - [13/Jan/2026:08:41:41 +0000] \"GET /api HTTP/1.1\" 200 41 \"-\" \"curl/8.7.1\"","service":"acquisitions-api","timestamp":"2026-01-13T08:41:41.478Z"}
{"level":"info","message":"::1 - - [13/Jan/2026:08:41:41 +0000] \"GET /api HTTP/1.1\" 200 41 \"-\" \"curl/8.7.1\"","service":"acquisitions-api","timestamp":"2026-01-13T08:41:41.489Z"}
{"level":"info","message":"::1 - - [13/Jan/2026:08:41:41 +0000] \"GET /api HTTP/1.1\" 200 41 \"-\" \"curl/8.7.1\"","service":"acquisitions-api","timestamp":"2026-01-13T08:41:41.498Z"}
{"level":"info","message":"::1 - - [13/Jan/2026:08:41:41 +0000] \"GET /api HTTP/1.1\" 200 41 \"-\" \"curl/8.7.1\"","service":"acquisitions-api","timestamp":"2026-01-13T08:41:41.509Z"}
{"level":"info","message":"::1 - - [13/Jan/2026:08:41:41 +0000] \"GET /api HTTP/1.1\" 200 41 \"-\" \"curl/8.7.1\"","service":"acquisitions-api","timestamp":"2026-01-13T08:41:41.519Z"}
{"level":"info","message":"::1 - - [13/Jan/2026:08:41:41 +0000] \"GET /api HTTP/1.1\" 200 41 \"-\" \"curl/8.7.1\"","service":"acquisitions-api","timestamp":"2026-01-13T08:41:41.529Z"}
{"level":"info","message":"::1 - - [13/Jan/2026:08:41:41 +0000] \"GET /api HTTP/1.1\" 200 41 \"-\" \"curl/8.7.1\"","service":"acquisitions-api","timestamp":"2026-01-13T08:41:41.539Z"}
{"level":"info","message":"::1 - - [13/Jan/2026:08:41:41 +0000] \"GET /api HTTP/1.1\" 200 41 \"-\" \"curl/8.7.1\"","service":"acquisitions-api","timestamp":"2026-01-13T08:41:41.568Z"}
{"level":"info","message":"::1 - - [13/Jan/2026:08:41:41 +0000] \"GET /api HTTP/1.1\" 200 41 \"-\" \"curl/8.7.1\"","service":"acquisitions-api","timestamp":"2026-01-13T08:41:41.580Z"}
{"level":"info","message":"::1 - - [13/Jan/2026:08:41:41 +0000] \"GET /api HTTP/1.1\" 200 41 \"-\" \"curl/8.7.1\"","service":"acquisitions-api","timestamp":"2026-01-13T08:41:41.590Z"}
{"level":"info","message":"::1 - - [13/Jan/2026:08:41:41 +0000] \"GET /api HTTP/1.1\" 200 41 \"-\" \"curl/8.7.1\"","service":"acquisitions-api","timestamp":"2026-01-13T08:41:41.601Z"}
{"level":"info","message":"::1 - - [13/Jan/2026:08:41:41 +0000] \"GET /api HTTP/1.1\" 200 41 \"-\" \"curl/8.7.1\"","service":"acquisitions-api","timestamp":"2026-01-13T08:41:41.612Z"}
{"level":"info","message":"::1 - - [13/Jan/2026:08:41:41 +0000] \"GET /api HTTP/1.1\" 200 41 \"-\" \"curl/8.7.1\"","service":"acquisitions-api","timestamp":"2026-01-13T08:41:41.621Z"}
{"level":"info","message":"::1 - - [13/Jan/2026:08:41:41 +0000] \"GET /api HTTP/1.1\" 200 41 \"-\" \"curl/8.7.1\"","service":"acquisitions-api","timestamp":"2026-01-13T08:41:41.630Z"}
{"level":"info","message":"::1 - - [13/Jan/2026:08:41:41 +0000] \"GET /api HTTP/1.1\" 200 41 \"-\" \"curl/8.7.1\"","service":"acquisitions-api","timestamp":"2026-01-13T08:41:41.640Z"}
{"level":"info","message":"::1 - - [13/Jan/2026:08:41:41 +0000] \"GET /api HTTP/1.1\" 200 41 \"-\" \"curl/8.7.1\"","service":"acquisitions-api","timestamp":"2026-01-13T08:41:41.651Z"}
{"level":"info","message":"::1 - - [13/Jan/2026:08:41:41 +0000] \"GET /api HTTP/1.1\" 200 41 \"-\" \"curl/8.7.1\"","service":"acquisitions-api","timestamp":"2026-01-13T08:41:41.660Z"}
{"level":"info","message":"::1 - - [13/Jan/2026:08:41:41 +0000] \"GET /api HTTP/1.1\" 200 41 \"-\" \"curl/8.7.1\"","service":"acquisitions-api","timestamp":"2026-01-13T08:41:41.670Z"}
{"level":"info","message":"::1 - - [13/Jan/2026:08:41:41 +0000] \"GET /api HTTP/1.1\" 200 41 \"-\" \"curl/8.7.1\"","service":"acquisitions-api","timestamp":"2026-01-13T08:41:41.681Z"}
{"level":"info","message":"::1 - - [13/Jan/2026:08:41:41 +0000] \"GET /api HTTP/1.1\" 200 41 \"-\" \"curl/8.7.1\"","service":"acquisitions-api","timestamp":"2026-01-13T08:41:41.692Z"}
{"level":"info","message":"::1 - - [13/Jan/2026:08:41:41 +0000] \"GET /api HTTP/1.1\" 200 41 \"-\" \"curl/8.7.1\"","service":"acquisitions-api","timestamp":"2026-01-13T08:41:41.701Z"}
{"level":"info","message":"::1 - - [13/Jan/2026:08:41:41 +0000] \"GET /api HTTP/1.1\" 200 41 \"-\" \"curl/8.7.1\"","service":"acquisitions-api","timestamp":"2026-01-13T08:41:41.711Z"}
{"level":"info","message":"::1 - - [13/Jan/2026:08:41:41 +0000] \"GET /api HTTP/1.1\" 200 41 \"-\" \"curl/8.7.1\"","service":"acquisitions-api","timestamp":"2026-01-13T08:41:41.721Z"}
{"level":"info","message":"::1 - - [13/Jan/2026:08:41:41 +0000] \"GET /api HTTP/1.1\" 200 41 \"-\" \"curl/8.7.1\"","service":"acquisitions-api","timestamp":"2026-01-13T08:41:41.730Z"}
{"level":"info","message":"::1 - - [13/Jan/2026:08:41:41 +0000] \"GET /api HTTP/1.1\" 200 41 \"-\" \"curl/8.7.1\"","service":"acquisitions-api","timestamp":"2026-01-13T08:41:41.741Z"}
{"level":"info","message":"::1 - - [13/Jan/2026:08:41:41 +0000] \"GET /api HTTP/1.1\" 200 41 \"-\" \"curl/8.7.1\"","service":"acquisitions-api","timestamp":"2026-01-13T08:41:41.752Z"}
{"level":"info","message":"::1 - - [13/Jan/2026:08:41:41 +0000] \"GET /api HTTP/1.1\" 200 41 \"-\" \"curl/8.7.1\"","service":"acquisitions-api","timestamp":"2026-01-13T08:41:41.761Z"}
{"level":"info","message":"::1 - - [13/Jan/2026:08:41:41 +0000] \"GET /api HTTP/1.1\" 200 41 \"-\" \"curl/8.7.1\"","service":"acquisitions-api","timestamp":"2026-01-13T08:41:41.771Z"}
{"level":"info","message":"::1 - - [13/Jan/2026:08:41:41 +0000] \"GET /api HTTP/1.1\" 200 41 \"-\" \"curl/8.7.1\"","service":"acquisitions-api","timestamp":"2026-01-13T08:41:41.781Z"}
{"level":"info","message":"::1 - - [13/Jan/2026:08:41:41 +0000] \"GET /api HTTP/1.1\" 200 41 \"-\" \"curl/8.7.1\"","service":"acquisitions-api","timestamp":"2026-01-13T08:41:41.791Z"}
{"level":"info","message":"::1 - - [13/Jan/2026:08:41:41 +0000] \"GET /api HTTP/1.1\" 200 41 \"-\" \"curl/8.7.1\"","service":"acquisitions-api","timestamp":"2026-01-13T08:41:41.801Z"}
{"level":"info","message":"::1 - - [13/Jan/2026:08:41:41 +0000] \"GET /api HTTP/1.1\" 200 41 \"-\" \"curl/8.7.1\"","service":"acquisitions-api","timestamp":"2026-01-13T08:41:41.810Z"}
{"level":"info","message":"::1 - - [13/Jan/2026:08:41:41 +0000] \"GET /api HTTP/1.1\" 200 41 \"-\" \"curl/8.7.1\"","service":"acquisitions-api","timestamp":"2026-01-13T08:41:41.821Z"}
{"level":"info","message":"::1 - - [13/Jan/2026:08:41:41 +0000] \"GET /api HTTP/1.1\" 200 41 \"-\" \"curl/8.7.1\"","service":"acquisitions-api","timestamp":"2026-01-13T08:41:41.830Z"}
{"level":"info","message":"::1 - - [13/Jan/2026:08:41:41 +0000] \"GET /api HTTP/1.1\" 200 41 \"-\" \"curl/8.7.1\"","service":"acquisitions-api","timestamp":"2026-01-13T08:41:41.840Z"}
{"level":"info","message":"::1 - - [13/Jan/2026:08:41:41 +0000] \"GET /api HTTP/1.1\" 200 41 \"-\" \"curl/8.7.1\"","service":"acquisitions-api","timestamp":"2026-01-13T08:41:41.850Z"}
{"level":"info","message":"::1 - - [13/Jan/2026:08:41:41 +0000] \"GET /api HTTP/1.1\" 200 41 \"-\" \"curl/8.7.1\"","service":"acquisitions-api","timestamp":"2026-01-13T08:41:41.860Z"}
{"level":"info","message":"::1 - - [13/Jan/2026:08:41:41 +0000] \"GET /api HTTP/1.1\" 200 41 \"-\" \"curl/8.7.1\"","service":"acquisitions-api","timestamp":"2026-01-13T08:41:41.869Z"}
{"level":"info","message":"::1 - - [13/Jan/2026:08:41:41 +0000] \"GET /api HTTP/1.1\" 200 41 \"-\" \"curl/8.7.1\"","service":"acquisitions-api","timestamp":"2026-01-13T08:41:41.879Z"}
{"level":"info","message":"::1 - - [13/Jan/2026:08:41:41 +0000] \"GET /api HTTP/1.1\" 200 41 \"-\" \"curl/8.7.1\"","service":"acquisitions-api","timestamp":"2026-01-13T08:41:41.889Z"}
{"level":"info","message":"::1 - - [13/Jan/2026:08:41:41 +0000] \"GET /api HTTP/1.1\" 200 41 \"-\" \"curl/8.7.1\"","service":"acquisitions-api","timestamp":"2026-01-13T08:41:41.899Z"}
{"level":"info","message":"::1 - - [13/Jan/2026:08:41:41 +0000] \"GET /api HTTP/1.1\" 200 41 \"-\" \"curl/8.7.1\"","service":"acquisitions-api","timestamp":"2026-01-13T08:41:41.909Z"}
{"level":"info","message":"::1 - - [13/Jan/2026:08:41:41 +0000] \"GET /api HTTP/1.1\" 200 41 \"-\" \"curl/8.7.1\"","service":"acquisitions-api","timestamp":"2026-01-13T08:41:41.919Z"}
{"level":"info","message":"::1 - - [13/Jan/2026:08:41:41 +0000] \"GET /api HTTP/1.1\" 200 41 \"-\" \"curl/8.7.1\"","service":"acquisitions-api","timestamp":"2026-01-13T08:41:41.929Z"}
{"level":"info","message":"::1 - - [13/Jan/2026:08:41:41 +0000] \"GET /api HTTP/1.1\" 200 41 \"-\" \"curl/8.7.1\"","service":"acquisitions-api","timestamp":"2026-01-13T08:41:41.939Z"}
{"level":"info","message":"::1 - - [13/Jan/2026:08:41:41 +0000] \"GET /api HTTP/1.1\" 200 41 \"-\" \"curl/8.7.1\"","service":"acquisitions-api","timestamp":"2026-01-13T08:41:41.949Z"}
{"level":"info","message":"::1 - - [13/Jan/2026:08:41:41 +0000] \"GET /api HTTP/1.1\" 200 41 \"-\" \"curl/8.7.1\"","service":"acquisitions-api","timestamp":"2026-01-13T08:41:41.959Z"}
{"level":"info","message":"::1 - - [13/Jan/2026:08:41:41 +0000] \"GET /api HTTP/1.1\" 200 41 \"-\" \"curl/8.7.1\"","service":"acquisitions-api","timestamp":"2026-01-13T08:41:41.968Z"}
{"level":"info","message":"::1 - - [13/Jan/2026:08:41:41 +0000] \"GET /api HTTP/1.1\" 200 41 \"-\" \"curl/8.7.1\"","service":"acquisitions-api","timestamp":"2026-01-13T08:41:41.978Z"}
{"level":"info","message":"::1 - - [13/Jan/2026:08:41:41 +0000] \"GET /api HTTP/1.1\" 200 41 \"-\" \"curl/8.7.1\"","service":"acquisitions-api","timestamp":"2026-01-13T08:41:41.988Z"}
{"level":"info","message":"::1 - - [13/Jan/2026:08:41:41 +0000] \"GET /api HTTP/1.1\" 200 41 \"-\" \"curl/8.7.1\"","service":"acquisitions-api","timestamp":"2026-01-13T08:41:41.998Z"}
{"level":"info","message":"::1 - - [13/Jan/2026:08:41:42 +0000] \"GET /api HTTP/1.1\" 200 41 \"-\" \"curl/8.7.1\"","service":"acquisitions-api","timestamp":"2026-01-13T08:41:42.009Z"}
{"level":"info","message":"::1 - - [13/Jan/2026:08:41:42 +0000] \"GET /api HTTP/1.1\" 200 41 \"-\" \"curl/8.7.1\"","service":"acquisitions-api","timestamp":"2026-01-13T08:41:42.018Z"}
{"level":"info","message":"::1 - - [13/Jan/2026:08:41:42 +0000] \"GET /api HTTP/1.1\" 200 41 \"-\" \"curl/8.7.1\"","service":"acquisitions-api","timestamp":"2026-01-13T08:41:42.029Z"}
{"level":"info","message":"::1 - - [13/Jan/2026:08:41:42 +0000] \"GET /api HTTP/1.1\" 200 41 \"-\" \"curl/8.7.1\"","service":"acquisitions-api","timestamp":"2026-01-13T08:41:42.040Z"}
{"level":"info","message":"::1 - - [13/Jan/2026:08:41:42 +0000] \"GET /api HTTP/1.1\" 200 41 \"-\" \"curl/8.7.1\"","service":"acquisitions-api","timestamp":"2026-01-13T08:41:42.049Z"}
{"level":"info","message":"::1 - - [13/Jan/2026:08:41:42 +0000] \"GET /api HTTP/1.1\" 200 41 \"-\" \"curl/8.7.1\"","service":"acquisitions-api","timestamp":"2026-01-13T08:41:42.058Z"}
{"level":"info","message":"::1 - - [13/Jan/2026:08:41:42 +0000] \"GET /api HTTP/1.1\" 200 41 \"-\" \"curl/8.7.1\"","service":"acquisitions-api","timestamp":"2026-01-13T08:41:42.068Z"}
{"level":"info","message":"::1 - - [13/Jan/2026:08:41:42 +0000] \"GET /api HTTP/1.1\" 200 41 \"-\" \"curl/8.7.1\"","service":"acquisitions-api","timestamp":"2026-01-13T08:41:42.077Z"}
{"level":"info","message":"::1 - - [13/Jan/2026:08:41:42 +0000] \"GET /api HTTP/1.1\" 200 41 \"-\" \"curl/8.7.1\"","service":"acquisitions-api","timestamp":"2026-01-13T08:41:42.087Z"}
{"level":"info","message":"::1 - - [13/Jan/2026:08:41:42 +0000] \"GET /api HTTP/1.1\" 200 41 \"-\" \"curl/8.7.1\"","service":"acquisitions-api","timestamp":"2026-01-13T08:41:42.097Z"}
{"level":"info","message":"::1 - - [13/Jan/2026:08:41:42 +0000] \"GET /api HTTP/1.1\" 200 41 \"-\" \"curl/8.7.1\"","service":"acquisitions-api","timestamp":"2026-01-13T08:41:42.107Z"}
{"level":"info","message":"::1 - - [13/Jan/2026:08:41:42 +0000] \"GET /api HTTP/1.1\" 200 41 \"-\" \"curl/8.7.1\"","service":"acquisitions-api","timestamp":"2026-01-13T08:41:42.117Z"}
{"level":"info","message":"::1 - - [13/Jan/2026:08:41:42 +0000] \"GET /api HTTP/1.1\" 200 41 \"-\" \"curl/8.7.1\"","service":"acquisitions-api","timestamp":"2026-01-13T08:41:42.127Z"}
{"level":"info","message":"::1 - - [13/Jan/2026:08:41:42 +0000] \"GET /api HTTP/1.1\" 200 41 \"-\" \"curl/8.7.1\"","service":"acquisitions-api","timestamp":"2026-01-13T08:41:42.136Z"}
{"level":"info","message":"::1 - - [13/Jan/2026:08:41:42 +0000] \"GET /api HTTP/1.1\" 200 41 \"-\" \"curl/8.7.1\"","service":"acquisitions-api","timestamp":"2026-01-13T08:41:42.146Z"}
{"level":"info","message":"::1 - - [13/Jan/2026:08:41:42 +0000] \"GET /api HTTP/1.1\" 200 41 \"-\" \"curl/8.7.1\"","service":"acquisitions-api","timestamp":"2026-01-13T08:41:42.156Z"}
{"level":"info","message":"::1 - - [13/Jan/2026:08:41:42 +0000] \"GET /api HTTP/1.1\" 200 41 \"-\" \"curl/8.7.1\"","service":"acquisitions-api","timestamp":"2026-01-13T08:41:42.164Z"}
{"level":"info","message":"::1 - - [13/Jan/2026:08:41:42 +0000] \"GET /api HTTP/1.1\" 200 41 \"-\" \"curl/8.7.1\"","service":"acquisitions-api","timestamp":"2026-01-13T08:41:42.176Z"}
{"level":"info","message":"::1 - - [13/Jan/2026:08:41:42 +0000] \"GET /api HTTP/1.1\" 200 41 \"-\" \"curl/8.7.1\"","service":"acquisitions-api","timestamp":"2026-01-13T08:41:42.185Z"}
{"level":"info","message":"::1 - - [13/Jan/2026:08:41:42 +0000] \"GET /api HTTP/1.1\" 200 41 \"-\" \"curl/8.7.1\"","service":"acquisitions-api","timestamp":"2026-01-13T08:41:42.194Z"}
{"level":"info","message":"::1 - - [13/Jan/2026:08:41:42 +0000] \"GET /api HTTP/1.1\" 200 41 \"-\" \"curl/8.7.1\"","service":"acquisitions-api","timestamp":"2026-01-13T08:41:42.203Z"}
{"level":"info","message":"::1 - - [13/Jan/2026:08:41:42 +0000] \"GET /api HTTP/1.1\" 200 41 \"-\" \"curl/8.7.1\"","service":"acquisitions-api","timestamp":"2026-01-13T08:41:42.214Z"}
{"level":"info","message":"::1 - - [13/Jan/2026:08:41:42 +0000] \"GET /api HTTP/1.1\" 200 41 \"-\" \"curl/8.7.1\"","service":"acquisitions-api","timestamp":"2026-01-13T08:41:42.224Z"}
{"level":"info","message":"::1 - - [13/Jan/2026:08:41:42 +0000] \"GET /api HTTP/1.1\" 200 41 \"-\" \"curl/8.7.1\"","service":"acquisitions-api","timestamp":"2026-01-13T08:41:42.233Z"}
{"level":"info","message":"::1 - - [13/Jan/2026:08:41:42 +0000] \"GET /api HTTP/1.1\" 200 41 \"-\" \"curl/8.7.1\"","service":"acquisitions-api","timestamp":"2026-01-13T08:41:42.243Z"}
{"level":"info","message":"::1 - - [13/Jan/2026:08:41:42 +0000] \"GET /api HTTP/1.1\" 200 41 \"-\" \"curl/8.7.1\"","service":"acquisitions-api","timestamp":"2026-01-13T08:41:42.252Z"}
{"level":"info","message":"::1 - - [13/Jan/2026:08:41:42 +0000] \"GET /api HTTP/1.1\" 200 41 \"-\" \"curl/8.7.1\"","service":"acquisitions-api","timestamp":"2026-01-13T08:41:42.261Z"}
{"level":"info","message":"::1 - - [13/Jan/2026:08:41:42 +0000] \"GET /api HTTP/1.1\" 200 41 \"-\" \"curl/8.7.1\"","service":"acquisitions-api","timestamp":"2026-01-13T08:41:42.272Z"}
{"level":"info","message":"::1 - - [13/Jan/2026:08:41:42 +0000] \"GET /api HTTP/1.1\" 200 41 \"-\" \"curl/8.7.1\"","service":"acquisitions-api","timestamp":"2026-01-13T08:41:42.282Z"}
{"level":"info","message":"::1 - - [13/Jan/2026:08:41:42 +0000] \"GET /api HTTP/1.1\" 200 41 \"-\" \"curl/8.7.1\"","service":"acquisitions-api","timestamp":"2026-01-13T08:41:42.291Z"}
{"level":"info","message":"::1 - - [13/Jan/2026:08:41:42 +0000] \"GET /api HTTP/1.1\" 200 41 \"-\" \"curl/8.7.1\"","service":"acquisitions-api","timestamp":"2026-01-13T08:41:42.300Z"}
{"level":"info","message":"::1 - - [13/Jan/2026:08:41:42 +0000] \"GET /api HTTP/1.1\" 200 41 \"-\" \"curl/8.7.1\"","service":"acquisitions-api","timestamp":"2026-01-13T08:41:42.310Z"}
{"level":"info","message":"::1 - - [13/Jan/2026:08:41:42 +0000] \"GET /api HTTP/1.1\" 200 41 \"-\" \"curl/8.7.1\"","service":"acquisitions-api","timestamp":"2026-01-13T08:41:42.320Z"}
{"level":"info","message":"::1 - - [13/Jan/2026:08:41:42 +0000] \"GET /api HTTP/1.1\" 200 41 \"-\" \"curl/8.7.1\"","service":"acquisitions-api","timestamp":"2026-01-13T08:41:42.330Z"}
{"level":"info","message":"::1 - - [13/Jan/2026:08:41:42 +0000] \"GET /api HTTP/1.1\" 200 41 \"-\" \"curl/8.7.1\"","service":"acquisitions-api","timestamp":"2026-01-13T08:41:42.339Z"}
{"level":"info","message":"::1 - - [13/Jan/2026:08:41:42 +0000] \"GET /api HTTP/1.1\" 200 41 \"-\" \"curl/8.7.1\"","service":"acquisitions-api","timestamp":"2026-01-13T08:41:42.349Z"}
{"level":"info","message":"::1 - - [13/Jan/2026:08:41:42 +0000] \"GET /api HTTP/1.1\" 200 41 \"-\" \"curl/8.7.1\"","service":"acquisitions-api","timestamp":"2026-01-13T08:41:42.359Z"}
{"level":"info","message":"::1 - - [13/Jan/2026:08:41:42 +0000] \"GET /api HTTP/1.1\" 200 41 \"-\" \"curl/8.7.1\"","service":"acquisitions-api","timestamp":"2026-01-13T08:41:42.368Z"}
{"level":"info","message":"::1 - - [13/Jan/2026:08:41:42 +0000] \"GET /api HTTP/1.1\" 200 41 \"-\" \"curl/8.7.1\"","service":"acquisitions-api","timestamp":"2026-01-13T08:41:42.378Z"}
{"level":"info","message":"::1 - - [13/Jan/2026:08:41:42 +0000] \"GET /api HTTP/1.1\" 200 41 \"-\" \"curl/8.7.1\"","service":"acquisitions-api","timestamp":"2026-01-13T08:41:42.388Z"}
{"level":"info","message":"::1 - - [13/Jan/2026:08:41:42 +0000] \"GET /api HTTP/1.1\" 200 41 \"-\" \"curl/8.7.1\"","service":"acquisitions-api","timestamp":"2026-01-13T08:41:42.397Z"}
{"level":"info","message":"::1 - - [13/Jan/2026:08:41:42 +0000] \"GET /api HTTP/1.1\" 200 41 \"-\" \"curl/8.7.1\"","service":"acquisitions-api","timestamp":"2026-01-13T08:41:42.407Z"}
{"level":"info","message":"::1 - - [13/Jan/2026:08:41:42 +0000] \"GET /api HTTP/1.1\" 200 41 \"-\" \"curl/8.7.1\"","service":"acquisitions-api","timestamp":"2026-01-13T08:41:42.416Z"}
{"level":"info","message":"::1 - - [13/Jan/2026:08:41:42 +0000] \"GET /api HTTP/1.1\" 200 41 \"-\" \"curl/8.7.1\"","service":"acquisitions-api","timestamp":"2026-01-13T08:41:42.426Z"}
{"level":"info","message":"::1 - - [13/Jan/2026:08:41:42 +0000] \"GET /api HTTP/1.1\" 200 41 \"-\" \"curl/8.7.1\"","service":"acquisitions-api","timestamp":"2026-01-13T08:41:42.436Z"}
{"level":"info","message":"::1 - - [13/Jan/2026:08:41:42 +0000] \"GET /api HTTP/1.1\" 200 41 \"-\" \"curl/8.7.1\"","service":"acquisitions-api","timestamp":"2026-01-13T08:41:42.446Z"}
{"level":"info","message":"::1 - - [13/Jan/2026:08:41:42 +0000] \"GET /api HTTP/1.1\" 200 41 \"-\" \"curl/8.7.1\"","service":"acquisitions-api","timestamp":"2026-01-13T08:41:42.456Z"}
{"level":"info","message":"::1 - - [13/Jan/2026:08:41:42 +0000] \"GET /api HTTP/1.1\" 200 41 \"-\" \"curl/8.7.1\"","service":"acquisitions-api","timestamp":"2026-01-13T08:41:42.466Z"}
{"level":"info","message":"::1 - - [13/Jan/2026:08:41:42 +0000] \"GET /api HTTP/1.1\" 200 41 \"-\" \"curl/8.7.1\"","service":"acquisitions-api","timestamp":"2026-01-13T08:41:42.476Z"}
{"level":"info","message":"::1 - - [13/Jan/2026:08:41:42 +0000] \"GET /api HTTP/1.1\" 200 41 \"-\" \"curl/8.7.1\"","service":"acquisitions-api","timestamp":"2026-01-13T08:41:42.486Z"}
{"level":"info","message":"::1 - - [13/Jan/2026:08:41:42 +0000] \"GET /api HTTP/1.1\" 200 41 \"-\" \"curl/8.7.1\"","service":"acquisitions-api","timestamp":"2026-01-13T08:41:42.495Z"}
{"level":"info","message":"::1 - - [13/Jan/2026:08:41:42 +0000] \"GET /api HTTP/1.1\" 200 41 \"-\" \"curl/8.7.1\"","service":"acquisitions-api","timestamp":"2026-01-13T08:41:42.504Z"}
{"level":"info","message":"::1 - - [13/Jan/2026:08:41:42 +0000] \"GET /api HTTP/1.1\" 200 41 \"-\" \"curl/8.7.1\"","service":"acquisitions-api","timestamp":"2026-01-13T08:41:42.520Z"}
{"level":"info","message":"::1 - - [13/Jan/2026:08:41:42 +0000] \"GET /api HTTP/1.1\" 200 41 \"-\" \"curl/8.7.1\"","service":"acquisitions-api","timestamp":"2026-01-13T08:41:42.545Z"}
{"level":"info","message":"::1 - - [13/Jan/2026:08:41:42 +0000] \"GET /api HTTP/1.1\" 200 41 \"-\" \"curl/8.7.1\"","service":"acquisitions-api","timestamp":"2026-01-13T08:41:42.555Z"}
{"level":"info","message":"::1 - - [13/Jan/2026:08:41:42 +0000] \"GET /api HTTP/1.1\" 200 41 \"-\" \"curl/8.7.1\"","service":"acquisitions-api","timestamp":"2026-01-13T08:41:42.565Z"}
{"level":"info","message":"::1 - - [13/Jan/2026:08:41:42 +0000] \"GET /api HTTP/1.1\" 200 41 \"-\" \"curl/8.7.1\"","service":"acquisitions-api","timestamp":"2026-01-13T08:41:42.576Z"}
{"level":"info","message":"::1 - - [13/Jan/2026:08:41:42 +0000] \"GET /api HTTP/1.1\" 200 41 \"-\" \"curl/8.7.1\"","service":"acquisitions-api","timestamp":"2026-01-13T08:41:42.586Z"}
{"level":"info","message":"::1 - - [13/Jan/2026:08:41:42 +0000] \"GET /api HTTP/1.1\" 200 41 \"-\" \"curl/8.7.1\"","service":"acquisitions-api","timestamp":"2026-01-13T08:41:42.597Z"}
{"level":"info","message":"::1 - - [13/Jan/2026:08:41:42 +0000] \"GET /api HTTP/1.1\" 200 41 \"-\" \"curl/8.7.1\"","service":"acquisitions-api","timestamp":"2026-01-13T08:41:42.607Z"}
{"level":"info","message":"::1 - - [13/Jan/2026:08:41:42 +0000] \"GET /api HTTP/1.1\" 200 41 \"-\" \"curl/8.7.1\"","service":"acquisitions-api","timestamp":"2026-01-13T08:41:42.616Z"}
{"level":"info","message":"::1 - - [13/Jan/2026:08:41:42 +0000] \"GET /api HTTP/1.1\" 200 41 \"-\" \"curl/8.7.1\"","service":"acquisitions-api","timestamp":"2026-01-13T08:41:42.626Z"}
{"level":"info","message":"::1 - - [13/Jan/2026:08:41:42 +0000] \"GET /api HTTP/1.1\" 200 41 \"-\" \"curl/8.7.1\"","service":"acquisitions-api","timestamp":"2026-01-13T08:41:42.635Z"}
{"level":"info","message":"::1 - - [13/Jan/2026:08:41:42 +0000] \"GET /api HTTP/1.1\" 200 41 \"-\" \"curl/8.7.1\"","service":"acquisitions-api","timestamp":"2026-01-13T08:41:42.645Z"}
{"level":"info","message":"::1 - - [13/Jan/2026:08:41:42 +0000] \"GET /api HTTP/1.1\" 200 41 \"-\" \"curl/8.7.1\"","service":"acquisitions-api","timestamp":"2026-01-13T08:41:42.655Z"}
{"level":"info","message":"::1 - - [13/Jan/2026:08:41:42 +0000] \"GET /api HTTP/1.1\" 200 41 \"-\" \"curl/8.7.1\"","service":"acquisitions-api","timestamp":"2026-01-13T08:41:42.664Z"}
{"level":"info","message":"::1 - - [13/Jan/2026:08:41:42 +0000] \"GET /api HTTP/1.1\" 200 41 \"-\" \"curl/8.7.1\"","service":"acquisitions-api","timestamp":"2026-01-13T08:41:42.675Z"}
{"level":"info","message":"::1 - - [13/Jan/2026:08:41:42 +0000] \"GET /api HTTP/1.1\" 200 41 \"-\" \"curl/8.7.1\"","service":"acquisitions-api","timestamp":"2026-01-13T08:41:42.684Z"}
{"level":"info","message":"::1 - - [13/Jan/2026:08:41:42 +0000] \"GET /api HTTP/1.1\" 200 41 \"-\" \"curl/8.7.1\"","service":"acquisitions-api","timestamp":"2026-01-13T08:41:42.694Z"}
{"level":"info","message":"::1 - - [13/Jan/2026:08:41:42 +0000] \"GET /api HTTP/1.1\" 200 41 \"-\" \"curl/8.7.1\"","service":"acquisitions-api","timestamp":"2026-01-13T08:41:42.703Z"}
{"level":"info","message":"::1 - - [13/Jan/2026:08:41:42 +0000] \"GET /api HTTP/1.1\" 200 41 \"-\" \"curl/8.7.1\"","service":"acquisitions-api","timestamp":"2026-01-13T08:41:42.713Z"}
{"level":"info","message":"::1 - - [13/Jan/2026:08:41:42 +0000] \"GET /api HTTP/1.1\" 200 41 \"-\" \"curl/8.7.1\"","service":"acquisitions-api","timestamp":"2026-01-13T08:41:42.722Z"}
{"level":"info","message":"::1 - - [13/Jan/2026:08:41:42 +0000] \"GET /api HTTP/1.1\" 200 41 \"-\" \"curl/8.7.1\"","service":"acquisitions-api","timestamp":"2026-01-13T08:41:42.731Z"}
{"level":"info","message":"::1 - - [13/Jan/2026:08:41:42 +0000] \"GET /api HTTP/1.1\" 200 41 \"-\" \"curl/8.7.1\"","service":"acquisitions-api","timestamp":"2026-01-13T08:41:42.739Z"}
{"level":"info","message":"::1 - - [13/Jan/2026:08:41:42 +0000] \"GET /api HTTP/1.1\" 200 41 \"-\" \"curl/8.7.1\"","service":"acquisitions-api","timestamp":"2026-01-13T08:41:42.750Z"}
{"level":"info","message":"::1 - - [13/Jan/2026:08:41:42 +0000] \"GET /api HTTP/1.1\" 200 41 \"-\" \"curl/8.7.1\"","service":"acquisitions-api","timestamp":"2026-01-13T08:41:42.759Z"}
{"level":"info","message":"::1 - - [13/Jan/2026:08:41:42 +0000] \"GET /api HTTP/1.1\" 200 41 \"-\" \"curl/8.7.1\"","service":"acquisitions-api","timestamp":"2026-01-13T08:41:42.769Z"}
{"level":"info","message":"::1 - - [13/Jan/2026:08:41:42 +0000] \"GET /api HTTP/1.1\" 200 41 \"-\" \"curl/8.7.1\"","service":"acquisitions-api","timestamp":"2026-01-13T08:41:42.779Z"}
{"level":"info","message":"::1 - - [13/Jan/2026:08:41:42 +0000] \"GET /api HTTP/1.1\" 200 41 \"-\" \"curl/8.7.1\"","service":"acquisitions-api","timestamp":"2026-01-13T08:41:42.789Z"}
{"level":"info","message":"::1 - - [13/Jan/2026:08:41:42 +0000] \"GET /api HTTP/1.1\" 200 41 \"-\" \"curl/8.7.1\"","service":"acquisitions-api","timestamp":"2026-01-13T08:41:42.799Z"}
{"level":"info","message":"::1 - - [13/Jan/2026:08:41:42 +0000] \"GET /api HTTP/1.1\" 200 41 \"-\" \"curl/8.7.1\"","service":"acquisitions-api","timestamp":"2026-01-13T08:41:42.808Z"}
{"level":"info","message":"::1 - - [13/Jan/2026:08:41:42 +0000] \"GET /api HTTP/1.1\" 200 41 \"-\" \"curl/8.7.1\"","service":"acquisitions-api","timestamp":"2026-01-13T08:41:42.818Z"}
{"level":"info","message":"::1 - - [13/Jan/2026:08:41:42 +0000] \"GET /api HTTP/1.1\" 200 41 \"-\" \"curl/8.7.1\"","service":"acquisitions-api","timestamp":"2026-01-13T08:41:42.827Z"}
{"level":"info","message":"::1 - - [13/Jan/2026:08:41:42 +0000] \"GET /api HTTP/1.1\" 200 41 \"-\" \"curl/8.7.1\"","service":"acquisitions-api","timestamp":"2026-01-13T08:41:42.837Z"}
{"level":"info","message":"::1 - - [13/Jan/2026:08:41:42 +0000] \"GET /api HTTP/1.1\" 200 41 \"-\" \"curl/8.7.1\"","service":"acquisitions-api","timestamp":"2026-01-13T08:41:42.847Z"}
{"level":"info","message":"::1 - - [13/Jan/2026:08:41:42 +0000] \"GET /api HTTP/1.1\" 200 41 \"-\" \"curl/8.7.1\"","service":"acquisitions-api","timestamp":"2026-01-13T08:41:42.857Z"}
{"level":"info","message":"::1 - - [13/Jan/2026:08:41:42 +0000] \"GET /api HTTP/1.1\" 200 41 \"-\" \"curl/8.7.1\"","service":"acquisitions-api","timestamp":"2026-01-13T08:41:42.866Z"}
{"level":"info","message":"::1 - - [13/Jan/2026:08:41:42 +0000] \"GET /api HTTP/1.1\" 200 41 \"-\" \"curl/8.7.1\"","service":"acquisitions-api","timestamp":"2026-01-13T08:41:42.876Z"}
{"level":"info","message":"::1 - - [13/Jan/2026:08:41:42 +0000] \"GET /api HTTP/1.1\" 200 41 \"-\" \"curl/8.7.1\"","service":"acquisitions-api","timestamp":"2026-01-13T08:41:42.885Z"}
{"level":"info","message":"::1 - - [13/Jan/2026:08:41:42 +0000] \"GET /api HTTP/1.1\" 200 41 \"-\" \"curl/8.7.1\"","service":"acquisitions-api","timestamp":"2026-01-13T08:41:42.895Z"}
{"level":"info","message":"::1 - - [13/Jan/2026:08:41:42 +0000] \"GET /api HTTP/1.1\" 200 41 \"-\" \"curl/8.7.1\"","service":"acquisitions-api","timestamp":"2026-01-13T08:41:42.904Z"}
{"level":"info","message":"::1 - - [13/Jan/2026:08:41:42 +0000] \"GET /api HTTP/1.1\" 200 41 \"-\" \"curl/8.7.1\"","service":"acquisitions-api","timestamp":"2026-01-13T08:41:42.914Z"}
{"level":"info","message":"::1 - - [13/Jan/2026:08:41:42 +0000] \"GET /api HTTP/1.1\" 200 41 \"-\" \"curl/8.7.1\"","service":"acquisitions-api","timestamp":"2026-01-13T08:41:42.923Z"}
{"level":"info","message":"::1 - - [13/Jan/2026:08:41:42 +0000] \"GET /api HTTP/1.1\" 200 41 \"-\" \"curl/8.7.1\"","service":"acquisitions-api","timestamp":"2026-01-13T08:41:42.933Z"}
{"level":"info","message":"::1 - - [13/Jan/2026:08:41:42 +0000] \"GET /api HTTP/1.1\" 200 41 \"-\" \"curl/8.7.1\"","service":"acquisitions-api","timestamp":"2026-01-13T08:41:42.942Z"}
{"level":"info","message":"::1 - - [13/Jan/2026:08:41:42 +0000] \"GET /api HTTP/1.1\" 200 41 \"-\" \"curl/8.7.1\"","service":"acquisitions-api","timestamp":"2026-01-13T08:41:42.952Z"}
{"level":"info","message":"::1 - - [13/Jan/2026:08:41:42 +0000] \"GET /api HTTP/1.1\" 200 41 \"-\" \"curl/8.7.1\"","service":"acquisitions-api","timestamp":"2026-01-13T08:41:42.962Z"}
{"level":"info","message":"::1 - - [13/Jan/2026:08:41:42 +0000] \"GET /api HTTP/1.1\" 200 41 \"-\" \"curl/8.7.1\"","service":"acquisitions-api","timestamp":"2026-01-13T08:41:42.971Z"}
{"level":"info","message":"::1 - - [13/Jan/2026:08:41:42 +0000] \"GET /api HTTP/1.1\" 200 41 \"-\" \"curl/8.7.1\"","service":"acquisitions-api","timestamp":"2026-01-13T08:41:42.981Z"}
{"level":"info","message":"::1 - - [13/Jan/2026:08:41:42 +0000] \"GET /api HTTP/1.1\" 200 41 \"-\" \"curl/8.7.1\"","service":"acquisitions-api","timestamp":"2026-01-13T08:41:42.991Z"}
{"level":"info","message":"::1 - - [13/Jan/2026:08:41:43 +0000] \"GET /api HTTP/1.1\" 200 41 \"-\" \"curl/8.7.1\"","service":"acquisitions-api","timestamp":"2026-01-13T08:41:43.000Z"}
{"level":"info","message":"::1 - - [13/Jan/2026:08:41:43 +0000] \"GET /api HTTP/1.1\" 200 41 \"-\" \"curl/8.7.1\"","service":"acquisitions-api","timestamp":"2026-01-13T08:41:43.010Z"}
{"level":"info","message":"::1 - - [13/Jan/2026:08:41:43 +0000] \"GET /api HTTP/1.1\" 200 41 \"-\" \"curl/8.7.1\"","service":"acquisitions-api","timestamp":"2026-01-13T08:41:43.019Z"}
{"level":"info","message":"::1 - - [13/Jan/2026:08:41:43 +0000] \"GET /api HTTP/1.1\" 200 41 \"-\" \"curl/8.7.1\"","service":"acquisitions-api","timestamp":"2026-01-13T08:41:43.030Z"}
{"level":"info","message":"::1 - - [13/Jan/2026:08:41:43 +0000] \"GET /api HTTP/1.1\" 200 41 \"-\" \"curl/8.7.1\"","service":"acquisitions-api","timestamp":"2026-01-13T08:41:43.041Z"}
{"level":"info","message":"::1 - - [13/Jan/2026:08:41:43 +0000] \"GET /api HTTP/1.1\" 200 41 \"-\" \"curl/8.7.1\"","service":"acquisitions-api","timestamp":"2026-01-13T08:41:43.050Z"}
{"level":"info","message":"::1 - - [13/Jan/2026:08:41:43 +0000] \"GET /api HTTP/1.1\" 200 41 \"-\" \"curl/8.7.1\"","service":"acquisitions-api","timestamp":"2026-01-13T08:41:43.061Z"}
{"level":"info","message":"::1 - - [13/Jan/2026:08:41:43 +0000] \"GET /api HTTP/1.1\" 200 41 \"-\" \"curl/8.7.1\"","service":"acquisitions-api","timestamp":"2026-01-13T08:41:43.069Z"}
{"level":"info","message":"::1 - - [13/Jan/2026:08:41:43 +0000] \"GET /api HTTP/1.1\" 200 41 \"-\" \"curl/8.7.1\"","service":"acquisitions-api","timestamp":"2026-01-13T08:41:43.079Z"}
{"level":"info","message":"::1 - - [13/Jan/2026:08:41:43 +0000] \"GET /api HTTP/1.1\" 200 41 \"-\" \"curl/8.7.1\"","service":"acquisitions-api","timestamp":"2026-01-13T08:41:43.089Z"}
{"level":"info","message":"::1 - - [13/Jan/2026:08:41:43 +0000] \"GET /api HTTP/1.1\" 200 41 \"-\" \"curl/8.7.1\"","service":"acquisitions-api","timestamp":"2026-01-13T08:41:43.099Z"}
{"level":"info","message":"::1 - - [13/Jan/2026:08:41:43 +0000] \"GET /api HTTP/1.1\" 200 41 \"-\" \"curl/8.7.1\"","service":"acquisitions-api","timestamp":"2026-01-13T08:41:43.110Z"}
{"level":"info","message":"::1 - - [13/Jan/2026:08:41:43 +0000] \"GET /api HTTP/1.1\" 200 41 \"-\" \"curl/8.7.1\"","service":"acquisitions-api","timestamp":"2026-01-13T08:41:43.120Z"}
{"level":"info","message":"::1 - - [13/Jan/2026:08:41:43 +0000] \"GET /api HTTP/1.1\" 200 41 \"-\" \"curl/8.7.1\"","service":"acquisitions-api","timestamp":"2026-01-13T08:41:43.129Z"}
{"level":"info","message":"::1 - - [13/Jan/2026:08:41:43 +0000] \"GET /api HTTP/1.1\" 200 41 \"-\" \"curl/8.7.1\"","service":"acquisitions-api","timestamp":"2026-01-13T08:41:43.140Z"}
{"level":"info","message":"::1 - - [13/Jan/2026:08:41:43 +0000] \"GET /api HTTP/1.1\" 200 41 \"-\" \"curl/8.7.1\"","service":"acquisitions-api","timestamp":"2026-01-13T08:41:43.150Z"}
{"level":"info","message":"::1 - - [13/Jan/2026:08:41:43 +0000] \"GET /api HTTP/1.1\" 200 41 \"-\" \"curl/8.7.1\"","service":"acquisitions-api","timestamp":"2026-01-13T08:41:43.159Z"}
{"level":"info","message":"::1 - - [13/Jan/2026:08:41:43 +0000] \"GET /api HTTP/1.1\" 200 41 \"-\" \"curl/8.7.1\"","service":"acquisitions-api","timestamp":"2026-01-13T08:41:43.169Z"}
{"level":"info","message":"::1 - - [13/Jan/2026:08:41:43 +0000] \"GET /api HTTP/1.1\" 200 41 \"-\" \"curl/8.7.1\"","service":"acquisitions-api","timestamp":"2026-01-13T08:41:43.178Z"}
{"level":"info","message":"::1 - - [13/Jan/2026:08:41:43 +0000] \"GET /api HTTP/1.1\" 200 41 \"-\" \"curl/8.7.1\"","service":"acquisitions-api","timestamp":"2026-01-13T08:41:43.188Z"}
{"level":"info","message":"::1 - - [13/Jan/2026:08:41:43 +0000] \"GET /api HTTP/1.1\" 200 41 \"-\" \"curl/8.7.1\"","service":"acquisitions-api","timestamp":"2026-01-13T08:41:43.198Z"}
{"level":"info","message":"::1 - - [13/Jan/2026:08:41:43 +0000] \"GET /api HTTP/1.1\" 200 41 \"-\" \"curl/8.7.1\"","service":"acquisitions-api","timestamp":"2026-01-13T08:41:43.208Z"}
{"level":"info","message":"::1 - - [13/Jan/2026:08:41:43 +0000] \"GET /api HTTP/1.1\" 200 41 \"-\" \"curl/8.7.1\"","service":"acquisitions-api","timestamp":"2026-01-13T08:41:43.218Z"}
{"level":"info","message":"::1 - - [13/Jan/2026:08:41:43 +0000] \"GET /api HTTP/1.1\" 200 41 \"-\" \"curl/8.7.1\"","service":"acquisitions-api","timestamp":"2026-01-13T08:41:43.227Z"}
{"level":"info","message":"::1 - - [13/Jan/2026:08:41:43 +0000] \"GET /api HTTP/1.1\" 200 41 \"-\" \"curl/8.7.1\"","service":"acquisitions-api","timestamp":"2026-01-13T08:41:43.236Z"}
{"level":"info","message":"::1 - - [13/Jan/2026:08:41:43 +0000] \"GET /api HTTP/1.1\" 200 41 \"-\" \"curl/8.7.1\"","service":"acquisitions-api","timestamp":"2026-01-13T08:41:43.247Z"}
{"level":"info","message":"::1 - - [13/Jan/2026:08:41:43 +0000] \"GET /api HTTP/1.1\" 200 41 \"-\" \"curl/8.7.1\"","service":"acquisitions-api","timestamp":"2026-01-13T08:41:43.257Z"}
{"level":"info","message":"::1 - - [13/Jan/2026:08:41:43 +0000] \"GET /api HTTP/1.1\" 200 41 \"-\" \"curl/8.7.1\"","service":"acquisitions-api","timestamp":"2026-01-13T08:41:43.266Z"}
{"level":"info","message":"::1 - - [13/Jan/2026:08:41:43 +0000] \"GET /api HTTP/1.1\" 200 41 \"-\" \"curl/8.7.1\"","service":"acquisitions-api","timestamp":"2026-01-13T08:41:43.276Z"}
{"level":"info","message":"::1 - - [13/Jan/2026:08:41:43 +0000] \"GET /api HTTP/1.1\" 200 41 \"-\" \"curl/8.7.1\"","service":"acquisitions-api","timestamp":"2026-01-13T08:41:43.286Z"}
{"level":"info","message":"::1 - - [13/Jan/2026:08:41:43 +0000] \"GET /api HTTP/1.1\" 200 41 \"-\" \"curl/8.7.1\"","service":"acquisitions-api","timestamp":"2026-01-13T08:41:43.296Z"}
{"level":"info","message":"::1 - - [13/Jan/2026:08:41:43 +0000] \"GET /api HTTP/1.1\" 200 41 \"-\" \"curl/8.7.1\"","service":"acquisitions-api","timestamp":"2026-01-13T08:41:43.305Z"}
{"level":"info","message":"::1 - - [13/Jan/2026:08:41:43 +0000] \"GET /api HTTP/1.1\" 200 41 \"-\" \"curl/8.7.1\"","service":"acquisitions-api","timestamp":"2026-01-13T08:41:43.313Z"}
{"level":"info","message":"::1 - - [13/Jan/2026:08:41:43 +0000] \"GET /api HTTP/1.1\" 200 41 \"-\" \"curl/8.7.1\"","service":"acquisitions-api","timestamp":"2026-01-13T08:41:43.324Z"}
{"level":"info","message":"::1 - - [13/Jan/2026:08:41:43 +0000] \"GET /api HTTP/1.1\" 200 41 \"-\" \"curl/8.7.1\"","service":"acquisitions-api","timestamp":"2026-01-13T08:41:43.333Z"}
{"level":"info","message":"::1 - - [13/Jan/2026:08:41:43 +0000] \"GET /api HTTP/1.1\" 200 41 \"-\" \"curl/8.7.1\"","service":"acquisitions-api","timestamp":"2026-01-13T08:41:43.343Z"}
{"level":"info","message":"::1 - - [13/Jan/2026:08:41:43 +0000] \"GET /api HTTP/1.1\" 200 41 \"-\" \"curl/8.7.1\"","service":"acquisitions-api","timestamp":"2026-01-13T08:41:43.352Z"}
{"level":"info","message":"::1 - - [13/Jan/2026:08:41:43 +0000] \"GET /api HTTP/1.1\" 200 41 \"-\" \"curl/8.7.1\"","service":"acquisitions-api","timestamp":"2026-01-13T08:41:43.362Z"}
{"level":"info","message":"::1 - - [13/Jan/2026:08:41:43 +0000] \"GET /api HTTP/1.1\" 200 41 \"-\" \"curl/8.7.1\"","service":"acquisitions-api","timestamp":"2026-01-13T08:41:43.372Z"}
{"level":"info","message":"::1 - - [13/Jan/2026:08:41:43 +0000] \"GET /api HTTP/1.1\" 200 41 \"-\" \"curl/8.7.1\"","service":"acquisitions-api","timestamp":"2026-01-13T08:41:43.381Z"}
{"level":"info","message":"::1 - - [13/Jan/2026:08:41:43 +0000] \"GET /api HTTP/1.1\" 200 41 \"-\" \"curl/8.7.1\"","service":"acquisitions-api","timestamp":"2026-01-13T08:41:43.391Z"}
{"level":"info","message":"::1 - - [13/Jan/2026:08:41:43 +0000] \"GET /api HTTP/1.1\" 200 41 \"-\" \"curl/8.7.1\"","service":"acquisitions-api","timestamp":"2026-01-13T08:41:43.401Z"}
{"level":"info","message":"::1 - - [13/Jan/2026:08:41:43 +0000] \"GET /api HTTP/1.1\" 200 41 \"-\" \"curl/8.7.1\"","service":"acquisitions-api","timestamp":"2026-01-13T08:41:43.411Z"}
{"level":"info","message":"::1 - - [13/Jan/2026:08:41:43 +0000] \"GET /api HTTP/1.1\" 200 41 \"-\" \"curl/8.7.1\"","service":"acquisitions-api","timestamp":"2026-01-13T08:41:43.422Z"}
{"level":"info","message":"::1 - - [13/Jan/2026:08:41:43 +0000] \"GET /api HTTP/1.1\" 200 41 \"-\" \"curl/8.7.1\"","service":"acquisitions-api","timestamp":"2026-01-13T08:41:43.431Z"}
{"level":"info","message":"::1 - - [13/Jan/2026:08:41:43 +0000] \"GET /api HTTP/1.1\" 200 41 \"-\" \"curl/8.7.1\"","service":"acquisitions-api","timestamp":"2026-01-13T08:41:43.440Z"}
{"level":"info","message":"::1 - - [13/Jan/2026:08:41:43 +0000] \"GET /api HTTP/1.1\" 200 41 \"-\" \"curl/8.7.1\"","service":"acquisitions-api","timestamp":"2026-01-13T08:41:43.450Z"}
{"level":"info","message":"::1 - - [13/Jan/2026:08:41:43 +0000] \"GET /api HTTP/1.1\" 200 41 \"-\" \"curl/8.7.1\"","service":"acquisitions-api","timestamp":"2026-01-13T08:41:43.460Z"}
{"level":"info","message":"::1 - - [13/Jan/2026:08:41:43 +0000] \"GET /api HTTP/1.1\" 200 41 \"-\" \"curl/8.7.1\"","service":"acquisitions-api","timestamp":"2026-01-13T08:41:43.470Z"}
{"level":"info","message":"::1 - - [13/Jan/2026:08:41:43 +0000] \"GET /api HTTP/1.1\" 200 41 \"-\" \"curl/8.7.1\"","service":"acquisitions-api","timestamp":"2026-01-13T08:41:43.480Z"}
{"level":"info","message":"::1 - - [13/Jan/2026:08:41:43 +0000] \"GET /api HTTP/1.1\" 200 41 \"-\" \"curl/8.7.1\"","service":"acquisitions-api","timestamp":"2026-01-13T08:41:43.490Z"}
{"level":"info","message":"::1 - - [13/Jan/2026:08:41:43 +0000] \"GET /api HTTP/1.1\" 200 41 \"-\" \"curl/8.7.1\"","service":"acquisitions-api","timestamp":"2026-01-13T08:41:43.500Z"}
{"level":"info","message":"::1 - - [13/Jan/2026:08:41:43 +0000] \"GET /api HTTP/1.1\" 200 41 \"-\" \"curl/8.7.1\"","service":"acquisitions-api","timestamp":"2026-01-13T08:41:43.509Z"}
{"level":"info","message":"::1 - - [13/Jan/2026:08:41:43 +0000] \"GET /api HTTP/1.1\" 200 41 \"-\" \"curl/8.7.1\"","service":"acquisitions-api","timestamp":"2026-01-13T08:41:43.518Z"}
{"level":"info","message":"::1 - - [13/Jan/2026:08:41:43 +0000] \"GET /api HTTP/1.1\" 200 41 \"-\" \"curl/8.7.1\"","service":"acquisitions-api","timestamp":"2026-01-13T08:41:43.528Z"}
{"level":"info","message":"::1 - - [13/Jan/2026:08:41:43 +0000] \"GET /api HTTP/1.1\" 200 41 \"-\" \"curl/8.7.1\"","service":"acquisitions-api","timestamp":"2026-01-13T08:41:43.539Z"}
{"level":"info","message":"::1 - - [13/Jan/2026:08:41:43 +0000] \"GET /api HTTP/1.1\" 200 41 \"-\" \"curl/8.7.1\"","service":"acquisitions-api","timestamp":"2026-01-13T08:41:43.548Z"}
{"level":"info","message":"::1 - - [13/Jan/2026:08:41:43 +0000] \"GET /api HTTP/1.1\" 200 41 \"-\" \"curl/8.7.1\"","service":"acquisitions-api","timestamp":"2026-01-13T08:41:43.558Z"}
{"level":"info","message":"::1 - - [13/Jan/2026:08:41:43 +0000] \"GET /api HTTP/1.1\" 200 41 \"-\" \"curl/8.7.1\"","service":"acquisitions-api","timestamp":"2026-01-13T08:41:43.566Z"}
{"level":"info","message":"::1 - - [13/Jan/2026:08:41:43 +0000] \"GET /api HTTP/1.1\" 200 41 \"-\" \"curl/8.7.1\"","service":"acquisitions-api","timestamp":"2026-01-13T08:41:43.577Z"}
{"level":"info","message":"::1 - - [13/Jan/2026:08:41:43 +0000] \"GET /api HTTP/1.1\" 200 41 \"-\" \"curl/8.7.1\"","service":"acquisitions-api","timestamp":"2026-01-13T08:41:43.587Z"}
{"level":"info","message":"::1 - - [13/Jan/2026:08:41:43 +0000] \"GET /api HTTP/1.1\" 200 41 \"-\" \"curl/8.7.1\"","service":"acquisitions-api","timestamp":"2026-01-13T08:41:43.596Z"}
{"level":"info","message":"::1 - - [13/Jan/2026:08:41:43 +0000] \"GET /api HTTP/1.1\" 200 41 \"-\" \"curl/8.7.1\"","service":"acquisitions-api","timestamp":"2026-01-13T08:41:43.606Z"}
{"level":"info","message":"::1 - - [13/Jan/2026:08:41:43 +0000] \"GET /api HTTP/1.1\" 200 41 \"-\" \"curl/8.7.1\"","service":"acquisitions-api","timestamp":"2026-01-13T08:41:43.616Z"}
{"level":"info","message":"::1 - - [13/Jan/2026:08:41:43 +0000] \"GET /api HTTP/1.1\" 200 41 \"-\" \"curl/8.7.1\"","service":"acquisitions-api","timestamp":"2026-01-13T08:41:43.626Z"}
{"level":"info","message":"::1 - - [13/Jan/2026:08:41:43 +0000] \"GET /api HTTP/1.1\" 200 41 \"-\" \"curl/8.7.1\"","service":"acquisitions-api","timestamp":"2026-01-13T08:41:43.635Z"}
{"level":"info","message":"::1 - - [13/Jan/2026:08:41:43 +0000] \"GET /api HTTP/1.1\" 200 41 \"-\" \"curl/8.7.1\"","service":"acquisitions-api","timestamp":"2026-01-13T08:41:43.645Z"}
{"level":"info","message":"::1 - - [13/Jan/2026:08:41:43 +0000] \"GET /api HTTP/1.1\" 200 41 \"-\" \"curl/8.7.1\"","service":"acquisitions-api","timestamp":"2026-01-13T08:41:43.654Z"}
{"level":"info","message":"::1 - - [13/Jan/2026:08:41:43 +0000] \"GET /api HTTP/1.1\" 200 41 \"-\" \"curl/8.7.1\"","service":"acquisitions-api","timestamp":"2026-01-13T08:41:43.664Z"}
{"level":"info","message":"::1 - - [13/Jan/2026:08:41:43 +0000] \"GET /api HTTP/1.1\" 200 41 \"-\" \"curl/8.7.1\"","service":"acquisitions-api","timestamp":"2026-01-13T08:41:43.674Z"}
{"level":"info","message":"::1 - - [13/Jan/2026:08:41:43 +0000] \"GET /api HTTP/1.1\" 200 41 \"-\" \"curl/8.7.1\"","service":"acquisitions-api","timestamp":"2026-01-13T08:41:43.683Z"}
{"level":"info","message":"::1 - - [13/Jan/2026:08:41:43 +0000] \"GET /api HTTP/1.1\" 200 41 \"-\" \"curl/8.7.1\"","service":"acquisitions-api","timestamp":"2026-01-13T08:41:43.693Z"}
{"level":"info","message":"::1 - - [13/Jan/2026:08:41:43 +0000] \"GET /api HTTP/1.1\" 200 41 \"-\" \"curl/8.7.1\"","service":"acquisitions-api","timestamp":"2026-01-13T08:41:43.703Z"}
{"level":"info","message":"::1 - - [13/Jan/2026:08:41:43 +0000] \"GET /api HTTP/1.1\" 200 41 \"-\" \"curl/8.7.1\"","service":"acquisitions-api","timestamp":"2026-01-13T08:41:43.713Z"}
{"level":"info","message":"::1 - - [13/Jan/2026:08:41:43 +0000] \"GET /api HTTP/1.1\" 200 41 \"-\" \"curl/8.7.1\"","service":"acquisitions-api","timestamp":"2026-01-13T08:41:43.734Z"}
{"level":"info","message":"::1 - - [13/Jan/2026:08:41:43 +0000] \"GET /api HTTP/1.1\" 200 41 \"-\" \"curl/8.7.1\"","service":"acquisitions-api","timestamp":"2026-01-13T08:41:43.750Z"}
{"level":"info","message":"::1 - - [13/Jan/2026:08:41:43 +0000] \"GET /api HTTP/1.1\" 200 41 \"-\" \"curl/8.7.1\"","service":"acquisitions-api","timestamp":"2026-01-13T08:41:43.763Z"}
{"level":"info","message":"::1 - - [13/Jan/2026:08:41:43 +0000] \"GET /api HTTP/1.1\" 200 41 \"-\" \"curl/8.7.1\"","service":"acquisitions-api","timestamp":"2026-01-13T08:41:43.773Z"}
{"level":"info","message":"::1 - - [13/Jan/2026:08:41:43 +0000] \"GET /api HTTP/1.1\" 200 41 \"-\" \"curl/8.7.1\"","service":"acquisitions-api","timestamp":"2026-01-13T08:41:43.783Z"}
{"level":"info","message":"::1 - - [13/Jan/2026:08:41:43 +0000] \"GET /api HTTP/1.1\" 200 41 \"-\" \"curl/8.7.1\"","service":"acquisitions-api","timestamp":"2026-01-13T08:41:43.792Z"}
{"level":"info","message":"::1 - - [13/Jan/2026:08:41:43 +0000] \"GET /api HTTP/1.1\" 200 41 \"-\" \"curl/8.7.1\"","service":"acquisitions-api","timestamp":"2026-01-13T08:41:43.802Z"}
{"level":"info","message":"::1 - - [13/Jan/2026:08:41:43 +0000] \"GET /api HTTP/1.1\" 200 41 \"-\" \"curl/8.7.1\"","service":"acquisitions-api","timestamp":"2026-01-13T08:41:43.812Z"}
{"level":"info","message":"::1 - - [13/Jan/2026:08:41:43 +0000] \"GET /api HTTP/1.1\" 200 41 \"-\" \"curl/8.7.1\"","service":"acquisitions-api","timestamp":"2026-01-13T08:41:43.821Z"}
{"level":"info","message":"::1 - - [13/Jan/2026:08:41:43 +0000] \"GET /api HTTP/1.1\" 200 41 \"-\" \"curl/8.7.1\"","service":"acquisitions-api","timestamp":"2026-01-13T08:41:43.831Z"}
{"level":"info","message":"::1 - - [13/Jan/2026:08:41:43 +0000] \"GET /api HTTP/1.1\" 200 41 \"-\" \"curl/8.7.1\"","service":"acquisitions-api","timestamp":"2026-01-13T08:41:43.841Z"}
{"level":"info","message":"::1 - - [13/Jan/2026:08:41:43 +0000] \"GET /api HTTP/1.1\" 200 41 \"-\" \"curl/8.7.1\"","service":"acquisitions-api","timestamp":"2026-01-13T08:41:43.851Z"}
{"level":"info","message":"::1 - - [13/Jan/2026:08:41:43 +0000] \"GET /api HTTP/1.1\" 200 41 \"-\" \"curl/8.7.1\"","service":"acquisitions-api","timestamp":"2026-01-13T08:41:43.860Z"}
{"level":"info","message":"::1 - - [13/Jan/2026:08:41:43 +0000] \"GET /api HTTP/1.1\" 200 41 \"-\" \"curl/8.7.1\"","service":"acquisitions-api","timestamp":"2026-01-13T08:41:43.869Z"}
{"level":"info","message":"::1 - - [13/Jan/2026:08:41:43 +0000] \"GET /api HTTP/1.1\" 200 41 \"-\" \"curl/8.7.1\"","service":"acquisitions-api","timestamp":"2026-01-13T08:41:43.879Z"}
{"level":"info","message":"::1 - - [13/Jan/2026:08:41:43 +0000] \"GET /api HTTP/1.1\" 200 41 \"-\" \"curl/8.7.1\"","service":"acquisitions-api","timestamp":"2026-01-13T08:41:43.889Z"}
{"level":"info","message":"::1 - - [13/Jan/2026:08:41:43 +0000] \"GET /api HTTP/1.1\" 200 41 \"-\" \"curl/8.7.1\"","service":"acquisitions-api","timestamp":"2026-01-13T08:41:43.898Z"}
{"level":"info","message":"::1 - - [13/Jan/2026:08:41:43 +0000] \"GET /api HTTP/1.1\" 200 41 \"-\" \"curl/8.7.1\"","service":"acquisitions-api","timestamp":"2026-01-13T08:41:43.908Z"}
{"level":"info","message":"::1 - - [13/Jan/2026:08:41:43 +0000] \"GET /api HTTP/1.1\" 200 41 \"-\" \"curl/8.7.1\"","service":"acquisitions-api","timestamp":"2026-01-13T08:41:43.917Z"}
{"level":"info","message":"::1 - - [13/Jan/2026:08:41:43 +0000] \"GET /api HTTP/1.1\" 200 41 \"-\" \"curl/8.7.1\"","service":"acquisitions-api","timestamp":"2026-01-13T08:41:43.927Z"}
{"level":"info","message":"::1 - - [13/Jan/2026:08:41:43 +0000] \"GET /api HTTP/1.1\" 200 41 \"-\" \"curl/8.7.1\"","service":"acquisitions-api","timestamp":"2026-01-13T08:41:43.936Z"}
{"level":"info","message":"::1 - - [13/Jan/2026:08:41:43 +0000] \"GET /api HTTP/1.1\" 200 41 \"-\" \"curl/8.7.1\"","service":"acquisitions-api","timestamp":"2026-01-13T08:41:43.946Z"}
{"level":"info","message":"::1 - - [13/Jan/2026:08:41:43 +0000] \"GET /api HTTP/1.1\" 200 41 \"-\" \"curl/8.7.1\"","service":"acquisitions-api","timestamp":"2026-01-13T08:41:43.955Z"}
{"level":"info","message":"::1 - - [13/Jan/2026:08:41:43 +0000] \"GET /api HTTP/1.1\" 200 41 \"-\" \"curl/8.7.1\"","service":"acquisitions-api","timestamp":"2026-01-13T08:41:43.966Z"}
{"level":"info","message":"::1 - - [13/Jan/2026:08:41:43 +0000] \"GET /api HTTP/1.1\" 200 41 \"-\" \"curl/8.7.1\"","service":"acquisitions-api","timestamp":"2026-01-13T08:41:43.975Z"}
{"level":"info","message":"::1 - - [13/Jan/2026:08:41:43 +0000] \"GET /api HTTP/1.1\" 200 41 \"-\" \"curl/8.7.1\"","service":"acquisitions-api","timestamp":"2026-01-13T08:41:43.985Z"}
{"level":"info","message":"::1 - - [13/Jan/2026:08:41:43 +0000] \"GET /api HTTP/1.1\" 200 41 \"-\" \"curl/8.7.1\"","service":"acquisitions-api","timestamp":"2026-01-13T08:41:43.994Z"}
{"level":"info","message":"::1 - - [13/Jan/2026:08:41:44 +0000] \"GET /api HTTP/1.1\" 200 41 \"-\" \"curl/8.7.1\"","service":"acquisitions-api","timestamp":"2026-01-13T08:41:44.004Z"}
{"level":"info","message":"::1 - - [13/Jan/2026:08:41:44 +0000] \"GET /api HTTP/1.1\" 200 41 \"-\" \"curl/8.7.1\"","service":"acquisitions-api","timestamp":"2026-01-13T08:41:44.013Z"}
{"level":"info","message":"::1 - - [13/Jan/2026:08:41:44 +0000] \"GET /api HTTP/1.1\" 200 41 \"-\" \"curl/8.7.1\"","service":"acquisitions-api","timestamp":"2026-01-13T08:41:44.024Z"}
{"level":"info","message":"::1 - - [13/Jan/2026:08:41:44 +0000] \"GET /api HTTP/1.1\" 200 41 \"-\" \"curl/8.7.1\"","service":"acquisitions-api","timestamp":"2026-01-13T08:41:44.033Z"}
{"level":"info","message":"::1 - - [13/Jan/2026:08:41:44 +0000] \"GET /api HTTP/1.1\" 200 41 \"-\" \"curl/8.7.1\"","service":"acquisitions-api","timestamp":"2026-01-13T08:41:44.042Z"}
{"level":"info","message":"::1 - - [13/Jan/2026:08:41:44 +0000] \"GET /api HTTP/1.1\" 200 41 \"-\" \"curl/8.7.1\"","service":"acquisitions-api","timestamp":"2026-01-13T08:41:44.051Z"}
{"level":"info","message":"::1 - - [13/Jan/2026:08:41:44 +0000] \"GET /api HTTP/1.1\" 200 41 \"-\" \"curl/8.7.1\"","service":"acquisitions-api","timestamp":"2026-01-13T08:41:44.062Z"}
{"level":"info","message":"::1 - - [13/Jan/2026:08:41:44 +0000] \"GET /api HTTP/1.1\" 200 41 \"-\" \"curl/8.7.1\"","service":"acquisitions-api","timestamp":"2026-01-13T08:41:44.071Z"}
{"level":"info","message":"::1 - - [13/Jan/2026:08:41:44 +0000] \"GET /api HTTP/1.1\" 200 41 \"-\" \"curl/8.7.1\"","service":"acquisitions-api","timestamp":"2026-01-13T08:41:44.082Z"}
{"level":"info","message":"::1 - - [13/Jan/2026:08:41:44 +0000] \"GET /api HTTP/1.1\" 200 41 \"-\" \"curl/8.7.1\"","service":"acquisitions-api","timestamp":"2026-01-13T08:41:44.092Z"}
{"level":"info","message":"::1 - - [13/Jan/2026:08:41:44 +0000] \"GET /api HTTP/1.1\" 200 41 \"-\" \"curl/8.7.1\"","service":"acquisitions-api","timestamp":"2026-01-13T08:41:44.101Z"}
{"level":"info","message":"::1 - - [13/Jan/2026:08:41:44 +0000] \"GET /api HTTP/1.1\" 200 41 \"-\" \"curl/8.7.1\"","service":"acquisitions-api","timestamp":"2026-01-13T08:41:44.110Z"}
{"level":"info","message":"::1 - - [13/Jan/2026:08:41:44 +0000] \"GET /api HTTP/1.1\" 200 41 \"-\" \"curl/8.7.1\"","service":"acquisitions-api","timestamp":"2026-01-13T08:41:44.121Z"}
{"level":"info","message":"::1 - - [13/Jan/2026:08:41:44 +0000] \"GET /api HTTP/1.1\" 200 41 \"-\" \"curl/8.7.1\"","service":"acquisitions-api","timestamp":"2026-01-13T08:41:44.129Z"}
{"level":"info","message":"::1 - - [13/Jan/2026:08:41:44 +0000] \"GET /api HTTP/1.1\" 200 41 \"-\" \"curl/8.7.1\"","service":"acquisitions-api","timestamp":"2026-01-13T08:41:44.140Z"}
{"level":"info","message":"::1 - - [13/Jan/2026:08:41:44 +0000] \"GET /api HTTP/1.1\" 200 41 \"-\" \"curl/8.7.1\"","service":"acquisitions-api","timestamp":"2026-01-13T08:41:44.149Z"}
{"level":"info","message":"::1 - - [13/Jan/2026:08:41:44 +0000] \"GET /api HTTP/1.1\" 200 41 \"-\" \"curl/8.7.1\"","service":"acquisitions-api","timestamp":"2026-01-13T08:41:44.158Z"}
{"level":"info","message":"::1 - - [13/Jan/2026:08:41:44 +0000] \"GET /api HTTP/1.1\" 200 41 \"-\" \"curl/8.7.1\"","service":"acquisitions-api","timestamp":"2026-01-13T08:41:44.169Z"}
{"level":"info","message":"::1 - - [13/Jan/2026:08:41:44 +0000] \"GET /api HTTP/1.1\" 200 41 \"-\" \"curl/8.7.1\"","service":"acquisitions-api","timestamp":"2026-01-13T08:41:44.179Z"}
{"level":"info","message":"::1 - - [13/Jan/2026:08:41:44 +0000] \"GET /api HTTP/1.1\" 200 41 \"-\" \"curl/8.7.1\"","service":"acquisitions-api","timestamp":"2026-01-13T08:41:44.189Z"}
{"level":"info","message":"::1 - - [13/Jan/2026:08:41:44 +0000] \"GET /api HTTP/1.1\" 200 41 \"-\" \"curl/8.7.1\"","service":"acquisitions-api","timestamp":"2026-01-13T08:41:44.198Z"}
{"level":"info","message":"::1 - - [13/Jan/2026:08:41:44 +0000] \"GET /api HTTP/1.1\" 200 41 \"-\" \"curl/8.7.1\"","service":"acquisitions-api","timestamp":"2026-01-13T08:41:44.209Z"}
{"level":"info","message":"::1 - - [13/Jan/2026:08:41:44 +0000] \"GET /api HTTP/1.1\" 200 41 \"-\" \"curl/8.7.1\"","service":"acquisitions-api","timestamp":"2026-01-13T08:41:44.218Z"}
{"level":"info","message":"::1 - - [13/Jan/2026:08:41:44 +0000] \"GET /api HTTP/1.1\" 200 41 \"-\" \"curl/8.7.1\"","service":"acquisitions-api","timestamp":"2026-01-13T08:41:44.228Z"}
{"level":"info","message":"::1 - - [13/Jan/2026:08:41:44 +0000] \"GET /api HTTP/1.1\" 200 41 \"-\" \"curl/8.7.1\"","service":"acquisitions-api","timestamp":"2026-01-13T08:41:44.238Z"}
{"level":"info","message":"::1 - - [13/Jan/2026:08:41:44 +0000] \"GET /api HTTP/1.1\" 200 41 \"-\" \"curl/8.7.1\"","service":"acquisitions-api","timestamp":"2026-01-13T08:41:44.247Z"}
{"level":"info","message":"::1 - - [13/Jan/2026:08:41:44 +0000] \"GET /api HTTP/1.1\" 200 41 \"-\" \"curl/8.7.1\"","service":"acquisitions-api","timestamp":"2026-01-13T08:41:44.257Z"}
{"level":"info","message":"::1 - - [13/Jan/2026:08:41:44 +0000] \"GET /api HTTP/1.1\" 200 41 \"-\" \"curl/8.7.1\"","service":"acquisitions-api","timestamp":"2026-01-13T08:41:44.266Z"}
{"level":"info","message":"::1 - - [13/Jan/2026:08:41:44 +0000] \"GET /api HTTP/1.1\" 200 41 \"-\" \"curl/8.7.1\"","service":"acquisitions-api","timestamp":"2026-01-13T08:41:44.276Z"}
{"level":"info","message":"::1 - - [13/Jan/2026:08:41:44 +0000] \"GET /api HTTP/1.1\" 200 41 \"-\" \"curl/8.7.1\"","service":"acquisitions-api","timestamp":"2026-01-13T08:41:44.286Z"}
{"level":"info","message":"::1 - - [13/Jan/2026:08:41:44 +0000] \"GET /api HTTP/1.1\" 200 41 \"-\" \"curl/8.7.1\"","service":"acquisitions-api","timestamp":"2026-01-13T08:41:44.297Z"}
{"level":"info","message":"::1 - - [13/Jan/2026:08:41:44 +0000] \"GET /api HTTP/1.1\" 200 41 \"-\" \"curl/8.7.1\"","service":"acquisitions-api","timestamp":"2026-01-13T08:41:44.306Z"}
{"level":"info","message":"::1 - - [13/Jan/2026:08:41:44 +0000] \"GET /api HTTP/1.1\" 200 41 \"-\" \"curl/8.7.1\"","service":"acquisitions-api","timestamp":"2026-01-13T08:41:44.316Z"}
{"level":"info","message":"::1 - - [13/Jan/2026:08:41:44 +0000] \"GET /api HTTP/1.1\" 200 41 \"-\" \"curl/8.7.1\"","service":"acquisitions-api","timestamp":"2026-01-13T08:41:44.325Z"}
{"level":"info","message":"::1 - - [13/Jan/2026:08:41:44 +0000] \"GET /api HTTP/1.1\" 200 41 \"-\" \"curl/8.7.1\"","service":"acquisitions-api","timestamp":"2026-01-13T08:41:44.335Z"}
{"level":"info","message":"::1 - - [13/Jan/2026:08:41:44 +0000] \"GET /api HTTP/1.1\" 200 41 \"-\" \"curl/8.7.1\"","service":"acquisitions-api","timestamp":"2026-01-13T08:41:44.344Z"}
{"level":"info","message":"::1 - - [13/Jan/2026:08:41:44 +0000] \"GET /api HTTP/1.1\" 200 41 \"-\" \"curl/8.7.1\"","service":"acquisitions-api","timestamp":"2026-01-13T08:41:44.354Z"}
{"level":"info","message":"::1 - - [13/Jan/2026:08:41:44 +0000] \"GET /api HTTP/1.1\" 200 41 \"-\" \"curl/8.7.1\"","service":"acquisitions-api","timestamp":"2026-01-13T08:41:44.363Z"}
{"level":"info","message":"::1 - - [13/Jan/2026:08:41:44 +0000] \"GET /api HTTP/1.1\" 200 41 \"-\" \"curl/8.7.1\"","service":"acquisitions-api","timestamp":"2026-01-13T08:41:44.374Z"}
{"level":"info","message":"::1 - - [13/Jan/2026:08:41:44 +0000] \"GET /api HTTP/1.1\" 200 41 \"-\" \"curl/8.7.1\"","service":"acquisitions-api","timestamp":"2026-01-13T08:41:44.383Z"}
{"level":"info","message":"::1 - - [13/Jan/2026:08:41:44 +0000] \"GET /api HTTP/1.1\" 200 41 \"-\" \"curl/8.7.1\"","service":"acquisitions-api","timestamp":"2026-01-13T08:41:44.393Z"}
{"level":"info","message":"::1 - - [13/Jan/2026:08:41:44 +0000] \"GET /api HTTP/1.1\" 200 41 \"-\" \"curl/8.7.1\"","service":"acquisitions-api","timestamp":"2026-01-13T08:41:44.402Z"}
{"level":"info","message":"::1 - - [13/Jan/2026:08:41:44 +0000] \"GET /api HTTP/1.1\" 200 41 \"-\" \"curl/8.7.1\"","service":"acquisitions-api","timestamp":"2026-01-13T08:41:44.412Z"}
{"level":"info","message":"::1 - - [13/Jan/2026:08:41:44 +0000] \"GET /api HTTP/1.1\" 200 41 \"-\" \"curl/8.7.1\"","service":"acquisitions-api","timestamp":"2026-01-13T08:41:44.421Z"}
{"level":"info","message":"::1 - - [13/Jan/2026:08:41:44 +0000] \"GET /api HTTP/1.1\" 200 41 \"-\" \"curl/8.7.1\"","service":"acquisitions-api","timestamp":"2026-01-13T08:41:44.431Z"}
{"level":"info","message":"::1 - - [13/Jan/2026:08:41:44 +0000] \"GET /api HTTP/1.1\" 200 41 \"-\" \"curl/8.7.1\"","service":"acquisitions-api","timestamp":"2026-01-13T08:41:44.441Z"}
{"level":"info","message":"::1 - - [13/Jan/2026:08:41:44 +0000] \"GET /api HTTP/1.1\" 200 41 \"-\" \"curl/8.7.1\"","service":"acquisitions-api","timestamp":"2026-01-13T08:41:44.450Z"}
{"level":"info","message":"::1 - - [13/Jan/2026:08:41:44 +0000] \"GET /api HTTP/1.1\" 200 41 \"-\" \"curl/8.7.1\"","service":"acquisitions-api","timestamp":"2026-01-13T08:41:44.460Z"}
{"level":"info","message":"::1 - - [13/Jan/2026:08:41:44 +0000] \"GET /api HTTP/1.1\" 200 41 \"-\" \"curl/8.7.1\"","service":"acquisitions-api","timestamp":"2026-01-13T08:41:44.470Z"}
{"level":"info","message":"::1 - - [13/Jan/2026:08:41:44 +0000] \"GET /api HTTP/1.1\" 200 41 \"-\" \"curl/8.7.1\"","service":"acquisitions-api","timestamp":"2026-01-13T08:41:44.479Z"}
{"level":"info","message":"::1 - - [13/Jan/2026:08:41:44 +0000] \"GET /api HTTP/1.1\" 200 41 \"-\" \"curl/8.7.1\"","service":"acquisitions-api","timestamp":"2026-01-13T08:41:44.488Z"}
{"level":"info","message":"::1 - - [13/Jan/2026:08:41:44 +0000] \"GET /api HTTP/1.1\" 200 41 \"-\" \"curl/8.7.1\"","service":"acquisitions-api","timestamp":"2026-01-13T08:41:44.498Z"}
{"level":"info","message":"::1 - - [13/Jan/2026:08:41:44 +0000] \"GET /api HTTP/1.1\" 200 41 \"-\" \"curl/8.7.1\"","service":"acquisitions-api","timestamp":"2026-01-13T08:41:44.508Z"}
{"level":"info","message":"::1 - - [13/Jan/2026:08:41:44 +0000] \"GET /api HTTP/1.1\" 200 41 \"-\" \"curl/8.7.1\"","service":"acquisitions-api","timestamp":"2026-01-13T08:41:44.518Z"}
{"level":"info","message":"::1 - - [13/Jan/2026:08:41:44 +0000] \"GET /api HTTP/1.1\" 200 41 \"-\" \"curl/8.7.1\"","service":"acquisitions-api","timestamp":"2026-01-13T08:41:44.527Z"}
{"level":"info","message":"::1 - - [13/Jan/2026:08:41:44 +0000] \"GET /api HTTP/1.1\" 200 41 \"-\" \"curl/8.7.1\"","service":"acquisitions-api","timestamp":"2026-01-13T08:41:44.537Z"}
{"level":"info","message":"::1 - - [13/Jan/2026:08:41:44 +0000] \"GET /api HTTP/1.1\" 200 41 \"-\" \"curl/8.7.1\"","service":"acquisitions-api","timestamp":"2026-01-13T08:41:44.548Z"}
{"level":"info","message":"::1 - - [13/Jan/2026:08:41:44 +0000] \"GET /api HTTP/1.1\" 200 41 \"-\" \"curl/8.7.1\"","service":"acquisitions-api","timestamp":"2026-01-13T08:41:44.558Z"}
{"level":"info","message":"::1 - - [13/Jan/2026:08:41:44 +0000] \"GET /api HTTP/1.1\" 200 41 \"-\" \"curl/8.7.1\"","service":"acquisitions-api","timestamp":"2026-01-13T08:41:44.567Z"}
{"level":"info","message":"::1 - - [13/Jan/2026:08:41:44 +0000] \"GET /api HTTP/1.1\" 200 41 \"-\" \"curl/8.7.1\"","service":"acquisitions-api","timestamp":"2026-01-13T08:41:44.577Z"}
{"level":"info","message":"::1 - - [13/Jan/2026:08:41:44 +0000] \"GET /api HTTP/1.1\" 200 41 \"-\" \"curl/8.7.1\"","service":"acquisitions-api","timestamp":"2026-01-13T08:41:44.587Z"}
{"level":"info","message":"::1 - - [13/Jan/2026:08:41:44 +0000] \"GET /api HTTP/1.1\" 200 41 \"-\" \"curl/8.7.1\"","service":"acquisitions-api","timestamp":"2026-01-13T08:41:44.597Z"}
{"level":"info","message":"::1 - - [13/Jan/2026:08:41:44 +0000] \"GET /api HTTP/1.1\" 200 41 \"-\" \"curl/8.7.1\"","service":"acquisitions-api","timestamp":"2026-01-13T08:41:44.608Z"}
{"level":"info","message":"::1 - - [13/Jan/2026:08:41:44 +0000] \"GET /api HTTP/1.1\" 200 41 \"-\" \"curl/8.7.1\"","service":"acquisitions-api","timestamp":"2026-01-13T08:41:44.617Z"}
{"level":"info","message":"::1 - - [13/Jan/2026:08:41:44 +0000] \"GET /api HTTP/1.1\" 200 41 \"-\" \"curl/8.7.1\"","service":"acquisitions-api","timestamp":"2026-01-13T08:41:44.627Z"}
{"level":"info","message":"::1 - - [13/Jan/2026:08:41:44 +0000] \"GET /api HTTP/1.1\" 200 41 \"-\" \"curl/8.7.1\"","service":"acquisitions-api","timestamp":"2026-01-13T08:41:44.637Z"}
{"level":"info","message":"::1 - - [13/Jan/2026:08:41:44 +0000] \"GET /api HTTP/1.1\" 200 41 \"-\" \"curl/8.7.1\"","service":"acquisitions-api","timestamp":"2026-01-13T08:41:44.646Z"}
{"level":"info","message":"::1 - - [13/Jan/2026:08:41:44 +0000] \"GET /api HTTP/1.1\" 200 41 \"-\" \"curl/8.7.1\"","service":"acquisitions-api","timestamp":"2026-01-13T08:41:44.656Z"}
{"level":"info","message":"::1 - - [13/Jan/2026:08:41:44 +0000] \"GET /api HTTP/1.1\" 200 41 \"-\" \"curl/8.7.1\"","service":"acquisitions-api","timestamp":"2026-01-13T08:41:44.667Z"}
{"level":"info","message":"::1 - - [13/Jan/2026:08:41:44 +0000] \"GET /api HTTP/1.1\" 200 41 \"-\" \"curl/8.7.1\"","service":"acquisitions-api","timestamp":"2026-01-13T08:41:44.676Z"}
{"level":"info","message":"::1 - - [13/Jan/2026:08:41:44 +0000] \"GET /api HTTP/1.1\" 200 41 \"-\" \"curl/8.7.1\"","service":"acquisitions-api","timestamp":"2026-01-13T08:41:44.686Z"}
{"level":"info","message":"::1 - - [13/Jan/2026:08:41:44 +0000] \"GET /api HTTP/1.1\" 200 41 \"-\" \"curl/8.7.1\"","service":"acquisitions-api","timestamp":"2026-01-13T08:41:44.696Z"}
{"level":"info","message":"::1 - - [13/Jan/2026:08:41:44 +0000] \"GET /api HTTP/1.1\" 200 41 \"-\" \"curl/8.7.1\"","service":"acquisitions-api","timestamp":"2026-01-13T08:41:44.706Z"}
{"level":"info","message":"::1 - - [13/Jan/2026:08:41:44 +0000] \"GET /api HTTP/1.1\" 200 41 \"-\" \"curl/8.7.1\"","service":"acquisitions-api","timestamp":"2026-01-13T08:41:44.716Z"}
{"level":"info","message":"::1 - - [13/Jan/2026:08:41:44 +0000] \"GET /api HTTP/1.1\" 200 41 \"-\" \"curl/8.7.1\"","service":"acquisitions-api","timestamp":"2026-01-13T08:41:44.725Z"}
{"level":"info","message":"::1 - - [13/Jan/2026:08:41:44 +0000] \"GET /api HTTP/1.1\" 200 41 \"-\" \"curl/8.7.1\"","service":"acquisitions-api","timestamp":"2026-01-13T08:41:44.735Z"}
{"level":"info","message":"::1 - - [13/Jan/2026:08:41:44 +0000] \"GET /api HTTP/1.1\" 200 41 \"-\" \"curl/8.7.1\"","service":"acquisitions-api","timestamp":"2026-01-13T08:41:44.746Z"}
{"level":"info","message":"::1 - - [13/Jan/2026:08:41:44 +0000] \"GET /api HTTP/1.1\" 200 41 \"-\" \"curl/8.7.1\"","service":"acquisitions-api","timestamp":"2026-01-13T08:41:44.756Z"}
{"level":"info","message":"::1 - - [13/Jan/2026:08:41:44 +0000] \"GET /api HTTP/1.1\" 200 41 \"-\" \"curl/8.7.1\"","service":"acquisitions-api","timestamp":"2026-01-13T08:41:44.766Z"}
{"level":"info","message":"::1 - - [13/Jan/2026:08:41:44 +0000] \"GET /api HTTP/1.1\" 200 41 \"-\" \"curl/8.7.1\"","service":"acquisitions-api","timestamp":"2026-01-13T08:41:44.775Z"}
{"level":"info","message":"::1 - - [13/Jan/2026:08:41:44 +0000] \"GET /api HTTP/1.1\" 200 41 \"-\" \"curl/8.7.1\"","service":"acquisitions-api","timestamp":"2026-01-13T08:41:44.786Z"}
{"level":"info","message":"::1 - - [13/Jan/2026:08:41:44 +0000] \"GET /api HTTP/1.1\" 200 41 \"-\" \"curl/8.7.1\"","service":"acquisitions-api","timestamp":"2026-01-13T08:41:44.796Z"}
{"level":"info","message":"::1 - - [13/Jan/2026:08:41:44 +0000] \"GET /api HTTP/1.1\" 200 41 \"-\" \"curl/8.7.1\"","service":"acquisitions-api","timestamp":"2026-01-13T08:41:44.806Z"}
{"level":"info","message":"::1 - - [13/Jan/2026:08:41:44 +0000] \"GET /api HTTP/1.1\" 200 41 \"-\" \"curl/8.7.1\"","service":"acquisitions-api","timestamp":"2026-01-13T08:41:44.817Z"}
{"level":"info","message":"::1 - - [13/Jan/2026:08:41:44 +0000] \"GET /api HTTP/1.1\" 200 41 \"-\" \"curl/8.7.1\"","service":"acquisitions-api","timestamp":"2026-01-13T08:41:44.827Z"}
{"level":"info","message":"::1 - - [13/Jan/2026:08:41:44 +0000] \"GET /api HTTP/1.1\" 200 41 \"-\" \"curl/8.7.1\"","service":"acquisitions-api","timestamp":"2026-01-13T08:41:44.836Z"}
{"level":"info","message":"::1 - - [13/Jan/2026:08:41:44 +0000] \"GET /api HTTP/1.1\" 200 41 \"-\" \"curl/8.7.1\"","service":"acquisitions-api","timestamp":"2026-01-13T08:41:44.847Z"}
{"level":"info","message":"::1 - - [13/Jan/2026:08:41:44 +0000] \"GET /api HTTP/1.1\" 200 41 \"-\" \"curl/8.7.1\"","service":"acquisitions-api","timestamp":"2026-01-13T08:41:44.857Z"}
{"level":"info","message":"::1 - - [13/Jan/2026:08:41:44 +0000] \"GET /api HTTP/1.1\" 200 41 \"-\" \"curl/8.7.1\"","service":"acquisitions-api","timestamp":"2026-01-13T08:41:44.868Z"}
{"level":"info","message":"::1 - - [13/Jan/2026:08:41:44 +0000] \"GET /api HTTP/1.1\" 200 41 \"-\" \"curl/8.7.1\"","service":"acquisitions-api","timestamp":"2026-01-13T08:41:44.878Z"}
{"level":"info","message":"::1 - - [13/Jan/2026:08:41:44 +0000] \"GET /api HTTP/1.1\" 200 41 \"-\" \"curl/8.7.1\"","service":"acquisitions-api","timestamp":"2026-01-13T08:41:44.888Z"}
{"level":"info","message":"::1 - - [13/Jan/2026:08:41:44 +0000] \"GET /api HTTP/1.1\" 200 41 \"-\" \"curl/8.7.1\"","service":"acquisitions-api","timestamp":"2026-01-13T08:41:44.897Z"}
{"level":"info","message":"::1 - - [13/Jan/2026:08:41:44 +0000] \"GET /api HTTP/1.1\" 200 41 \"-\" \"curl/8.7.1\"","service":"acquisitions-api","timestamp":"2026-01-13T08:41:44.907Z"}
{"level":"info","message":"::1 - - [13/Jan/2026:08:41:44 +0000] \"GET /api HTTP/1.1\" 200 41 \"-\" \"curl/8.7.1\"","service":"acquisitions-api","timestamp":"2026-01-13T08:41:44.917Z"}
{"level":"info","message":"::1 - - [13/Jan/2026:08:41:44 +0000] \"GET /api HTTP/1.1\" 200 41 \"-\" \"curl/8.7.1\"","service":"acquisitions-api","timestamp":"2026-01-13T08:41:44.925Z"}
{"level":"info","message":"::1 - - [13/Jan/2026:08:41:44 +0000] \"GET /api HTTP/1.1\" 200 41 \"-\" \"curl/8.7.1\"","service":"acquisitions-api","timestamp":"2026-01-13T08:41:44.935Z"}
{"level":"info","message":"::1 - - [13/Jan/2026:08:41:44 +0000] \"GET /api HTTP/1.1\" 200 41 \"-\" \"curl/8.7.1\"","service":"acquisitions-api","timestamp":"2026-01-13T08:41:44.945Z"}
{"level":"info","message":"::1 - - [13/Jan/2026:08:41:44 +0000] \"GET /api HTTP/1.1\" 200 41 \"-\" \"curl/8.7.1\"","service":"acquisitions-api","timestamp":"2026-01-13T08:41:44.954Z"}
{"level":"info","message":"::1 - - [13/Jan/2026:08:41:44 +0000] \"GET /api HTTP/1.1\" 200 41 \"-\" \"curl/8.7.1\"","service":"acquisitions-api","timestamp":"2026-01-13T08:41:44.963Z"}
{"level":"info","message":"::1 - - [13/Jan/2026:08:41:44 +0000] \"GET /api HTTP/1.1\" 200 41 \"-\" \"curl/8.7.1\"","service":"acquisitions-api","timestamp":"2026-01-13T08:41:44.973Z"}
{"level":"info","message":"::1 - - [13/Jan/2026:08:41:44 +0000] \"GET /api HTTP/1.1\" 200 41 \"-\" \"curl/8.7.1\"","service":"acquisitions-api","timestamp":"2026-01-13T08:41:44.983Z"}
{"level":"info","message":"::1 - - [13/Jan/2026:08:41:44 +0000] \"GET /api HTTP/1.1\" 200 41 \"-\" \"curl/8.7.1\"","service":"acquisitions-api","timestamp":"2026-01-13T08:41:44.994Z"}
{"level":"info","message":"::1 - - [13/Jan/2026:08:41:45 +0000] \"GET /api HTTP/1.1\" 200 41 \"-\" \"curl/8.7.1\"","service":"acquisitions-api","timestamp":"2026-01-13T08:41:45.004Z"}
{"level":"info","message":"::1 - - [13/Jan/2026:08:41:45 +0000] \"GET /api HTTP/1.1\" 200 41 \"-\" \"curl/8.7.1\"","service":"acquisitions-api","timestamp":"2026-01-13T08:41:45.014Z"}
{"level":"info","message":"::1 - - [13/Jan/2026:08:41:45 +0000] \"GET /api HTTP/1.1\" 200 41 \"-\" \"curl/8.7.1\"","service":"acquisitions-api","timestamp":"2026-01-13T08:41:45.023Z"}
{"level":"info","message":"::1 - - [13/Jan/2026:08:41:45 +0000] \"GET /api HTTP/1.1\" 200 41 \"-\" \"curl/8.7.1\"","service":"acquisitions-api","timestamp":"2026-01-13T08:41:45.032Z"}
{"level":"info","message":"::1 - - [13/Jan/2026:08:41:45 +0000] \"GET /api HTTP/1.1\" 200 41 \"-\" \"curl/8.7.1\"","service":"acquisitions-api","timestamp":"2026-01-13T08:41:45.042Z"}
{"level":"info","message":"::1 - - [13/Jan/2026:08:41:45 +0000] \"GET /api HTTP/1.1\" 200 41 \"-\" \"curl/8.7.1\"","service":"acquisitions-api","timestamp":"2026-01-13T08:41:45.051Z"}
{"level":"info","message":"::1 - - [13/Jan/2026:08:41:45 +0000] \"GET /api HTTP/1.1\" 200 41 \"-\" \"curl/8.7.1\"","service":"acquisitions-api","timestamp":"2026-01-13T08:41:45.061Z"}
{"level":"info","message":"::1 - - [13/Jan/2026:08:41:45 +0000] \"GET /api HTTP/1.1\" 200 41 \"-\" \"curl/8.7.1\"","service":"acquisitions-api","timestamp":"2026-01-13T08:41:45.072Z"}
{"level":"info","message":"::1 - - [13/Jan/2026:08:41:45 +0000] \"GET /api HTTP/1.1\" 200 41 \"-\" \"curl/8.7.1\"","service":"acquisitions-api","timestamp":"2026-01-13T08:41:45.082Z"}
{"level":"info","message":"::1 - - [13/Jan/2026:08:41:45 +0000] \"GET /api HTTP/1.1\" 200 41 \"-\" \"curl/8.7.1\"","service":"acquisitions-api","timestamp":"2026-01-13T08:41:45.092Z"}
{"level":"info","message":"::1 - - [13/Jan/2026:08:41:45 +0000] \"GET /api HTTP/1.1\" 200 41 \"-\" \"curl/8.7.1\"","service":"acquisitions-api","timestamp":"2026-01-13T08:41:45.101Z"}
{"level":"info","message":"::1 - - [13/Jan/2026:08:41:45 +0000] \"GET /api HTTP/1.1\" 200 41 \"-\" \"curl/8.7.1\"","service":"acquisitions-api","timestamp":"2026-01-13T08:41:45.111Z"}
{"level":"info","message":"::1 - - [13/Jan/2026:08:41:45 +0000] \"GET /api HTTP/1.1\" 200 41 \"-\" \"curl/8.7.1\"","service":"acquisitions-api","timestamp":"2026-01-13T08:41:45.121Z"}
{"level":"info","message":"::1 - - [13/Jan/2026:08:41:45 +0000] \"GET /api HTTP/1.1\" 200 41 \"-\" \"curl/8.7.1\"","service":"acquisitions-api","timestamp":"2026-01-13T08:41:45.131Z"}
{"level":"info","message":"::1 - - [13/Jan/2026:08:41:45 +0000] \"GET /api HTTP/1.1\" 200 41 \"-\" \"curl/8.7.1\"","service":"acquisitions-api","timestamp":"2026-01-13T08:41:45.141Z"}
{"level":"info","message":"::1 - - [13/Jan/2026:08:41:45 +0000] \"GET /api HTTP/1.1\" 200 41 \"-\" \"curl/8.7.1\"","service":"acquisitions-api","timestamp":"2026-01-13T08:41:45.152Z"}
{"level":"info","message":"::1 - - [13/Jan/2026:08:41:45 +0000] \"GET /api HTTP/1.1\" 200 41 \"-\" \"curl/8.7.1\"","service":"acquisitions-api","timestamp":"2026-01-13T08:41:45.161Z"}
{"level":"info","message":"::1 - - [13/Jan/2026:08:41:45 +0000] \"GET /api HTTP/1.1\" 200 41 \"-\" \"curl/8.7.1\"","service":"acquisitions-api","timestamp":"2026-01-13T08:41:45.172Z"}
{"level":"info","message":"::1 - - [13/Jan/2026:08:41:45 +0000] \"GET /api HTTP/1.1\" 200 41 \"-\" \"curl/8.7.1\"","service":"acquisitions-api","timestamp":"2026-01-13T08:41:45.182Z"}
{"level":"info","message":"::1 - - [13/Jan/2026:08:41:45 +0000] \"GET /api HTTP/1.1\" 200 41 \"-\" \"curl/8.7.1\"","service":"acquisitions-api","timestamp":"2026-01-13T08:41:45.192Z"}
{"level":"info","message":"::1 - - [13/Jan/2026:08:41:45 +0000] \"GET /api HTTP/1.1\" 200 41 \"-\" \"curl/8.7.1\"","service":"acquisitions-api","timestamp":"2026-01-13T08:41:45.201Z"}
{"level":"info","message":"::1 - - [13/Jan/2026:08:41:45 +0000] \"GET /api HTTP/1.1\" 200 41 \"-\" \"curl/8.7.1\"","service":"acquisitions-api","timestamp":"2026-01-13T08:41:45.212Z"}
{"level":"info","message":"::1 - - [13/Jan/2026:08:41:45 +0000] \"GET /api HTTP/1.1\" 200 41 \"-\" \"curl/8.7.1\"","service":"acquisitions-api","timestamp":"2026-01-13T08:41:45.222Z"}
{"level":"info","message":"::1 - - [13/Jan/2026:08:41:45 +0000] \"GET /api HTTP/1.1\" 200 41 \"-\" \"curl/8.7.1\"","service":"acquisitions-api","timestamp":"2026-01-13T08:41:45.232Z"}
{"level":"info","message":"::1 - - [13/Jan/2026:08:41:45 +0000] \"GET /api HTTP/1.1\" 200 41 \"-\" \"curl/8.7.1\"","service":"acquisitions-api","timestamp":"2026-01-13T08:41:45.241Z"}
{"level":"info","message":"::1 - - [13/Jan/2026:08:41:45 +0000] \"GET /api HTTP/1.1\" 200 41 \"-\" \"curl/8.7.1\"","service":"acquisitions-api","timestamp":"2026-01-13T08:41:45.251Z"}
{"level":"info","message":"::1 - - [13/Jan/2026:08:41:45 +0000] \"GET /api HTTP/1.1\" 200 41 \"-\" \"curl/8.7.1\"","service":"acquisitions-api","timestamp":"2026-01-13T08:41:45.260Z"}
{"level":"info","message":"::1 - - [13/Jan/2026:08:41:45 +0000] \"GET /api HTTP/1.1\" 200 41 \"-\" \"curl/8.7.1\"","service":"acquisitions-api","timestamp":"2026-01-13T08:41:45.270Z"}
{"level":"info","message":"::1 - - [13/Jan/2026:08:41:45 +0000] \"GET /api HTTP/1.1\" 200 41 \"-\" \"curl/8.7.1\"","service":"acquisitions-api","timestamp":"2026-01-13T08:41:45.281Z"}
{"level":"info","message":"::1 - - [13/Jan/2026:08:41:45 +0000] \"GET /api HTTP/1.1\" 200 41 \"-\" \"curl/8.7.1\"","service":"acquisitions-api","timestamp":"2026-01-13T08:41:45.290Z"}
{"level":"info","message":"::1 - - [13/Jan/2026:08:41:45 +0000] \"GET /api HTTP/1.1\" 200 41 \"-\" \"curl/8.7.1\"","service":"acquisitions-api","timestamp":"2026-01-13T08:41:45.300Z"}
{"level":"info","message":"::1 - - [13/Jan/2026:08:41:45 +0000] \"GET /api HTTP/1.1\" 200 41 \"-\" \"curl/8.7.1\"","service":"acquisitions-api","timestamp":"2026-01-13T08:41:45.310Z"}
{"level":"info","message":"::1 - - [13/Jan/2026:08:41:45 +0000] \"GET /api HTTP/1.1\" 200 41 \"-\" \"curl/8.7.1\"","service":"acquisitions-api","timestamp":"2026-01-13T08:41:45.320Z"}
{"level":"info","message":"::1 - - [13/Jan/2026:08:41:45 +0000] \"GET /api HTTP/1.1\" 200 41 \"-\" \"curl/8.7.1\"","service":"acquisitions-api","timestamp":"2026-01-13T08:41:45.330Z"}
{"level":"info","message":"::1 - - [13/Jan/2026:08:41:45 +0000] \"GET /api HTTP/1.1\" 200 41 \"-\" \"curl/8.7.1\"","service":"acquisitions-api","timestamp":"2026-01-13T08:41:45.341Z"}
{"level":"info","message":"::1 - - [13/Jan/2026:08:41:45 +0000] \"GET /api HTTP/1.1\" 200 41 \"-\" \"curl/8.7.1\"","service":"acquisitions-api","timestamp":"2026-01-13T08:41:45.350Z"}
{"level":"info","message":"::1 - - [13/Jan/2026:08:41:45 +0000] \"GET /api HTTP/1.1\" 200 41 \"-\" \"curl/8.7.1\"","service":"acquisitions-api","timestamp":"2026-01-13T08:41:45.359Z"}
{"level":"info","message":"::1 - - [13/Jan/2026:08:41:45 +0000] \"GET /api HTTP/1.1\" 200 41 \"-\" \"curl/8.7.1\"","service":"acquisitions-api","timestamp":"2026-01-13T08:41:45.369Z"}
{"level":"info","message":"::1 - - [13/Jan/2026:08:41:45 +0000] \"GET /api HTTP/1.1\" 200 41 \"-\" \"curl/8.7.1\"","service":"acquisitions-api","timestamp":"2026-01-13T08:41:45.379Z"}
{"level":"info","message":"::1 - - [13/Jan/2026:08:41:45 +0000] \"GET /api HTTP/1.1\" 200 41 \"-\" \"curl/8.7.1\"","service":"acquisitions-api","timestamp":"2026-01-13T08:41:45.389Z"}
{"level":"info","message":"::1 - - [13/Jan/2026:08:41:45 +0000] \"GET /api HTTP/1.1\" 200 41 \"-\" \"curl/8.7.1\"","service":"acquisitions-api","timestamp":"2026-01-13T08:41:45.400Z"}
{"level":"info","message":"::1 - - [13/Jan/2026:08:41:45 +0000] \"GET /api HTTP/1.1\" 200 41 \"-\" \"curl/8.7.1\"","service":"acquisitions-api","timestamp":"2026-01-13T08:41:45.409Z"}
{"level":"info","message":"::1 - - [13/Jan/2026:08:41:45 +0000] \"GET /api HTTP/1.1\" 200 41 \"-\" \"curl/8.7.1\"","service":"acquisitions-api","timestamp":"2026-01-13T08:41:45.418Z"}
{"level":"info","message":"::1 - - [13/Jan/2026:08:41:45 +0000] \"GET /api HTTP/1.1\" 200 41 \"-\" \"curl/8.7.1\"","service":"acquisitions-api","timestamp":"2026-01-13T08:41:45.428Z"}
{"level":"info","message":"::1 - - [13/Jan/2026:08:41:45 +0000] \"GET /api HTTP/1.1\" 200 41 \"-\" \"curl/8.7.1\"","service":"acquisitions-api","timestamp":"2026-01-13T08:41:45.438Z"}
{"level":"info","message":"::1 - - [13/Jan/2026:08:41:45 +0000] \"GET /api HTTP/1.1\" 200 41 \"-\" \"curl/8.7.1\"","service":"acquisitions-api","timestamp":"2026-01-13T08:41:45.447Z"}
{"level":"info","message":"::1 - - [13/Jan/2026:08:41:45 +0000] \"GET /api HTTP/1.1\" 200 41 \"-\" \"curl/8.7.1\"","service":"acquisitions-api","timestamp":"2026-01-13T08:41:45.458Z"}
{"level":"info","message":"::1 - - [13/Jan/2026:08:41:45 +0000] \"GET /api HTTP/1.1\" 200 41 \"-\" \"curl/8.7.1\"","service":"acquisitions-api","timestamp":"2026-01-13T08:41:45.467Z"}
{"level":"info","message":"::1 - - [13/Jan/2026:08:41:45 +0000] \"GET /api HTTP/1.1\" 200 41 \"-\" \"curl/8.7.1\"","service":"acquisitions-api","timestamp":"2026-01-13T08:41:45.478Z"}
{"level":"info","message":"::1 - - [13/Jan/2026:08:41:45 +0000] \"GET /api HTTP/1.1\" 200 41 \"-\" \"curl/8.7.1\"","service":"acquisitions-api","timestamp":"2026-01-13T08:41:45.488Z"}
{"level":"info","message":"::1 - - [13/Jan/2026:08:41:45 +0000] \"GET /api HTTP/1.1\" 200 41 \"-\" \"curl/8.7.1\"","service":"acquisitions-api","timestamp":"2026-01-13T08:41:45.497Z"}
{"level":"info","message":"::1 - - [13/Jan/2026:08:41:45 +0000] \"GET /api HTTP/1.1\" 200 41 \"-\" \"curl/8.7.1\"","service":"acquisitions-api","timestamp":"2026-01-13T08:41:45.508Z"}
{"level":"info","message":"::1 - - [13/Jan/2026:08:41:45 +0000] \"GET /api HTTP/1.1\" 200 41 \"-\" \"curl/8.7.1\"","service":"acquisitions-api","timestamp":"2026-01-13T08:41:45.517Z"}
{"level":"info","message":"::1 - - [13/Jan/2026:08:41:45 +0000] \"GET /api HTTP/1.1\" 200 41 \"-\" \"curl/8.7.1\"","service":"acquisitions-api","timestamp":"2026-01-13T08:41:45.535Z"}
{"level":"info","message":"::1 - - [13/Jan/2026:08:41:45 +0000] \"GET /api HTTP/1.1\" 200 41 \"-\" \"curl/8.7.1\"","service":"acquisitions-api","timestamp":"2026-01-13T08:41:45.545Z"}
{"level":"info","message":"::1 - - [13/Jan/2026:08:41:45 +0000] \"GET /api HTTP/1.1\" 200 41 \"-\" \"curl/8.7.1\"","service":"acquisitions-api","timestamp":"2026-01-13T08:41:45.555Z"}
{"level":"info","message":"::1 - - [13/Jan/2026:08:41:45 +0000] \"GET /api HTTP/1.1\" 200 41 \"-\" \"curl/8.7.1\"","service":"acquisitions-api","timestamp":"2026-01-13T08:41:45.565Z"}
{"level":"info","message":"::1 - - [13/Jan/2026:08:41:45 +0000] \"GET /api HTTP/1.1\" 200 41 \"-\" \"curl/8.7.1\"","service":"acquisitions-api","timestamp":"2026-01-13T08:41:45.575Z"}
{"level":"info","message":"::1 - - [13/Jan/2026:08:41:45 +0000] \"GET /api HTTP/1.1\" 200 41 \"-\" \"curl/8.7.1\"","service":"acquisitions-api","timestamp":"2026-01-13T08:41:45.585Z"}
{"level":"info","message":"::1 - - [13/Jan/2026:08:41:45 +0000] \"GET /api HTTP/1.1\" 200 41 \"-\" \"curl/8.7.1\"","service":"acquisitions-api","timestamp":"2026-01-13T08:41:45.595Z"}
{"level":"info","message":"::1 - - [13/Jan/2026:08:41:45 +0000] \"GET /api HTTP/1.1\" 200 41 \"-\" \"curl/8.7.1\"","service":"acquisitions-api","timestamp":"2026-01-13T08:41:45.605Z"}
{"level":"info","message":"::1 - - [13/Jan/2026:08:41:45 +0000] \"GET /api HTTP/1.1\" 200 41 \"-\" \"curl/8.7.1\"","service":"acquisitions-api","timestamp":"2026-01-13T08:41:45.615Z"}
{"level":"info","message":"::1 - - [13/Jan/2026:08:41:45 +0000] \"GET /api HTTP/1.1\" 200 41 \"-\" \"curl/8.7.1\"","service":"acquisitions-api","timestamp":"2026-01-13T08:41:45.631Z"}
{"level":"info","message":"::1 - - [13/Jan/2026:08:41:45 +0000] \"GET /api HTTP/1.1\" 200 41 \"-\" \"curl/8.7.1\"","service":"acquisitions-api","timestamp":"2026-01-13T08:41:45.642Z"}
{"level":"info","message":"::1 - - [13/Jan/2026:08:41:45 +0000] \"GET /api HTTP/1.1\" 200 41 \"-\" \"curl/8.7.1\"","service":"acquisitions-api","timestamp":"2026-01-13T08:41:45.652Z"}
{"level":"info","message":"::1 - - [13/Jan/2026:08:41:45 +0000] \"GET /api HTTP/1.1\" 200 41 \"-\" \"curl/8.7.1\"","service":"acquisitions-api","timestamp":"2026-01-13T08:41:45.663Z"}
{"level":"info","message":"::1 - - [13/Jan/2026:08:41:45 +0000] \"GET /api HTTP/1.1\" 200 41 \"-\" \"curl/8.7.1\"","service":"acquisitions-api","timestamp":"2026-01-13T08:41:45.673Z"}
{"level":"info","message":"::1 - - [13/Jan/2026:08:41:45 +0000] \"GET /api HTTP/1.1\" 200 41 \"-\" \"curl/8.7.1\"","service":"acquisitions-api","timestamp":"2026-01-13T08:41:45.683Z"}
{"level":"info","message":"::1 - - [13/Jan/2026:08:41:45 +0000] \"GET /api HTTP/1.1\" 200 41 \"-\" \"curl/8.7.1\"","service":"acquisitions-api","timestamp":"2026-01-13T08:41:45.693Z"}
{"level":"info","message":"::1 - - [13/Jan/2026:08:41:45 +0000] \"GET /api HTTP/1.1\" 200 41 \"-\" \"curl/8.7.1\"","service":"acquisitions-api","timestamp":"2026-01-13T08:41:45.702Z"}
{"level":"info","message":"::1 - - [13/Jan/2026:08:41:45 +0000] \"GET /api HTTP/1.1\" 200 41 \"-\" \"curl/8.7.1\"","service":"acquisitions-api","timestamp":"2026-01-13T08:41:45.710Z"}
{"level":"info","message":"::1 - - [13/Jan/2026:08:41:45 +0000] \"GET /api HTTP/1.1\" 200 41 \"-\" \"curl/8.7.1\"","service":"acquisitions-api","timestamp":"2026-01-13T08:41:45.721Z"}
{"level":"info","message":"::1 - - [13/Jan/2026:08:41:45 +0000] \"GET /api HTTP/1.1\" 200 41 \"-\" \"curl/8.7.1\"","service":"acquisitions-api","timestamp":"2026-01-13T08:41:45.732Z"}
{"level":"info","message":"::1 - - [13/Jan/2026:08:41:45 +0000] \"GET /api HTTP/1.1\" 200 41 \"-\" \"curl/8.7.1\"","service":"acquisitions-api","timestamp":"2026-01-13T08:41:45.742Z"}
{"level":"info","message":"::1 - - [13/Jan/2026:08:41:45 +0000] \"GET /api HTTP/1.1\" 200 41 \"-\" \"curl/8.7.1\"","service":"acquisitions-api","timestamp":"2026-01-13T08:41:45.751Z"}
{"level":"info","message":"::1 - - [13/Jan/2026:08:41:45 +0000] \"GET /api HTTP/1.1\" 200 41 \"-\" \"curl/8.7.1\"","service":"acquisitions-api","timestamp":"2026-01-13T08:41:45.761Z"}
{"level":"info","message":"::1 - - [13/Jan/2026:08:41:45 +0000] \"GET /api HTTP/1.1\" 200 41 \"-\" \"curl/8.7.1\"","service":"acquisitions-api","timestamp":"2026-01-13T08:41:45.771Z"}
{"level":"info","message":"::1 - - [13/Jan/2026:08:41:45 +0000] \"GET /api HTTP/1.1\" 200 41 \"-\" \"curl/8.7.1\"","service":"acquisitions-api","timestamp":"2026-01-13T08:41:45.781Z"}
{"level":"info","message":"::1 - - [13/Jan/2026:08:41:45 +0000] \"GET /api HTTP/1.1\" 200 41 \"-\" \"curl/8.7.1\"","service":"acquisitions-api","timestamp":"2026-01-13T08:41:45.791Z"}
{"level":"info","message":"::1 - - [13/Jan/2026:08:41:45 +0000] \"GET /api HTTP/1.1\" 200 41 \"-\" \"curl/8.7.1\"","service":"acquisitions-api","timestamp":"2026-01-13T08:41:45.799Z"}
{"level":"info","message":"::1 - - [13/Jan/2026:08:41:45 +0000] \"GET /api HTTP/1.1\" 200 41 \"-\" \"curl/8.7.1\"","service":"acquisitions-api","timestamp":"2026-01-13T08:41:45.810Z"}
{"level":"info","message":"::1 - - [13/Jan/2026:08:41:45 +0000] \"GET /api HTTP/1.1\" 200 41 \"-\" \"curl/8.7.1\"","service":"acquisitions-api","timestamp":"2026-01-13T08:41:45.818Z"}
{"level":"info","message":"::1 - - [13/Jan/2026:08:41:45 +0000] \"GET /api HTTP/1.1\" 200 41 \"-\" \"curl/8.7.1\"","service":"acquisitions-api","timestamp":"2026-01-13T08:41:45.829Z"}
{"level":"info","message":"::1 - - [13/Jan/2026:08:41:45 +0000] \"GET /api HTTP/1.1\" 200 41 \"-\" \"curl/8.7.1\"","service":"acquisitions-api","timestamp":"2026-01-13T08:41:45.839Z"}
{"level":"info","message":"::1 - - [13/Jan/2026:08:41:45 +0000] \"GET /api HTTP/1.1\" 200 41 \"-\" \"curl/8.7.1\"","service":"acquisitions-api","timestamp":"2026-01-13T08:41:45.847Z"}
{"level":"info","message":"::1 - - [13/Jan/2026:08:41:45 +0000] \"GET /api HTTP/1.1\" 200 41 \"-\" \"curl/8.7.1\"","service":"acquisitions-api","timestamp":"2026-01-13T08:41:45.857Z"}
{"level":"info","message":"::1 - - [13/Jan/2026:08:41:45 +0000] \"GET /api HTTP/1.1\" 200 41 \"-\" \"curl/8.7.1\"","service":"acquisitions-api","timestamp":"2026-01-13T08:41:45.867Z"}
{"level":"info","message":"::1 - - [13/Jan/2026:08:41:45 +0000] \"GET /api HTTP/1.1\" 200 41 \"-\" \"curl/8.7.1\"","service":"acquisitions-api","timestamp":"2026-01-13T08:41:45.876Z"}
{"level":"info","message":"::1 - - [13/Jan/2026:08:41:45 +0000] \"GET /api HTTP/1.1\" 200 41 \"-\" \"curl/8.7.1\"","service":"acquisitions-api","timestamp":"2026-01-13T08:41:45.886Z"}
{"level":"info","message":"::1 - - [13/Jan/2026:08:41:45 +0000] \"GET /api HTTP/1.1\" 200 41 \"-\" \"curl/8.7.1\"","service":"acquisitions-api","timestamp":"2026-01-13T08:41:45.896Z"}
{"level":"info","message":"::1 - - [13/Jan/2026:08:41:45 +0000] \"GET /api HTTP/1.1\" 200 41 \"-\" \"curl/8.7.1\"","service":"acquisitions-api","timestamp":"2026-01-13T08:41:45.905Z"}
{"level":"info","message":"::1 - - [13/Jan/2026:08:41:45 +0000] \"GET /api HTTP/1.1\" 200 41 \"-\" \"curl/8.7.1\"","service":"acquisitions-api","timestamp":"2026-01-13T08:41:45.915Z"}
{"level":"info","message":"::1 - - [13/Jan/2026:08:41:45 +0000] \"GET /api HTTP/1.1\" 200 41 \"-\" \"curl/8.7.1\"","service":"acquisitions-api","timestamp":"2026-01-13T08:41:45.925Z"}
{"level":"info","message":"::1 - - [13/Jan/2026:08:41:45 +0000] \"GET /api HTTP/1.1\" 200 41 \"-\" \"curl/8.7.1\"","service":"acquisitions-api","timestamp":"2026-01-13T08:41:45.934Z"}
{"level":"info","message":"::1 - - [13/Jan/2026:08:41:45 +0000] \"GET /api HTTP/1.1\" 200 41 \"-\" \"curl/8.7.1\"","service":"acquisitions-api","timestamp":"2026-01-13T08:41:45.943Z"}
{"level":"info","message":"::1 - - [13/Jan/2026:08:41:45 +0000] \"GET /api HTTP/1.1\" 200 41 \"-\" \"curl/8.7.1\"","service":"acquisitions-api","timestamp":"2026-01-13T08:41:45.954Z"}
{"level":"info","message":"::1 - - [13/Jan/2026:08:41:45 +0000] \"GET /api HTTP/1.1\" 200 41 \"-\" \"curl/8.7.1\"","service":"acquisitions-api","timestamp":"2026-01-13T08:41:45.964Z"}
{"level":"info","message":"::1 - - [13/Jan/2026:08:41:45 +0000] \"GET /api HTTP/1.1\" 200 41 \"-\" \"curl/8.7.1\"","service":"acquisitions-api","timestamp":"2026-01-13T08:41:45.974Z"}
{"level":"info","message":"::1 - - [13/Jan/2026:08:41:45 +0000] \"GET /api HTTP/1.1\" 200 41 \"-\" \"curl/8.7.1\"","service":"acquisitions-api","timestamp":"2026-01-13T08:41:45.984Z"}
{"level":"info","message":"::1 - - [13/Jan/2026:08:41:45 +0000] \"GET /api HTTP/1.1\" 200 41 \"-\" \"curl/8.7.1\"","service":"acquisitions-api","timestamp":"2026-01-13T08:41:45.993Z"}
{"level":"info","message":"::1 - - [13/Jan/2026:08:41:46 +0000] \"GET /api HTTP/1.1\" 200 41 \"-\" \"curl/8.7.1\"","service":"acquisitions-api","timestamp":"2026-01-13T08:41:46.003Z"}
{"level":"info","message":"::1 - - [13/Jan/2026:08:41:46 +0000] \"GET /api HTTP/1.1\" 200 41 \"-\" \"curl/8.7.1\"","service":"acquisitions-api","timestamp":"2026-01-13T08:41:46.023Z"}
{"level":"info","message":"::1 - - [13/Jan/2026:08:41:46 +0000] \"GET /api HTTP/1.1\" 200 41 \"-\" \"curl/8.7.1\"","service":"acquisitions-api","timestamp":"2026-01-13T08:41:46.039Z"}
{"level":"info","message":"::1 - - [13/Jan/2026:08:41:46 +0000] \"GET /api HTTP/1.1\" 200 41 \"-\" \"curl/8.7.1\"","service":"acquisitions-api","timestamp":"2026-01-13T08:41:46.050Z"}
{"level":"info","message":"::1 - - [13/Jan/2026:08:41:46 +0000] \"GET /api HTTP/1.1\" 200 41 \"-\" \"curl/8.7.1\"","service":"acquisitions-api","timestamp":"2026-01-13T08:41:46.060Z"}
{"level":"info","message":"::1 - - [13/Jan/2026:08:41:46 +0000] \"GET /api HTTP/1.1\" 200 41 \"-\" \"curl/8.7.1\"","service":"acquisitions-api","timestamp":"2026-01-13T08:41:46.069Z"}
{"level":"info","message":"::1 - - [13/Jan/2026:08:41:46 +0000] \"GET /api HTTP/1.1\" 200 41 \"-\" \"curl/8.7.1\"","service":"acquisitions-api","timestamp":"2026-01-13T08:41:46.080Z"}
{"level":"info","message":"::1 - - [13/Jan/2026:08:41:46 +0000] \"GET /api HTTP/1.1\" 200 41 \"-\" \"curl/8.7.1\"","service":"acquisitions-api","timestamp":"2026-01-13T08:41:46.090Z"}
{"level":"info","message":"::1 - - [13/Jan/2026:08:41:46 +0000] \"GET /api HTTP/1.1\" 200 41 \"-\" \"curl/8.7.1\"","service":"acquisitions-api","timestamp":"2026-01-13T08:41:46.099Z"}
{"level":"info","message":"::1 - - [13/Jan/2026:08:41:46 +0000] \"GET /api HTTP/1.1\" 200 41 \"-\" \"curl/8.7.1\"","service":"acquisitions-api","timestamp":"2026-01-13T08:41:46.109Z"}
{"level":"info","message":"::1 - - [13/Jan/2026:08:41:46 +0000] \"GET /api HTTP/1.1\" 200 41 \"-\" \"curl/8.7.1\"","service":"acquisitions-api","timestamp":"2026-01-13T08:41:46.119Z"}
{"level":"info","message":"::1 - - [13/Jan/2026:08:41:46 +0000] \"GET /api HTTP/1.1\" 200 41 \"-\" \"curl/8.7.1\"","service":"acquisitions-api","timestamp":"2026-01-13T08:41:46.129Z"}
{"level":"info","message":"::1 - - [13/Jan/2026:08:41:46 +0000] \"GET /api HTTP/1.1\" 200 41 \"-\" \"curl/8.7.1\"","service":"acquisitions-api","timestamp":"2026-01-13T08:41:46.138Z"}
{"level":"info","message":"::1 - - [13/Jan/2026:08:41:46 +0000] \"GET /api HTTP/1.1\" 200 41 \"-\" \"curl/8.7.1\"","service":"acquisitions-api","timestamp":"2026-01-13T08:41:46.148Z"}
{"level":"info","message":"::1 - - [13/Jan/2026:08:41:46 +0000] \"GET /api HTTP/1.1\" 200 41 \"-\" \"curl/8.7.1\"","service":"acquisitions-api","timestamp":"2026-01-13T08:41:46.158Z"}
{"level":"info","message":"::1 - - [13/Jan/2026:08:41:46 +0000] \"GET /api HTTP/1.1\" 200 41 \"-\" \"curl/8.7.1\"","service":"acquisitions-api","timestamp":"2026-01-13T08:41:46.167Z"}
{"level":"info","message":"::1 - - [13/Jan/2026:08:41:46 +0000] \"GET /api HTTP/1.1\" 200 41 \"-\" \"curl/8.7.1\"","service":"acquisitions-api","timestamp":"2026-01-13T08:41:46.176Z"}
{"level":"info","message":"::1 - - [13/Jan/2026:08:41:46 +0000] \"GET /api HTTP/1.1\" 200 41 \"-\" \"curl/8.7.1\"","service":"acquisitions-api","timestamp":"2026-01-13T08:41:46.185Z"}
{"level":"info","message":"::1 - - [13/Jan/2026:08:41:46 +0000] \"GET /api HTTP/1.1\" 200 41 \"-\" \"curl/8.7.1\"","service":"acquisitions-api","timestamp":"2026-01-13T08:41:46.195Z"}
{"level":"info","message":"::1 - - [13/Jan/2026:08:41:46 +0000] \"GET /api HTTP/1.1\" 200 41 \"-\" \"curl/8.7.1\"","service":"acquisitions-api","timestamp":"2026-01-13T08:41:46.205Z"}
{"level":"info","message":"::1 - - [13/Jan/2026:08:41:46 +0000] \"GET /api HTTP/1.1\" 200 41 \"-\" \"curl/8.7.1\"","service":"acquisitions-api","timestamp":"2026-01-13T08:41:46.215Z"}
{"level":"info","message":"::1 - - [13/Jan/2026:08:41:46 +0000] \"GET /api HTTP/1.1\" 200 41 \"-\" \"curl/8.7.1\"","service":"acquisitions-api","timestamp":"2026-01-13T08:41:46.225Z"}
{"level":"info","message":"::1 - - [13/Jan/2026:08:41:46 +0000] \"GET /api HTTP/1.1\" 200 41 \"-\" \"curl/8.7.1\"","service":"acquisitions-api","timestamp":"2026-01-13T08:41:46.234Z"}
{"level":"info","message":"::1 - - [13/Jan/2026:08:41:46 +0000] \"GET /api HTTP/1.1\" 200 41 \"-\" \"curl/8.7.1\"","service":"acquisitions-api","timestamp":"2026-01-13T08:41:46.243Z"}
{"level":"info","message":"::1 - - [13/Jan/2026:08:41:46 +0000] \"GET /api HTTP/1.1\" 200 41 \"-\" \"curl/8.7.1\"","service":"acquisitions-api","timestamp":"2026-01-13T08:41:46.252Z"}
{"level":"info","message":"::1 - - [13/Jan/2026:08:41:46 +0000] \"GET /api HTTP/1.1\" 200 41 \"-\" \"curl/8.7.1\"","service":"acquisitions-api","timestamp":"2026-01-13T08:41:46.263Z"}
{"level":"info","message":"::1 - - [13/Jan/2026:08:41:46 +0000] \"GET /api HTTP/1.1\" 200 41 \"-\" \"curl/8.7.1\"","service":"acquisitions-api","timestamp":"2026-01-13T08:41:46.272Z"}
{"level":"info","message":"::1 - - [13/Jan/2026:08:41:46 +0000] \"GET /api HTTP/1.1\" 200 41 \"-\" \"curl/8.7.1\"","service":"acquisitions-api","timestamp":"2026-01-13T08:41:46.282Z"}
{"level":"info","message":"::1 - - [13/Jan/2026:08:41:46 +0000] \"GET /api HTTP/1.1\" 200 41 \"-\" \"curl/8.7.1\"","service":"acquisitions-api","timestamp":"2026-01-13T08:41:46.292Z"}
{"level":"info","message":"::1 - - [13/Jan/2026:08:41:46 +0000] \"GET /api HTTP/1.1\" 200 41 \"-\" \"curl/8.7.1\"","service":"acquisitions-api","timestamp":"2026-01-13T08:41:46.301Z"}
{"level":"info","message":"::1 - - [13/Jan/2026:08:41:46 +0000] \"GET /api HTTP/1.1\" 200 41 \"-\" \"curl/8.7.1\"","service":"acquisitions-api","timestamp":"2026-01-13T08:41:46.311Z"}
{"level":"info","message":"::1 - - [13/Jan/2026:08:41:46 +0000] \"GET /api HTTP/1.1\" 200 41 \"-\" \"curl/8.7.1\"","service":"acquisitions-api","timestamp":"2026-01-13T08:41:46.321Z"}
{"level":"info","message":"::1 - - [13/Jan/2026:08:41:46 +0000] \"GET /api HTTP/1.1\" 200 41 \"-\" \"curl/8.7.1\"","service":"acquisitions-api","timestamp":"2026-01-13T08:41:46.332Z"}
{"level":"info","message":"::1 - - [13/Jan/2026:08:41:46 +0000] \"GET /api HTTP/1.1\" 200 41 \"-\" \"curl/8.7.1\"","service":"acquisitions-api","timestamp":"2026-01-13T08:41:46.341Z"}
{"level":"info","message":"::1 - - [13/Jan/2026:08:41:46 +0000] \"GET /api HTTP/1.1\" 200 41 \"-\" \"curl/8.7.1\"","service":"acquisitions-api","timestamp":"2026-01-13T08:41:46.350Z"}
{"level":"info","message":"::1 - - [13/Jan/2026:08:41:46 +0000] \"GET /api HTTP/1.1\" 200 41 \"-\" \"curl/8.7.1\"","service":"acquisitions-api","timestamp":"2026-01-13T08:41:46.359Z"}
{"level":"info","message":"::1 - - [13/Jan/2026:08:41:46 +0000] \"GET /api HTTP/1.1\" 200 41 \"-\" \"curl/8.7.1\"","service":"acquisitions-api","timestamp":"2026-01-13T08:41:46.368Z"}
{"level":"info","message":"::1 - - [13/Jan/2026:08:41:46 +0000] \"GET /api HTTP/1.1\" 200 41 \"-\" \"curl/8.7.1\"","service":"acquisitions-api","timestamp":"2026-01-13T08:41:46.378Z"}
{"level":"info","message":"::1 - - [13/Jan/2026:08:41:46 +0000] \"GET /api HTTP/1.1\" 200 41 \"-\" \"curl/8.7.1\"","service":"acquisitions-api","timestamp":"2026-01-13T08:41:46.388Z"}
{"level":"info","message":"::1 - - [13/Jan/2026:08:41:46 +0000] \"GET /api HTTP/1.1\" 200 41 \"-\" \"curl/8.7.1\"","service":"acquisitions-api","timestamp":"2026-01-13T08:41:46.398Z"}
{"level":"info","message":"::1 - - [13/Jan/2026:08:41:46 +0000] \"GET /api HTTP/1.1\" 200 41 \"-\" \"curl/8.7.1\"","service":"acquisitions-api","timestamp":"2026-01-13T08:41:46.407Z"}
{"level":"info","message":"::1 - - [13/Jan/2026:08:41:46 +0000] \"GET /api HTTP/1.1\" 200 41 \"-\" \"curl/8.7.1\"","service":"acquisitions-api","timestamp":"2026-01-13T08:41:46.417Z"}
{"level":"info","message":"::1 - - [13/Jan/2026:08:41:46 +0000] \"GET /api HTTP/1.1\" 200 41 \"-\" \"curl/8.7.1\"","service":"acquisitions-api","timestamp":"2026-01-13T08:41:46.426Z"}
{"level":"info","message":"::1 - - [13/Jan/2026:08:41:46 +0000] \"GET /api HTTP/1.1\" 200 41 \"-\" \"curl/8.7.1\"","service":"acquisitions-api","timestamp":"2026-01-13T08:41:46.435Z"}
{"level":"info","message":"::1 - - [13/Jan/2026:08:41:46 +0000] \"GET /api HTTP/1.1\" 200 41 \"-\" \"curl/8.7.1\"","service":"acquisitions-api","timestamp":"2026-01-13T08:41:46.446Z"}
{"level":"info","message":"::1 - - [13/Jan/2026:08:41:46 +0000] \"GET /api HTTP/1.1\" 200 41 \"-\" \"curl/8.7.1\"","service":"acquisitions-api","timestamp":"2026-01-13T08:41:46.455Z"}
{"level":"info","message":"::1 - - [13/Jan/2026:08:41:46 +0000] \"GET /api HTTP/1.1\" 200 41 \"-\" \"curl/8.7.1\"","service":"acquisitions-api","timestamp":"2026-01-13T08:41:46.466Z"}
{"level":"info","message":"::1 - - [13/Jan/2026:08:41:46 +0000] \"GET /api HTTP/1.1\" 200 41 \"-\" \"curl/8.7.1\"","service":"acquisitions-api","timestamp":"2026-01-13T08:41:46.475Z"}
{"level":"info","message":"::1 - - [13/Jan/2026:08:41:46 +0000] \"GET /api HTTP/1.1\" 200 41 \"-\" \"curl/8.7.1\"","service":"acquisitions-api","timestamp":"2026-01-13T08:41:46.484Z"}
{"level":"info","message":"::1 - - [13/Jan/2026:08:41:46 +0000] \"GET /api HTTP/1.1\" 200 41 \"-\" \"curl/8.7.1\"","service":"acquisitions-api","timestamp":"2026-01-13T08:41:46.494Z"}
{"level":"info","message":"::1 - - [13/Jan/2026:08:41:46 +0000] \"GET /api HTTP/1.1\" 200 41 \"-\" \"curl/8.7.1\"","service":"acquisitions-api","timestamp":"2026-01-13T08:41:46.505Z"}
{"level":"info","message":"::1 - - [13/Jan/2026:08:41:46 +0000] \"GET /api HTTP/1.1\" 200 41 \"-\" \"curl/8.7.1\"","service":"acquisitions-api","timestamp":"2026-01-13T08:41:46.514Z"}
{"level":"info","message":"::1 - - [13/Jan/2026:08:41:46 +0000] \"GET /api HTTP/1.1\" 200 41 \"-\" \"curl/8.7.1\"","service":"acquisitions-api","timestamp":"2026-01-13T08:41:46.524Z"}
{"level":"info","message":"::1 - - [13/Jan/2026:08:41:46 +0000] \"GET /api HTTP/1.1\" 200 41 \"-\" \"curl/8.7.1\"","service":"acquisitions-api","timestamp":"2026-01-13T08:41:46.533Z"}
{"level":"info","message":"::1 - - [13/Jan/2026:08:41:46 +0000] \"GET /api HTTP/1.1\" 200 41 \"-\" \"curl/8.7.1\"","service":"acquisitions-api","timestamp":"2026-01-13T08:41:46.542Z"}
{"level":"info","message":"::1 - - [13/Jan/2026:08:41:46 +0000] \"GET /api HTTP/1.1\" 200 41 \"-\" \"curl/8.7.1\"","service":"acquisitions-api","timestamp":"2026-01-13T08:41:46.552Z"}
{"level":"info","message":"::1 - - [13/Jan/2026:08:41:46 +0000] \"GET /api HTTP/1.1\" 200 41 \"-\" \"curl/8.7.1\"","service":"acquisitions-api","timestamp":"2026-01-13T08:41:46.561Z"}
{"level":"info","message":"::1 - - [13/Jan/2026:08:41:46 +0000] \"GET /api HTTP/1.1\" 200 41 \"-\" \"curl/8.7.1\"","service":"acquisitions-api","timestamp":"2026-01-13T08:41:46.572Z"}
{"level":"info","message":"::1 - - [13/Jan/2026:08:41:46 +0000] \"GET /api HTTP/1.1\" 200 41 \"-\" \"curl/8.7.1\"","service":"acquisitions-api","timestamp":"2026-01-13T08:41:46.582Z"}
{"level":"info","message":"::1 - - [13/Jan/2026:08:41:46 +0000] \"GET /api HTTP/1.1\" 200 41 \"-\" \"curl/8.7.1\"","service":"acquisitions-api","timestamp":"2026-01-13T08:41:46.592Z"}
{"level":"info","message":"::1 - - [13/Jan/2026:08:41:46 +0000] \"GET /api HTTP/1.1\" 200 41 \"-\" \"curl/8.7.1\"","service":"acquisitions-api","timestamp":"2026-01-13T08:41:46.601Z"}
{"level":"info","message":"::1 - - [13/Jan/2026:08:41:46 +0000] \"GET /api HTTP/1.1\" 200 41 \"-\" \"curl/8.7.1\"","service":"acquisitions-api","timestamp":"2026-01-13T08:41:46.612Z"}
{"level":"info","message":"::1 - - [13/Jan/2026:08:41:46 +0000] \"GET /api HTTP/1.1\" 200 41 \"-\" \"curl/8.7.1\"","service":"acquisitions-api","timestamp":"2026-01-13T08:41:46.622Z"}
{"level":"info","message":"::1 - - [13/Jan/2026:08:41:46 +0000] \"GET /api HTTP/1.1\" 200 41 \"-\" \"curl/8.7.1\"","service":"acquisitions-api","timestamp":"2026-01-13T08:41:46.631Z"}
{"level":"info","message":"::1 - - [13/Jan/2026:08:41:46 +0000] \"GET /api HTTP/1.1\" 200 41 \"-\" \"curl/8.7.1\"","service":"acquisitions-api","timestamp":"2026-01-13T08:41:46.640Z"}
{"level":"info","message":"::1 - - [13/Jan/2026:08:41:46 +0000] \"GET /api HTTP/1.1\" 200 41 \"-\" \"curl/8.7.1\"","service":"acquisitions-api","timestamp":"2026-01-13T08:41:46.649Z"}
{"level":"info","message":"::1 - - [13/Jan/2026:08:41:46 +0000] \"GET /api HTTP/1.1\" 200 41 \"-\" \"curl/8.7.1\"","service":"acquisitions-api","timestamp":"2026-01-13T08:41:46.658Z"}
{"level":"info","message":"::1 - - [13/Jan/2026:08:41:46 +0000] \"GET /api HTTP/1.1\" 200 41 \"-\" \"curl/8.7.1\"","service":"acquisitions-api","timestamp":"2026-01-13T08:41:46.669Z"}
{"level":"info","message":"::1 - - [13/Jan/2026:08:41:46 +0000] \"GET /api HTTP/1.1\" 200 41 \"-\" \"curl/8.7.1\"","service":"acquisitions-api","timestamp":"2026-01-13T08:41:46.678Z"}
{"level":"info","message":"::1 - - [13/Jan/2026:08:41:46 +0000] \"GET /api HTTP/1.1\" 200 41 \"-\" \"curl/8.7.1\"","service":"acquisitions-api","timestamp":"2026-01-13T08:41:46.687Z"}
{"level":"info","message":"::1 - - [13/Jan/2026:08:41:46 +0000] \"GET /api HTTP/1.1\" 200 41 \"-\" \"curl/8.7.1\"","service":"acquisitions-api","timestamp":"2026-01-13T08:41:46.697Z"}
{"level":"info","message":"::1 - - [13/Jan/2026:08:41:46 +0000] \"GET /api HTTP/1.1\" 200 41 \"-\" \"curl/8.7.1\"","service":"acquisitions-api","timestamp":"2026-01-13T08:41:46.708Z"}
{"level":"info","message":"::1 - - [13/Jan/2026:08:41:46 +0000] \"GET /api HTTP/1.1\" 200 41 \"-\" \"curl/8.7.1\"","service":"acquisitions-api","timestamp":"2026-01-13T08:41:46.718Z"}
{"level":"info","message":"::1 - - [13/Jan/2026:08:41:46 +0000] \"GET /api HTTP/1.1\" 200 41 \"-\" \"curl/8.7.1\"","service":"acquisitions-api","timestamp":"2026-01-13T08:41:46.728Z"}
{"level":"info","message":"::1 - - [13/Jan/2026:08:41:46 +0000] \"GET /api HTTP/1.1\" 200 41 \"-\" \"curl/8.7.1\"","service":"acquisitions-api","timestamp":"2026-01-13T08:41:46.738Z"}
{"level":"info","message":"::1 - - [13/Jan/2026:08:41:46 +0000] \"GET /api HTTP/1.1\" 200 41 \"-\" \"curl/8.7.1\"","service":"acquisitions-api","timestamp":"2026-01-13T08:41:46.747Z"}
{"level":"info","message":"::1 - - [13/Jan/2026:08:41:46 +0000] \"GET /api HTTP/1.1\" 200 41 \"-\" \"curl/8.7.1\"","service":"acquisitions-api","timestamp":"2026-01-13T08:41:46.757Z"}
{"level":"info","message":"::1 - - [13/Jan/2026:08:41:46 +0000] \"GET /api HTTP/1.1\" 200 41 \"-\" \"curl/8.7.1\"","service":"acquisitions-api","timestamp":"2026-01-13T08:41:46.766Z"}
{"level":"info","message":"::1 - - [13/Jan/2026:08:41:46 +0000] \"GET /api HTTP/1.1\" 200 41 \"-\" \"curl/8.7.1\"","service":"acquisitions-api","timestamp":"2026-01-13T08:41:46.776Z"}
{"level":"info","message":"::1 - - [13/Jan/2026:08:41:46 +0000] \"GET /api HTTP/1.1\" 200 41 \"-\" \"curl/8.7.1\"","service":"acquisitions-api","timestamp":"2026-01-13T08:41:46.786Z"}
{"level":"info","message":"::1 - - [13/Jan/2026:08:41:46 +0000] \"GET /api HTTP/1.1\" 200 41 \"-\" \"curl/8.7.1\"","service":"acquisitions-api","timestamp":"2026-01-13T08:41:46.796Z"}
{"level":"info","message":"::1 - - [13/Jan/2026:08:41:46 +0000] \"GET /api HTTP/1.1\" 200 41 \"-\" \"curl/8.7.1\"","service":"acquisitions-api","timestamp":"2026-01-13T08:41:46.806Z"}
{"level":"info","message":"::1 - - [13/Jan/2026:08:41:46 +0000] \"GET /api HTTP/1.1\" 200 41 \"-\" \"curl/8.7.1\"","service":"acquisitions-api","timestamp":"2026-01-13T08:41:46.816Z"}
{"level":"info","message":"::1 - - [13/Jan/2026:08:41:46 +0000] \"GET /api HTTP/1.1\" 200 41 \"-\" \"curl/8.7.1\"","service":"acquisitions-api","timestamp":"2026-01-13T08:41:46.827Z"}
{"level":"info","message":"::1 - - [13/Jan/2026:08:41:46 +0000] \"GET /api HTTP/1.1\" 200 41 \"-\" \"curl/8.7.1\"","service":"acquisitions-api","timestamp":"2026-01-13T08:41:46.835Z"}
{"level":"info","message":"::1 - - [13/Jan/2026:08:41:46 +0000] \"GET /api HTTP/1.1\" 200 41 \"-\" \"curl/8.7.1\"","service":"acquisitions-api","timestamp":"2026-01-13T08:41:46.845Z"}
{"level":"info","message":"::1 - - [13/Jan/2026:08:41:46 +0000] \"GET /api HTTP/1.1\" 200 41 \"-\" \"curl/8.7.1\"","service":"acquisitions-api","timestamp":"2026-01-13T08:41:46.855Z"}
{"level":"info","message":"::1 - - [13/Jan/2026:08:41:46 +0000] \"GET /api HTTP/1.1\" 200 41 \"-\" \"curl/8.7.1\"","service":"acquisitions-api","timestamp":"2026-01-13T08:41:46.866Z"}
{"level":"info","message":"::1 - - [13/Jan/2026:08:41:46 +0000] \"GET /api HTTP/1.1\" 200 41 \"-\" \"curl/8.7.1\"","service":"acquisitions-api","timestamp":"2026-01-13T08:41:46.875Z"}
{"level":"info","message":"::1 - - [13/Jan/2026:08:41:46 +0000] \"GET /api HTTP/1.1\" 200 41 \"-\" \"curl/8.7.1\"","service":"acquisitions-api","timestamp":"2026-01-13T08:41:46.884Z"}
{"level":"info","message":"::1 - - [13/Jan/2026:08:41:46 +0000] \"GET /api HTTP/1.1\" 200 41 \"-\" \"curl/8.7.1\"","service":"acquisitions-api","timestamp":"2026-01-13T08:41:46.894Z"}
{"level":"info","message":"::1 - - [13/Jan/2026:08:41:46 +0000] \"GET /api HTTP/1.1\" 200 41 \"-\" \"curl/8.7.1\"","service":"acquisitions-api","timestamp":"2026-01-13T08:41:46.904Z"}
{"level":"info","message":"::1 - - [13/Jan/2026:08:41:46 +0000] \"GET /api HTTP/1.1\" 200 41 \"-\" \"curl/8.7.1\"","service":"acquisitions-api","timestamp":"2026-01-13T08:41:46.913Z"}
{"level":"info","message":"::1 - - [13/Jan/2026:08:41:46 +0000] \"GET /api HTTP/1.1\" 200 41 \"-\" \"curl/8.7.1\"","service":"acquisitions-api","timestamp":"2026-01-13T08:41:46.923Z"}
{"level":"info","message":"::1 - - [13/Jan/2026:08:41:46 +0000] \"GET /api HTTP/1.1\" 200 41 \"-\" \"curl/8.7.1\"","service":"acquisitions-api","timestamp":"2026-01-13T08:41:46.932Z"}
{"level":"info","message":"::1 - - [13/Jan/2026:08:41:46 +0000] \"GET /api HTTP/1.1\" 200 41 \"-\" \"curl/8.7.1\"","service":"acquisitions-api","timestamp":"2026-01-13T08:41:46.942Z"}
{"level":"info","message":"::1 - - [13/Jan/2026:08:41:46 +0000] \"GET /api HTTP/1.1\" 200 41 \"-\" \"curl/8.7.1\"","service":"acquisitions-api","timestamp":"2026-01-13T08:41:46.952Z"}
{"level":"info","message":"::1 - - [13/Jan/2026:08:41:46 +0000] \"GET /api HTTP/1.1\" 200 41 \"-\" \"curl/8.7.1\"","service":"acquisitions-api","timestamp":"2026-01-13T08:41:46.963Z"}
{"level":"info","message":"::1 - - [13/Jan/2026:08:41:46 +0000] \"GET /api HTTP/1.1\" 200 41 \"-\" \"curl/8.7.1\"","service":"acquisitions-api","timestamp":"2026-01-13T08:41:46.973Z"}
{"level":"info","message":"::1 - - [13/Jan/2026:08:41:46 +0000] \"GET /api HTTP/1.1\" 200 41 \"-\" \"curl/8.7.1\"","service":"acquisitions-api","timestamp":"2026-01-13T08:41:46.983Z"}
{"level":"info","message":"::1 - - [13/Jan/2026:08:41:46 +0000] \"GET /api HTTP/1.1\" 200 41 \"-\" \"curl/8.7.1\"","service":"acquisitions-api","timestamp":"2026-01-13T08:41:46.992Z"}
{"level":"info","message":"::1 - - [13/Jan/2026:08:41:47 +0000] \"GET /api HTTP/1.1\" 200 41 \"-\" \"curl/8.7.1\"","service":"acquisitions-api","timestamp":"2026-01-13T08:41:47.004Z"}
{"level":"info","message":"::1 - - [13/Jan/2026:08:41:47 +0000] \"GET /api HTTP/1.1\" 200 41 \"-\" \"curl/8.7.1\"","service":"acquisitions-api","timestamp":"2026-01-13T08:41:47.015Z"}
{"level":"info","message":"::1 - - [13/Jan/2026:08:41:47 +0000] \"GET /api HTTP/1.1\" 200 41 \"-\" \"curl/8.7.1\"","service":"acquisitions-api","timestamp":"2026-01-13T08:41:47.025Z"}
{"level":"info","message":"::1 - - [13/Jan/2026:08:41:47 +0000] \"GET /api HTTP/1.1\" 200 41 \"-\" \"curl/8.7.1\"","service":"acquisitions-api","timestamp":"2026-01-13T08:41:47.034Z"}
{"level":"info","message":"::1 - - [13/Jan/2026:08:41:47 +0000] \"GET /api HTTP/1.1\" 200 41 \"-\" \"curl/8.7.1\"","service":"acquisitions-api","timestamp":"2026-01-13T08:41:47.044Z"}
{"level":"info","message":"::1 - - [13/Jan/2026:08:41:47 +0000] \"GET /api HTTP/1.1\" 200 41 \"-\" \"curl/8.7.1\"","service":"acquisitions-api","timestamp":"2026-01-13T08:41:47.054Z"}
{"level":"info","message":"::1 - - [13/Jan/2026:08:41:47 +0000] \"GET /api HTTP/1.1\" 200 41 \"-\" \"curl/8.7.1\"","service":"acquisitions-api","timestamp":"2026-01-13T08:41:47.065Z"}
{"level":"info","message":"::1 - - [13/Jan/2026:08:41:47 +0000] \"GET /api HTTP/1.1\" 200 41 \"-\" \"curl/8.7.1\"","service":"acquisitions-api","timestamp":"2026-01-13T08:41:47.074Z"}
{"level":"info","message":"::1 - - [13/Jan/2026:08:41:47 +0000] \"GET /api HTTP/1.1\" 200 41 \"-\" \"curl/8.7.1\"","service":"acquisitions-api","timestamp":"2026-01-13T08:41:47.084Z"}
{"level":"info","message":"::1 - - [13/Jan/2026:08:41:47 +0000] \"GET /api HTTP/1.1\" 200 41 \"-\" \"curl/8.7.1\"","service":"acquisitions-api","timestamp":"2026-01-13T08:41:47.094Z"}
{"level":"info","message":"::1 - - [13/Jan/2026:08:41:47 +0000] \"GET /api HTTP/1.1\" 200 41 \"-\" \"curl/8.7.1\"","service":"acquisitions-api","timestamp":"2026-01-13T08:41:47.104Z"}
{"level":"info","message":"::1 - - [13/Jan/2026:08:41:47 +0000] \"GET /api HTTP/1.1\" 200 41 \"-\" \"curl/8.7.1\"","service":"acquisitions-api","timestamp":"2026-01-13T08:41:47.114Z"}
{"level":"info","message":"::1 - - [13/Jan/2026:08:41:47 +0000] \"GET /api HTTP/1.1\" 200 41 \"-\" \"curl/8.7.1\"","service":"acquisitions-api","timestamp":"2026-01-13T08:41:47.124Z"}
{"level":"info","message":"::1 - - [13/Jan/2026:08:41:47 +0000] \"GET /api HTTP/1.1\" 200 41 \"-\" \"curl/8.7.1\"","service":"acquisitions-api","timestamp":"2026-01-13T08:41:47.133Z"}
{"level":"info","message":"::1 - - [13/Jan/2026:08:41:47 +0000] \"GET /api HTTP/1.1\" 200 41 \"-\" \"curl/8.7.1\"","service":"acquisitions-api","timestamp":"2026-01-13T08:41:47.143Z"}
{"level":"info","message":"::1 - - [13/Jan/2026:08:41:47 +0000] \"GET /api HTTP/1.1\" 200 41 \"-\" \"curl/8.7.1\"","service":"acquisitions-api","timestamp":"2026-01-13T08:41:47.153Z"}
{"level":"info","message":"::1 - - [13/Jan/2026:08:41:47 +0000] \"GET /api HTTP/1.1\" 200 41 \"-\" \"curl/8.7.1\"","service":"acquisitions-api","timestamp":"2026-01-13T08:41:47.163Z"}
{"level":"info","message":"::1 - - [13/Jan/2026:08:41:47 +0000] \"GET /api HTTP/1.1\" 200 41 \"-\" \"curl/8.7.1\"","service":"acquisitions-api","timestamp":"2026-01-13T08:41:47.173Z"}
{"level":"info","message":"::1 - - [13/Jan/2026:08:41:47 +0000] \"GET /api HTTP/1.1\" 200 41 \"-\" \"curl/8.7.1\"","service":"acquisitions-api","timestamp":"2026-01-13T08:41:47.181Z"}
{"level":"info","message":"::1 - - [13/Jan/2026:08:41:47 +0000] \"GET /api HTTP/1.1\" 200 41 \"-\" \"curl/8.7.1\"","service":"acquisitions-api","timestamp":"2026-01-13T08:41:47.192Z"}
{"level":"info","message":"::1 - - [13/Jan/2026:08:41:47 +0000] \"GET /api HTTP/1.1\" 200 41 \"-\" \"curl/8.7.1\"","service":"acquisitions-api","timestamp":"2026-01-13T08:41:47.201Z"}
{"level":"info","message":"::1 - - [13/Jan/2026:08:41:47 +0000] \"GET /api HTTP/1.1\" 200 41 \"-\" \"curl/8.7.1\"","service":"acquisitions-api","timestamp":"2026-01-13T08:41:47.211Z"}
{"level":"info","message":"::1 - - [13/Jan/2026:08:41:47 +0000] \"GET /api HTTP/1.1\" 200 41 \"-\" \"curl/8.7.1\"","service":"acquisitions-api","timestamp":"2026-01-13T08:41:47.220Z"}
{"level":"info","message":"::1 - - [13/Jan/2026:08:41:47 +0000] \"GET /api HTTP/1.1\" 200 41 \"-\" \"curl/8.7.1\"","service":"acquisitions-api","timestamp":"2026-01-13T08:41:47.230Z"}
{"level":"info","message":"::1 - - [13/Jan/2026:08:41:47 +0000] \"GET /api HTTP/1.1\" 200 41 \"-\" \"curl/8.7.1\"","service":"acquisitions-api","timestamp":"2026-01-13T08:41:47.240Z"}
{"level":"info","message":"::1 - - [13/Jan/2026:08:41:47 +0000] \"GET /api HTTP/1.1\" 200 41 \"-\" \"curl/8.7.1\"","service":"acquisitions-api","timestamp":"2026-01-13T08:41:47.249Z"}
{"level":"info","message":"::1 - - [13/Jan/2026:08:41:47 +0000] \"GET /api HTTP/1.1\" 200 41 \"-\" \"curl/8.7.1\"","service":"acquisitions-api","timestamp":"2026-01-13T08:41:47.259Z"}
{"level":"info","message":"::1 - - [13/Jan/2026:08:41:47 +0000] \"GET /api HTTP/1.1\" 200 41 \"-\" \"curl/8.7.1\"","service":"acquisitions-api","timestamp":"2026-01-13T08:41:47.268Z"}
{"level":"info","message":"::1 - - [13/Jan/2026:08:41:47 +0000] \"GET /api HTTP/1.1\" 200 41 \"-\" \"curl/8.7.1\"","service":"acquisitions-api","timestamp":"2026-01-13T08:41:47.278Z"}
{"level":"info","message":"::1 - - [13/Jan/2026:08:41:47 +0000] \"GET /api HTTP/1.1\" 200 41 \"-\" \"curl/8.7.1\"","service":"acquisitions-api","timestamp":"2026-01-13T08:41:47.287Z"}
{"level":"info","message":"::1 - - [13/Jan/2026:08:41:47 +0000] \"GET /api HTTP/1.1\" 200 41 \"-\" \"curl/8.7.1\"","service":"acquisitions-api","timestamp":"2026-01-13T08:41:47.296Z"}
{"level":"info","message":"::1 - - [13/Jan/2026:08:41:47 +0000] \"GET /api HTTP/1.1\" 200 41 \"-\" \"curl/8.7.1\"","service":"acquisitions-api","timestamp":"2026-01-13T08:41:47.306Z"}
{"level":"info","message":"::1 - - [13/Jan/2026:08:41:47 +0000] \"GET /api HTTP/1.1\" 200 41 \"-\" \"curl/8.7.1\"","service":"acquisitions-api","timestamp":"2026-01-13T08:41:47.315Z"}
{"level":"info","message":"::1 - - [13/Jan/2026:08:41:47 +0000] \"GET /api HTTP/1.1\" 200 41 \"-\" \"curl/8.7.1\"","service":"acquisitions-api","timestamp":"2026-01-13T08:41:47.326Z"}
{"level":"info","message":"::1 - - [13/Jan/2026:08:41:47 +0000] \"GET /api HTTP/1.1\" 200 41 \"-\" \"curl/8.7.1\"","service":"acquisitions-api","timestamp":"2026-01-13T08:41:47.335Z"}
{"level":"info","message":"::1 - - [13/Jan/2026:08:41:47 +0000] \"GET /api HTTP/1.1\" 200 41 \"-\" \"curl/8.7.1\"","service":"acquisitions-api","timestamp":"2026-01-13T08:41:47.344Z"}
{"level":"info","message":"::1 - - [13/Jan/2026:08:41:47 +0000] \"GET /api HTTP/1.1\" 200 41 \"-\" \"curl/8.7.1\"","service":"acquisitions-api","timestamp":"2026-01-13T08:41:47.354Z"}
{"level":"info","message":"::1 - - [13/Jan/2026:08:41:47 +0000] \"GET /api HTTP/1.1\" 200 41 \"-\" \"curl/8.7.1\"","service":"acquisitions-api","timestamp":"2026-01-13T08:41:47.363Z"}
{"level":"info","message":"::1 - - [13/Jan/2026:08:41:47 +0000] \"GET /api HTTP/1.1\" 200 41 \"-\" \"curl/8.7.1\"","service":"acquisitions-api","timestamp":"2026-01-13T08:41:47.373Z"}
{"level":"info","message":"::1 - - [13/Jan/2026:08:41:47 +0000] \"GET /api HTTP/1.1\" 200 41 \"-\" \"curl/8.7.1\"","service":"acquisitions-api","timestamp":"2026-01-13T08:41:47.382Z"}
{"level":"info","message":"::1 - - [13/Jan/2026:08:41:47 +0000] \"GET /api HTTP/1.1\" 200 41 \"-\" \"curl/8.7.1\"","service":"acquisitions-api","timestamp":"2026-01-13T08:41:47.392Z"}
{"level":"info","message":"::1 - - [13/Jan/2026:08:41:47 +0000] \"GET /api HTTP/1.1\" 200 41 \"-\" \"curl/8.7.1\"","service":"acquisitions-api","timestamp":"2026-01-13T08:41:47.401Z"}
{"level":"info","message":"::1 - - [13/Jan/2026:08:41:47 +0000] \"GET /api HTTP/1.1\" 200 41 \"-\" \"curl/8.7.1\"","service":"acquisitions-api","timestamp":"2026-01-13T08:41:47.411Z"}
{"level":"info","message":"::1 - - [13/Jan/2026:08:41:47 +0000] \"GET /api HTTP/1.1\" 200 41 \"-\" \"curl/8.7.1\"","service":"acquisitions-api","timestamp":"2026-01-13T08:41:47.420Z"}
{"level":"info","message":"::1 - - [13/Jan/2026:08:41:47 +0000] \"GET /api HTTP/1.1\" 200 41 \"-\" \"curl/8.7.1\"","service":"acquisitions-api","timestamp":"2026-01-13T08:41:47.429Z"}
{"level":"info","message":"::1 - - [13/Jan/2026:08:41:47 +0000] \"GET /api HTTP/1.1\" 200 41 \"-\" \"curl/8.7.1\"","service":"acquisitions-api","timestamp":"2026-01-13T08:41:47.440Z"}
{"level":"info","message":"::1 - - [13/Jan/2026:08:41:47 +0000] \"GET /api HTTP/1.1\" 200 41 \"-\" \"curl/8.7.1\"","service":"acquisitions-api","timestamp":"2026-01-13T08:41:47.450Z"}
{"level":"info","message":"::1 - - [13/Jan/2026:08:41:47 +0000] \"GET /api HTTP/1.1\" 200 41 \"-\" \"curl/8.7.1\"","service":"acquisitions-api","timestamp":"2026-01-13T08:41:47.460Z"}
{"level":"info","message":"::1 - - [13/Jan/2026:08:41:47 +0000] \"GET /api HTTP/1.1\" 200 41 \"-\" \"curl/8.7.1\"","service":"acquisitions-api","timestamp":"2026-01-13T08:41:47.469Z"}
{"level":"info","message":"::1 - - [13/Jan/2026:08:41:47 +0000] \"GET /api HTTP/1.1\" 200 41 \"-\" \"curl/8.7.1\"","service":"acquisitions-api","timestamp":"2026-01-13T08:41:47.479Z"}
{"level":"info","message":"::1 - - [13/Jan/2026:08:41:47 +0000] \"GET /api HTTP/1.1\" 200 41 \"-\" \"curl/8.7.1\"","service":"acquisitions-api","timestamp":"2026-01-13T08:41:47.488Z"}
{"level":"info","message":"::1 - - [13/Jan/2026:08:41:47 +0000] \"GET /api HTTP/1.1\" 200 41 \"-\" \"curl/8.7.1\"","service":"acquisitions-api","timestamp":"2026-01-13T08:41:47.498Z"}
{"level":"info","message":"::1 - - [13/Jan/2026:08:41:47 +0000] \"GET /api HTTP/1.1\" 200 41 \"-\" \"curl/8.7.1\"","service":"acquisitions-api","timestamp":"2026-01-13T08:41:47.507Z"}
{"level":"info","message":"::1 - - [13/Jan/2026:08:41:47 +0000] \"GET /api HTTP/1.1\" 200 41 \"-\" \"curl/8.7.1\"","service":"acquisitions-api","timestamp":"2026-01-13T08:41:47.517Z"}
{"level":"info","message":"::1 - - [13/Jan/2026:08:41:47 +0000] \"GET /api HTTP/1.1\" 200 41 \"-\" \"curl/8.7.1\"","service":"acquisitions-api","timestamp":"2026-01-13T08:41:47.527Z"}
{"level":"info","message":"::1 - - [13/Jan/2026:08:41:47 +0000] \"GET /api HTTP/1.1\" 200 41 \"-\" \"curl/8.7.1\"","service":"acquisitions-api","timestamp":"2026-01-13T08:41:47.537Z"}
{"level":"info","message":"::1 - - [13/Jan/2026:08:41:47 +0000] \"GET /api HTTP/1.1\" 200 41 \"-\" \"curl/8.7.1\"","service":"acquisitions-api","timestamp":"2026-01-13T08:41:47.546Z"}
{"level":"info","message":"::1 - - [13/Jan/2026:08:41:47 +0000] \"GET /api HTTP/1.1\" 200 41 \"-\" \"curl/8.7.1\"","service":"acquisitions-api","timestamp":"2026-01-13T08:41:47.557Z"}
{"level":"info","message":"::1 - - [13/Jan/2026:08:41:47 +0000] \"GET /api HTTP/1.1\" 200 41 \"-\" \"curl/8.7.1\"","service":"acquisitions-api","timestamp":"2026-01-13T08:41:47.566Z"}
{"level":"info","message":"::1 - - [13/Jan/2026:08:41:47 +0000] \"GET /api HTTP/1.1\" 200 41 \"-\" \"curl/8.7.1\"","service":"acquisitions-api","timestamp":"2026-01-13T08:41:47.575Z"}
{"level":"info","message":"::1 - - [13/Jan/2026:08:41:47 +0000] \"GET /api HTTP/1.1\" 200 41 \"-\" \"curl/8.7.1\"","service":"acquisitions-api","timestamp":"2026-01-13T08:41:47.585Z"}
{"level":"info","message":"::1 - - [13/Jan/2026:08:41:47 +0000] \"GET /api HTTP/1.1\" 200 41 \"-\" \"curl/8.7.1\"","service":"acquisitions-api","timestamp":"2026-01-13T08:41:47.595Z"}
{"level":"info","message":"::1 - - [13/Jan/2026:08:41:47 +0000] \"GET /api HTTP/1.1\" 200 41 \"-\" \"curl/8.7.1\"","service":"acquisitions-api","timestamp":"2026-01-13T08:41:47.605Z"}
{"level":"info","message":"::1 - - [13/Jan/2026:08:41:47 +0000] \"GET /api HTTP/1.1\" 200 41 \"-\" \"curl/8.7.1\"","service":"acquisitions-api","timestamp":"2026-01-13T08:41:47.614Z"}
{"level":"info","message":"::1 - - [13/Jan/2026:08:41:47 +0000] \"GET /api HTTP/1.1\" 200 41 \"-\" \"curl/8.7.1\"","service":"acquisitions-api","timestamp":"2026-01-13T08:41:47.623Z"}
{"level":"info","message":"::1 - - [13/Jan/2026:08:41:47 +0000] \"GET /api HTTP/1.1\" 200 41 \"-\" \"curl/8.7.1\"","service":"acquisitions-api","timestamp":"2026-01-13T08:41:47.633Z"}
{"level":"info","message":"::1 - - [13/Jan/2026:08:41:47 +0000] \"GET /api HTTP/1.1\" 200 41 \"-\" \"curl/8.7.1\"","service":"acquisitions-api","timestamp":"2026-01-13T08:41:47.642Z"}
{"level":"info","message":"::1 - - [13/Jan/2026:08:41:47 +0000] \"GET /api HTTP/1.1\" 200 41 \"-\" \"curl/8.7.1\"","service":"acquisitions-api","timestamp":"2026-01-13T08:41:47.652Z"}
{"level":"info","message":"::1 - - [13/Jan/2026:08:41:47 +0000] \"GET /api HTTP/1.1\" 200 41 \"-\" \"curl/8.7.1\"","service":"acquisitions-api","timestamp":"2026-01-13T08:41:47.662Z"}
{"level":"info","message":"::1 - - [13/Jan/2026:08:41:47 +0000] \"GET /api HTTP/1.1\" 200 41 \"-\" \"curl/8.7.1\"","service":"acquisitions-api","timestamp":"2026-01-13T08:41:47.672Z"}
{"level":"info","message":"::1 - - [13/Jan/2026:08:41:47 +0000] \"GET /api HTTP/1.1\" 200 41 \"-\" \"curl/8.7.1\"","service":"acquisitions-api","timestamp":"2026-01-13T08:41:47.681Z"}
{"level":"info","message":"::1 - - [13/Jan/2026:08:41:47 +0000] \"GET /api HTTP/1.1\" 200 41 \"-\" \"curl/8.7.1\"","service":"acquisitions-api","timestamp":"2026-01-13T08:41:47.690Z"}
{"level":"info","message":"::1 - - [13/Jan/2026:08:41:47 +0000] \"GET /api HTTP/1.1\" 200 41 \"-\" \"curl/8.7.1\"","service":"acquisitions-api","timestamp":"2026-01-13T08:41:47.700Z"}
{"level":"info","message":"::1 - - [13/Jan/2026:08:41:47 +0000] \"GET /api HTTP/1.1\" 200 41 \"-\" \"curl/8.7.1\"","service":"acquisitions-api","timestamp":"2026-01-13T08:41:47.709Z"}
{"level":"info","message":"::1 - - [13/Jan/2026:08:41:47 +0000] \"GET /api HTTP/1.1\" 200 41 \"-\" \"curl/8.7.1\"","service":"acquisitions-api","timestamp":"2026-01-13T08:41:47.718Z"}
{"level":"info","message":"::1 - - [13/Jan/2026:08:41:47 +0000] \"GET /api HTTP/1.1\" 200 41 \"-\" \"curl/8.7.1\"","service":"acquisitions-api","timestamp":"2026-01-13T08:41:47.728Z"}
{"level":"info","message":"::1 - - [13/Jan/2026:08:41:47 +0000] \"GET /api HTTP/1.1\" 200 41 \"-\" \"curl/8.7.1\"","service":"acquisitions-api","timestamp":"2026-01-13T08:41:47.737Z"}
{"level":"info","message":"::1 - - [13/Jan/2026:08:41:47 +0000] \"GET /api HTTP/1.1\" 200 41 \"-\" \"curl/8.7.1\"","service":"acquisitions-api","timestamp":"2026-01-13T08:41:47.746Z"}
{"level":"info","message":"::1 - - [13/Jan/2026:08:41:47 +0000] \"GET /api HTTP/1.1\" 200 41 \"-\" \"curl/8.7.1\"","service":"acquisitions-api","timestamp":"2026-01-13T08:41:47.757Z"}
{"level":"info","message":"::1 - - [13/Jan/2026:08:41:47 +0000] \"GET /api HTTP/1.1\" 200 41 \"-\" \"curl/8.7.1\"","service":"acquisitions-api","timestamp":"2026-01-13T08:41:47.766Z"}
{"level":"info","message":"::1 - - [13/Jan/2026:08:41:47 +0000] \"GET /api HTTP/1.1\" 200 41 \"-\" \"curl/8.7.1\"","service":"acquisitions-api","timestamp":"2026-01-13T08:41:47.776Z"}
{"level":"info","message":"::1 - - [13/Jan/2026:08:41:47 +0000] \"GET /api HTTP/1.1\" 200 41 \"-\" \"curl/8.7.1\"","service":"acquisitions-api","timestamp":"2026-01-13T08:41:47.786Z"}
{"level":"info","message":"::1 - - [13/Jan/2026:08:41:47 +0000] \"GET /api HTTP/1.1\" 200 41 \"-\" \"curl/8.7.1\"","service":"acquisitions-api","timestamp":"2026-01-13T08:41:47.796Z"}
{"level":"info","message":"::1 - - [13/Jan/2026:08:41:47 +0000] \"GET /api HTTP/1.1\" 200 41 \"-\" \"curl/8.7.1\"","service":"acquisitions-api","timestamp":"2026-01-13T08:41:47.806Z"}
{"level":"info","message":"::1 - - [13/Jan/2026:08:41:47 +0000] \"GET /api HTTP/1.1\" 200 41 \"-\" \"curl/8.7.1\"","service":"acquisitions-api","timestamp":"2026-01-13T08:41:47.815Z"}
{"level":"info","message":"::1 - - [13/Jan/2026:08:41:47 +0000] \"GET /api HTTP/1.1\" 200 41 \"-\" \"curl/8.7.1\"","service":"acquisitions-api","timestamp":"2026-01-13T08:41:47.825Z"}
{"level":"info","message":"::1 - - [13/Jan/2026:08:41:47 +0000] \"GET /api HTTP/1.1\" 200 41 \"-\" \"curl/8.7.1\"","service":"acquisitions-api","timestamp":"2026-01-13T08:41:47.833Z"}
{"level":"info","message":"::1 - - [13/Jan/2026:08:41:47 +0000] \"GET /api HTTP/1.1\" 200 41 \"-\" \"curl/8.7.1\"","service":"acquisitions-api","timestamp":"2026-01-13T08:41:47.843Z"}
{"level":"info","message":"::1 - - [13/Jan/2026:08:41:47 +0000] \"GET /api HTTP/1.1\" 200 41 \"-\" \"curl/8.7.1\"","service":"acquisitions-api","timestamp":"2026-01-13T08:41:47.853Z"}
{"level":"info","message":"::1 - - [13/Jan/2026:08:41:47 +0000] \"GET /api HTTP/1.1\" 200 41 \"-\" \"curl/8.7.1\"","service":"acquisitions-api","timestamp":"2026-01-13T08:41:47.862Z"}
{"level":"info","message":"::1 - - [13/Jan/2026:08:41:47 +0000] \"GET /api HTTP/1.1\" 200 41 \"-\" \"curl/8.7.1\"","service":"acquisitions-api","timestamp":"2026-01-13T08:41:47.872Z"}
{"level":"info","message":"::1 - - [13/Jan/2026:08:41:47 +0000] \"GET /api HTTP/1.1\" 200 41 \"-\" \"curl/8.7.1\"","service":"acquisitions-api","timestamp":"2026-01-13T08:41:47.881Z"}
{"level":"info","message":"::1 - - [13/Jan/2026:08:41:47 +0000] \"GET /api HTTP/1.1\" 200 41 \"-\" \"curl/8.7.1\"","service":"acquisitions-api","timestamp":"2026-01-13T08:41:47.892Z"}
{"level":"info","message":"::1 - - [13/Jan/2026:08:41:47 +0000] \"GET /api HTTP/1.1\" 200 41 \"-\" \"curl/8.7.1\"","service":"acquisitions-api","timestamp":"2026-01-13T08:41:47.901Z"}
{"level":"info","message":"::1 - - [13/Jan/2026:08:41:47 +0000] \"GET /api HTTP/1.1\" 200 41 \"-\" \"curl/8.7.1\"","service":"acquisitions-api","timestamp":"2026-01-13T08:41:47.911Z"}
{"level":"info","message":"::1 - - [13/Jan/2026:08:41:47 +0000] \"GET /api HTTP/1.1\" 200 41 \"-\" \"curl/8.7.1\"","service":"acquisitions-api","timestamp":"2026-01-13T08:41:47.920Z"}
{"level":"info","message":"::1 - - [13/Jan/2026:08:41:47 +0000] \"GET /api HTTP/1.1\" 200 41 \"-\" \"curl/8.7.1\"","service":"acquisitions-api","timestamp":"2026-01-13T08:41:47.930Z"}
{"level":"info","message":"::1 - - [13/Jan/2026:08:41:47 +0000] \"GET /api HTTP/1.1\" 200 41 \"-\" \"curl/8.7.1\"","service":"acquisitions-api","timestamp":"2026-01-13T08:41:47.939Z"}
{"level":"info","message":"::1 - - [13/Jan/2026:08:41:47 +0000] \"GET /api HTTP/1.1\" 200 41 \"-\" \"curl/8.7.1\"","service":"acquisitions-api","timestamp":"2026-01-13T08:41:47.950Z"}
{"level":"info","message":"::1 - - [13/Jan/2026:08:41:47 +0000] \"GET /api HTTP/1.1\" 200 41 \"-\" \"curl/8.7.1\"","service":"acquisitions-api","timestamp":"2026-01-13T08:41:47.959Z"}
{"level":"info","message":"::1 - - [13/Jan/2026:08:41:47 +0000] \"GET /api HTTP/1.1\" 200 41 \"-\" \"curl/8.7.1\"","service":"acquisitions-api","timestamp":"2026-01-13T08:41:47.970Z"}
{"level":"info","message":"::1 - - [13/Jan/2026:08:41:47 +0000] \"GET /api HTTP/1.1\" 200 41 \"-\" \"curl/8.7.1\"","service":"acquisitions-api","timestamp":"2026-01-13T08:41:47.979Z"}
{"level":"info","message":"::1 - - [13/Jan/2026:08:41:47 +0000] \"GET /api HTTP/1.1\" 200 41 \"-\" \"curl/8.7.1\"","service":"acquisitions-api","timestamp":"2026-01-13T08:41:47.989Z"}
{"level":"info","message":"::1 - - [13/Jan/2026:08:41:47 +0000] \"GET /api HTTP/1.1\" 200 41 \"-\" \"curl/8.7.1\"","service":"acquisitions-api","timestamp":"2026-01-13T08:41:47.998Z"}
{"level":"info","message":"::1 - - [13/Jan/2026:08:41:48 +0000] \"GET /api HTTP/1.1\" 200 41 \"-\" \"curl/8.7.1\"","service":"acquisitions-api","timestamp":"2026-01-13T08:41:48.008Z"}
{"level":"info","message":"::1 - - [13/Jan/2026:08:41:48 +0000] \"GET /api HTTP/1.1\" 200 41 \"-\" \"curl/8.7.1\"","service":"acquisitions-api","timestamp":"2026-01-13T08:41:48.018Z"}
{"level":"info","message":"::1 - - [13/Jan/2026:08:41:48 +0000] \"GET /api HTTP/1.1\" 200 41 \"-\" \"curl/8.7.1\"","service":"acquisitions-api","timestamp":"2026-01-13T08:41:48.027Z"}
{"level":"info","message":"::1 - - [13/Jan/2026:08:42:00 +0000] \"GET /api HTTP/1.1\" 200 41 \"-\" \"curl/8.7.1\"","service":"acquisitions-api","timestamp":"2026-01-13T08:42:00.102Z"}
{"level":"info","message":"::1 - - [13/Jan/2026:08:42:00 +0000] \"GET /api HTTP/1.1\" 200 41 \"-\" \"curl/8.7.1\"","service":"acquisitions-api","timestamp":"2026-01-13T08:42:00.126Z"}
{"level":"info","message":"::1 - - [13/Jan/2026:08:42:00 +0000] \"GET /api HTTP/1.1\" 200 41 \"-\" \"curl/8.7.1\"","service":"acquisitions-api","timestamp":"2026-01-13T08:42:00.140Z"}
{"level":"info","message":"::1 - - [13/Jan/2026:08:42:00 +0000] \"GET /api HTTP/1.1\" 200 41 \"-\" \"curl/8.7.1\"","service":"acquisitions-api","timestamp":"2026-01-13T08:42:00.153Z"}
{"level":"info","message":"::1 - - [13/Jan/2026:08:42:00 +0000] \"GET /api HTTP/1.1\" 200 41 \"-\" \"curl/8.7.1\"","service":"acquisitions-api","timestamp":"2026-01-13T08:42:00.166Z"}
{"level":"info","message":"::1 - - [13/Jan/2026:08:42:00 +0000] \"GET /api HTTP/1.1\" 200 41 \"-\" \"curl/8.7.1\"","service":"acquisitions-api","timestamp":"2026-01-13T08:42:00.178Z"}
{"level":"info","message":"::1 - - [13/Jan/2026:08:42:00 +0000] \"GET /api HTTP/1.1\" 200 41 \"-\" \"curl/8.7.1\"","service":"acquisitions-api","timestamp":"2026-01-13T08:42:00.189Z"}
{"level":"info","message":"::1 - - [13/Jan/2026:08:42:00 +0000] \"GET /api HTTP/1.1\" 200 41 \"-\" \"curl/8.7.1\"","service":"acquisitions-api","timestamp":"2026-01-13T08:42:00.201Z"}
{"level":"info","message":"::1 - - [13/Jan/2026:08:42:00 +0000] \"GET /api HTTP/1.1\" 200 41 \"-\" \"curl/8.7.1\"","service":"acquisitions-api","timestamp":"2026-01-13T08:42:00.213Z"}
{"level":"info","message":"::1 - - [13/Jan/2026:08:42:00 +0000] \"GET /api HTTP/1.1\" 200 41 \"-\" \"curl/8.7.1\"","service":"acquisitions-api","timestamp":"2026-01-13T08:42:00.224Z"}
{"level":"info","message":"::1 - - [13/Jan/2026:08:42:00 +0000] \"GET /api HTTP/1.1\" 200 41 \"-\" \"curl/8.7.1\"","service":"acquisitions-api","timestamp":"2026-01-13T08:42:00.233Z"}
{"level":"info","message":"::1 - - [13/Jan/2026:08:42:00 +0000] \"GET /api HTTP/1.1\" 200 41 \"-\" \"curl/8.7.1\"","service":"acquisitions-api","timestamp":"2026-01-13T08:42:00.243Z"}
{"level":"info","message":"::1 - - [13/Jan/2026:08:42:00 +0000] \"GET /api HTTP/1.1\" 200 41 \"-\" \"curl/8.7.1\"","service":"acquisitions-api","timestamp":"2026-01-13T08:42:00.253Z"}
{"level":"info","message":"::1 - - [13/Jan/2026:08:42:00 +0000] \"GET /api HTTP/1.1\" 200 41 \"-\" \"curl/8.7.1\"","service":"acquisitions-api","timestamp":"2026-01-13T08:42:00.263Z"}
{"level":"info","message":"::1 - - [13/Jan/2026:08:42:00 +0000] \"GET /api HTTP/1.1\" 200 41 \"-\" \"curl/8.7.1\"","service":"acquisitions-api","timestamp":"2026-01-13T08:42:00.273Z"}
{"level":"info","message":"::1 - - [13/Jan/2026:08:42:00 +0000] \"GET /api HTTP/1.1\" 200 41 \"-\" \"curl/8.7.1\"","service":"acquisitions-api","timestamp":"2026-01-13T08:42:00.283Z"}
{"level":"info","message":"::1 - - [13/Jan/2026:08:42:00 +0000] \"GET /api HTTP/1.1\" 200 41 \"-\" \"curl/8.7.1\"","service":"acquisitions-api","timestamp":"2026-01-13T08:42:00.292Z"}
{"level":"info","message":"::1 - - [13/Jan/2026:08:42:00 +0000] \"GET /api HTTP/1.1\" 200 41 \"-\" \"curl/8.7.1\"","service":"acquisitions-api","timestamp":"2026-01-13T08:42:00.301Z"}
{"level":"info","message":"::1 - - [13/Jan/2026:08:42:00 +0000] \"GET /api HTTP/1.1\" 200 41 \"-\" \"curl/8.7.1\"","service":"acquisitions-api","timestamp":"2026-01-13T08:42:00.311Z"}
{"level":"info","message":"::1 - - [13/Jan/2026:08:42:00 +0000] \"GET /api HTTP/1.1\" 200 41 \"-\" \"curl/8.7.1\"","service":"acquisitions-api","timestamp":"2026-01-13T08:42:00.321Z"}
{"level":"info","message":"::1 - - [13/Jan/2026:08:42:00 +0000] \"GET /api HTTP/1.1\" 200 41 \"-\" \"curl/8.7.1\"","service":"acquisitions-api","timestamp":"2026-01-13T08:42:00.332Z"}
{"level":"info","message":"::1 - - [13/Jan/2026:08:42:00 +0000] \"GET /api HTTP/1.1\" 200 41 \"-\" \"curl/8.7.1\"","service":"acquisitions-api","timestamp":"2026-01-13T08:42:00.342Z"}
{"level":"info","message":"::1 - - [13/Jan/2026:08:42:00 +0000] \"GET /api HTTP/1.1\" 200 41 \"-\" \"curl/8.7.1\"","service":"acquisitions-api","timestamp":"2026-01-13T08:42:00.351Z"}
{"level":"info","message":"::1 - - [13/Jan/2026:08:42:00 +0000] \"GET /api HTTP/1.1\" 200 41 \"-\" \"curl/8.7.1\"","service":"acquisitions-api","timestamp":"2026-01-13T08:42:00.375Z"}
{"level":"info","message":"::1 - - [13/Jan/2026:08:42:00 +0000] \"GET /api HTTP/1.1\" 200 41 \"-\" \"curl/8.7.1\"","service":"acquisitions-api","timestamp":"2026-01-13T08:42:00.392Z"}
{"level":"info","message":"::1 - - [13/Jan/2026:08:42:00 +0000] \"GET /api HTTP/1.1\" 200 41 \"-\" \"curl/8.7.1\"","service":"acquisitions-api","timestamp":"2026-01-13T08:42:00.401Z"}
{"level":"info","message":"::1 - - [13/Jan/2026:08:42:00 +0000] \"GET /api HTTP/1.1\" 200 41 \"-\" \"curl/8.7.1\"","service":"acquisitions-api","timestamp":"2026-01-13T08:42:00.410Z"}
{"level":"info","message":"::1 - - [13/Jan/2026:08:42:00 +0000] \"GET /api HTTP/1.1\" 200 41 \"-\" \"curl/8.7.1\"","service":"acquisitions-api","timestamp":"2026-01-13T08:42:00.420Z"}
{"level":"info","message":"::1 - - [13/Jan/2026:08:42:00 +0000] \"GET /api HTTP/1.1\" 200 41 \"-\" \"curl/8.7.1\"","service":"acquisitions-api","timestamp":"2026-01-13T08:42:00.429Z"}
{"level":"info","message":"::1 - - [13/Jan/2026:08:42:00 +0000] \"GET /api HTTP/1.1\" 200 41 \"-\" \"curl/8.7.1\"","service":"acquisitions-api","timestamp":"2026-01-13T08:42:00.439Z"}
{"level":"info","message":"::1 - - [13/Jan/2026:08:42:00 +0000] \"GET /api HTTP/1.1\" 200 41 \"-\" \"curl/8.7.1\"","service":"acquisitions-api","timestamp":"2026-01-13T08:42:00.449Z"}
{"level":"info","message":"::1 - - [13/Jan/2026:08:42:00 +0000] \"GET /api HTTP/1.1\" 200 41 \"-\" \"curl/8.7.1\"","service":"acquisitions-api","timestamp":"2026-01-13T08:42:00.458Z"}
{"level":"info","message":"::1 - - [13/Jan/2026:08:42:00 +0000] \"GET /api HTTP/1.1\" 200 41 \"-\" \"curl/8.7.1\"","service":"acquisitions-api","timestamp":"2026-01-13T08:42:00.469Z"}
{"level":"info","message":"::1 - - [13/Jan/2026:08:42:00 +0000] \"GET /api HTTP/1.1\" 200 41 \"-\" \"curl/8.7.1\"","service":"acquisitions-api","timestamp":"2026-01-13T08:42:00.479Z"}
{"level":"info","message":"::1 - - [13/Jan/2026:08:42:00 +0000] \"GET /api HTTP/1.1\" 200 41 \"-\" \"curl/8.7.1\"","service":"acquisitions-api","timestamp":"2026-01-13T08:42:00.489Z"}
{"level":"info","message":"::1 - - [13/Jan/2026:08:42:00 +0000] \"GET /api HTTP/1.1\" 200 41 \"-\" \"curl/8.7.1\"","service":"acquisitions-api","timestamp":"2026-01-13T08:42:00.497Z"}
{"level":"info","message":"::1 - - [13/Jan/2026:08:42:00 +0000] \"GET /api HTTP/1.1\" 200 41 \"-\" \"curl/8.7.1\"","service":"acquisitions-api","timestamp":"2026-01-13T08:42:00.508Z"}
{"level":"info","message":"::1 - - [13/Jan/2026:08:42:00 +0000] \"GET /api HTTP/1.1\" 200 41 \"-\" \"curl/8.7.1\"","service":"acquisitions-api","timestamp":"2026-01-13T08:42:00.517Z"}
{"level":"info","message":"::1 - - [13/Jan/2026:08:42:00 +0000] \"GET /api HTTP/1.1\" 200 41 \"-\" \"curl/8.7.1\"","service":"acquisitions-api","timestamp":"2026-01-13T08:42:00.527Z"}
{"level":"info","message":"::1 - - [13/Jan/2026:08:42:00 +0000] \"GET /api HTTP/1.1\" 200 41 \"-\" \"curl/8.7.1\"","service":"acquisitions-api","timestamp":"2026-01-13T08:42:00.537Z"}
{"level":"info","message":"::1 - - [13/Jan/2026:08:42:00 +0000] \"GET /api HTTP/1.1\" 200 41 \"-\" \"curl/8.7.1\"","service":"acquisitions-api","timestamp":"2026-01-13T08:42:00.546Z"}
{"level":"info","message":"::1 - - [13/Jan/2026:08:42:00 +0000] \"GET /api HTTP/1.1\" 200 41 \"-\" \"curl/8.7.1\"","service":"acquisitions-api","timestamp":"2026-01-13T08:42:00.556Z"}
{"level":"info","message":"::1 - - [13/Jan/2026:08:42:00 +0000] \"GET /api HTTP/1.1\" 200 41 \"-\" \"curl/8.7.1\"","service":"acquisitions-api","timestamp":"2026-01-13T08:42:00.567Z"}
{"level":"info","message":"::1 - - [13/Jan/2026:08:42:00 +0000] \"GET /api HTTP/1.1\" 200 41 \"-\" \"curl/8.7.1\"","service":"acquisitions-api","timestamp":"2026-01-13T08:42:00.575Z"}
{"level":"info","message":"::1 - - [13/Jan/2026:08:42:00 +0000] \"GET /api HTTP/1.1\" 200 41 \"-\" \"curl/8.7.1\"","service":"acquisitions-api","timestamp":"2026-01-13T08:42:00.585Z"}
{"level":"info","message":"::1 - - [13/Jan/2026:08:42:00 +0000] \"GET /api HTTP/1.1\" 200 41 \"-\" \"curl/8.7.1\"","service":"acquisitions-api","timestamp":"2026-01-13T08:42:00.594Z"}
{"level":"info","message":"::1 - - [13/Jan/2026:08:42:00 +0000] \"GET /api HTTP/1.1\" 200 41 \"-\" \"curl/8.7.1\"","service":"acquisitions-api","timestamp":"2026-01-13T08:42:00.604Z"}
{"level":"info","message":"::1 - - [13/Jan/2026:08:42:00 +0000] \"GET /api HTTP/1.1\" 200 41 \"-\" \"curl/8.7.1\"","service":"acquisitions-api","timestamp":"2026-01-13T08:42:00.614Z"}
{"level":"info","message":"::1 - - [13/Jan/2026:08:42:00 +0000] \"GET /api HTTP/1.1\" 200 41 \"-\" \"curl/8.7.1\"","service":"acquisitions-api","timestamp":"2026-01-13T08:42:00.624Z"}
{"level":"info","message":"::1 - - [13/Jan/2026:08:42:00 +0000] \"GET /api HTTP/1.1\" 200 41 \"-\" \"curl/8.7.1\"","service":"acquisitions-api","timestamp":"2026-01-13T08:42:00.635Z"}
{"level":"info","message":"::1 - - [13/Jan/2026:08:42:00 +0000] \"GET /api HTTP/1.1\" 200 41 \"-\" \"curl/8.7.1\"","service":"acquisitions-api","timestamp":"2026-01-13T08:42:00.644Z"}
{"level":"info","message":"::1 - - [13/Jan/2026:08:42:00 +0000] \"GET /api HTTP/1.1\" 200 41 \"-\" \"curl/8.7.1\"","service":"acquisitions-api","timestamp":"2026-01-13T08:42:00.654Z"}
{"level":"info","message":"::1 - - [13/Jan/2026:08:42:00 +0000] \"GET /api HTTP/1.1\" 200 41 \"-\" \"curl/8.7.1\"","service":"acquisitions-api","timestamp":"2026-01-13T08:42:00.664Z"}
{"level":"info","message":"::1 - - [13/Jan/2026:08:42:00 +0000] \"GET /api HTTP/1.1\" 200 41 \"-\" \"curl/8.7.1\"","service":"acquisitions-api","timestamp":"2026-01-13T08:42:00.674Z"}
{"level":"info","message":"::1 - - [13/Jan/2026:08:42:00 +0000] \"GET /api HTTP/1.1\" 200 41 \"-\" \"curl/8.7.1\"","service":"acquisitions-api","timestamp":"2026-01-13T08:42:00.684Z"}
{"level":"info","message":"::1 - - [13/Jan/2026:08:42:00 +0000] \"GET /api HTTP/1.1\" 200 41 \"-\" \"curl/8.7.1\"","service":"acquisitions-api","timestamp":"2026-01-13T08:42:00.693Z"}
{"level":"info","message":"::1 - - [13/Jan/2026:08:42:00 +0000] \"GET /api HTTP/1.1\" 200 41 \"-\" \"curl/8.7.1\"","service":"acquisitions-api","timestamp":"2026-01-13T08:42:00.702Z"}
{"level":"info","message":"::1 - - [13/Jan/2026:08:42:00 +0000] \"GET /api HTTP/1.1\" 200 41 \"-\" \"curl/8.7.1\"","service":"acquisitions-api","timestamp":"2026-01-13T08:42:00.712Z"}
{"level":"info","message":"::1 - - [13/Jan/2026:08:42:00 +0000] \"GET /api HTTP/1.1\" 200 41 \"-\" \"curl/8.7.1\"","service":"acquisitions-api","timestamp":"2026-01-13T08:42:00.723Z"}
{"level":"info","message":"::1 - - [13/Jan/2026:08:42:00 +0000] \"GET /api HTTP/1.1\" 200 41 \"-\" \"curl/8.7.1\"","service":"acquisitions-api","timestamp":"2026-01-13T08:42:00.732Z"}
{"level":"info","message":"::1 - - [13/Jan/2026:08:42:00 +0000] \"GET /api HTTP/1.1\" 200 41 \"-\" \"curl/8.7.1\"","service":"acquisitions-api","timestamp":"2026-01-13T08:42:00.742Z"}
{"level":"info","message":"::1 - - [13/Jan/2026:08:42:00 +0000] \"GET /api HTTP/1.1\" 200 41 \"-\" \"curl/8.7.1\"","service":"acquisitions-api","timestamp":"2026-01-13T08:42:00.751Z"}
{"level":"info","message":"::1 - - [13/Jan/2026:08:42:00 +0000] \"GET /api HTTP/1.1\" 200 41 \"-\" \"curl/8.7.1\"","service":"acquisitions-api","timestamp":"2026-01-13T08:42:00.761Z"}
{"level":"info","message":"::1 - - [13/Jan/2026:08:42:00 +0000] \"GET /api HTTP/1.1\" 200 41 \"-\" \"curl/8.7.1\"","service":"acquisitions-api","timestamp":"2026-01-13T08:42:00.771Z"}
{"level":"info","message":"::1 - - [13/Jan/2026:08:42:00 +0000] \"GET /api HTTP/1.1\" 200 41 \"-\" \"curl/8.7.1\"","service":"acquisitions-api","timestamp":"2026-01-13T08:42:00.780Z"}
{"level":"info","message":"::1 - - [13/Jan/2026:08:42:00 +0000] \"GET /api HTTP/1.1\" 200 41 \"-\" \"curl/8.7.1\"","service":"acquisitions-api","timestamp":"2026-01-13T08:42:00.789Z"}
{"level":"info","message":"::1 - - [13/Jan/2026:08:42:00 +0000] \"GET /api HTTP/1.1\" 200 41 \"-\" \"curl/8.7.1\"","service":"acquisitions-api","timestamp":"2026-01-13T08:42:00.798Z"}
{"level":"info","message":"::1 - - [13/Jan/2026:08:42:00 +0000] \"GET /api HTTP/1.1\" 200 41 \"-\" \"curl/8.7.1\"","service":"acquisitions-api","timestamp":"2026-01-13T08:42:00.808Z"}
{"level":"info","message":"::1 - - [13/Jan/2026:08:42:00 +0000] \"GET /api HTTP/1.1\" 200 41 \"-\" \"curl/8.7.1\"","service":"acquisitions-api","timestamp":"2026-01-13T08:42:00.819Z"}
{"level":"info","message":"::1 - - [13/Jan/2026:08:42:00 +0000] \"GET /api HTTP/1.1\" 200 41 \"-\" \"curl/8.7.1\"","service":"acquisitions-api","timestamp":"2026-01-13T08:42:00.829Z"}
{"level":"info","message":"::1 - - [13/Jan/2026:08:42:00 +0000] \"GET /api HTTP/1.1\" 200 41 \"-\" \"curl/8.7.1\"","service":"acquisitions-api","timestamp":"2026-01-13T08:42:00.838Z"}
{"level":"info","message":"::1 - - [13/Jan/2026:08:42:00 +0000] \"GET /api HTTP/1.1\" 200 41 \"-\" \"curl/8.7.1\"","service":"acquisitions-api","timestamp":"2026-01-13T08:42:00.847Z"}
{"level":"info","message":"::1 - - [13/Jan/2026:08:42:00 +0000] \"GET /api HTTP/1.1\" 200 41 \"-\" \"curl/8.7.1\"","service":"acquisitions-api","timestamp":"2026-01-13T08:42:00.856Z"}
{"level":"info","message":"::1 - - [13/Jan/2026:08:42:00 +0000] \"GET /api HTTP/1.1\" 200 41 \"-\" \"curl/8.7.1\"","service":"acquisitions-api","timestamp":"2026-01-13T08:42:00.866Z"}
{"level":"info","message":"::1 - - [13/Jan/2026:08:42:00 +0000] \"GET /api HTTP/1.1\" 200 41 \"-\" \"curl/8.7.1\"","service":"acquisitions-api","timestamp":"2026-01-13T08:42:00.877Z"}
{"level":"info","message":"::1 - - [13/Jan/2026:08:42:00 +0000] \"GET /api HTTP/1.1\" 200 41 \"-\" \"curl/8.7.1\"","service":"acquisitions-api","timestamp":"2026-01-13T08:42:00.887Z"}
{"level":"info","message":"::1 - - [13/Jan/2026:08:42:00 +0000] \"GET /api HTTP/1.1\" 200 41 \"-\" \"curl/8.7.1\"","service":"acquisitions-api","timestamp":"2026-01-13T08:42:00.897Z"}
{"level":"info","message":"::1 - - [13/Jan/2026:08:42:00 +0000] \"GET /api HTTP/1.1\" 200 41 \"-\" \"curl/8.7.1\"","service":"acquisitions-api","timestamp":"2026-01-13T08:42:00.908Z"}
{"level":"info","message":"::1 - - [13/Jan/2026:08:42:00 +0000] \"GET /api HTTP/1.1\" 200 41 \"-\" \"curl/8.7.1\"","service":"acquisitions-api","timestamp":"2026-01-13T08:42:00.919Z"}
{"level":"info","message":"::1 - - [13/Jan/2026:08:42:00 +0000] \"GET /api HTTP/1.1\" 200 41 \"-\" \"curl/8.7.1\"","service":"acquisitions-api","timestamp":"2026-01-13T08:42:00.930Z"}
{"level":"info","message":"::1 - - [13/Jan/2026:08:42:00 +0000] \"GET /api HTTP/1.1\" 200 41 \"-\" \"curl/8.7.1\"","service":"acquisitions-api","timestamp":"2026-01-13T08:42:00.940Z"}
{"level":"info","message":"::1 - - [13/Jan/2026:08:42:00 +0000] \"GET /api HTTP/1.1\" 200 41 \"-\" \"curl/8.7.1\"","service":"acquisitions-api","timestamp":"2026-01-13T08:42:00.948Z"}
{"level":"info","message":"::1 - - [13/Jan/2026:08:42:00 +0000] \"GET /api HTTP/1.1\" 200 41 \"-\" \"curl/8.7.1\"","service":"acquisitions-api","timestamp":"2026-01-13T08:42:00.957Z"}
{"level":"info","message":"::1 - - [13/Jan/2026:08:42:00 +0000] \"GET /api HTTP/1.1\" 200 41 \"-\" \"curl/8.7.1\"","service":"acquisitions-api","timestamp":"2026-01-13T08:42:00.966Z"}
{"level":"info","message":"::1 - - [13/Jan/2026:08:42:00 +0000] \"GET /api HTTP/1.1\" 200 41 \"-\" \"curl/8.7.1\"","service":"acquisitions-api","timestamp":"2026-01-13T08:42:00.976Z"}
{"level":"info","message":"::1 - - [13/Jan/2026:08:42:00 +0000] \"GET /api HTTP/1.1\" 200 41 \"-\" \"curl/8.7.1\"","service":"acquisitions-api","timestamp":"2026-01-13T08:42:00.985Z"}
{"level":"info","message":"::1 - - [13/Jan/2026:08:42:00 +0000] \"GET /api HTTP/1.1\" 200 41 \"-\" \"curl/8.7.1\"","service":"acquisitions-api","timestamp":"2026-01-13T08:42:00.994Z"}
{"level":"info","message":"::1 - - [13/Jan/2026:08:42:01 +0000] \"GET /api HTTP/1.1\" 200 41 \"-\" \"curl/8.7.1\"","service":"acquisitions-api","timestamp":"2026-01-13T08:42:01.004Z"}
{"level":"info","message":"::1 - - [13/Jan/2026:08:42:01 +0000] \"GET /api HTTP/1.1\" 200 41 \"-\" \"curl/8.7.1\"","service":"acquisitions-api","timestamp":"2026-01-13T08:42:01.014Z"}
{"level":"info","message":"::1 - - [13/Jan/2026:08:42:01 +0000] \"GET /api HTTP/1.1\" 200 41 \"-\" \"curl/8.7.1\"","service":"acquisitions-api","timestamp":"2026-01-13T08:42:01.025Z"}
{"level":"info","message":"::1 - - [13/Jan/2026:08:42:01 +0000] \"GET /api HTTP/1.1\" 200 41 \"-\" \"curl/8.7.1\"","service":"acquisitions-api","timestamp":"2026-01-13T08:42:01.034Z"}
{"level":"info","message":"::1 - - [13/Jan/2026:08:42:01 +0000] \"GET /api HTTP/1.1\" 200 41 \"-\" \"curl/8.7.1\"","service":"acquisitions-api","timestamp":"2026-01-13T08:42:01.045Z"}
{"level":"info","message":"::1 - - [13/Jan/2026:08:42:01 +0000] \"GET /api HTTP/1.1\" 200 41 \"-\" \"curl/8.7.1\"","service":"acquisitions-api","timestamp":"2026-01-13T08:42:01.055Z"}
{"level":"info","message":"::1 - - [13/Jan/2026:08:42:01 +0000] \"GET /api HTTP/1.1\" 200 41 \"-\" \"curl/8.7.1\"","service":"acquisitions-api","timestamp":"2026-01-13T08:42:01.064Z"}
{"level":"info","message":"::1 - - [13/Jan/2026:08:42:01 +0000] \"GET /api HTTP/1.1\" 200 41 \"-\" \"curl/8.7.1\"","service":"acquisitions-api","timestamp":"2026-01-13T08:42:01.074Z"}
{"level":"info","message":"::1 - - [13/Jan/2026:08:42:01 +0000] \"GET /api HTTP/1.1\" 200 41 \"-\" \"curl/8.7.1\"","service":"acquisitions-api","timestamp":"2026-01-13T08:42:01.084Z"}
{"level":"info","message":"::1 - - [13/Jan/2026:08:42:01 +0000] \"GET /api HTTP/1.1\" 200 41 \"-\" \"curl/8.7.1\"","service":"acquisitions-api","timestamp":"2026-01-13T08:42:01.094Z"}
{"level":"info","message":"::1 - - [13/Jan/2026:08:42:01 +0000] \"GET /api HTTP/1.1\" 200 41 \"-\" \"curl/8.7.1\"","service":"acquisitions-api","timestamp":"2026-01-13T08:42:01.103Z"}
{"level":"info","message":"::1 - - [13/Jan/2026:08:42:01 +0000] \"GET /api HTTP/1.1\" 200 41 \"-\" \"curl/8.7.1\"","service":"acquisitions-api","timestamp":"2026-01-13T08:42:01.114Z"}
{"level":"info","message":"::1 - - [13/Jan/2026:08:42:01 +0000] \"GET /api HTTP/1.1\" 200 41 \"-\" \"curl/8.7.1\"","service":"acquisitions-api","timestamp":"2026-01-13T08:42:01.124Z"}
{"level":"info","message":"::1 - - [13/Jan/2026:08:42:01 +0000] \"GET /api HTTP/1.1\" 200 41 \"-\" \"curl/8.7.1\"","service":"acquisitions-api","timestamp":"2026-01-13T08:42:01.135Z"}
{"level":"info","message":"::1 - - [13/Jan/2026:08:42:01 +0000] \"GET /api HTTP/1.1\" 200 41 \"-\" \"curl/8.7.1\"","service":"acquisitions-api","timestamp":"2026-01-13T08:42:01.145Z"}
{"level":"info","message":"::1 - - [13/Jan/2026:08:42:01 +0000] \"GET /api HTTP/1.1\" 200 41 \"-\" \"curl/8.7.1\"","service":"acquisitions-api","timestamp":"2026-01-13T08:42:01.155Z"}
{"level":"info","message":"::1 - - [13/Jan/2026:08:42:01 +0000] \"GET /api HTTP/1.1\" 200 41 \"-\" \"curl/8.7.1\"","service":"acquisitions-api","timestamp":"2026-01-13T08:42:01.164Z"}
{"level":"info","message":"::1 - - [13/Jan/2026:08:42:01 +0000] \"GET /api HTTP/1.1\" 200 41 \"-\" \"curl/8.7.1\"","service":"acquisitions-api","timestamp":"2026-01-13T08:42:01.175Z"}
{"level":"info","message":"::1 - - [13/Jan/2026:08:42:01 +0000] \"GET /api HTTP/1.1\" 200 41 \"-\" \"curl/8.7.1\"","service":"acquisitions-api","timestamp":"2026-01-13T08:42:01.184Z"}
{"level":"info","message":"::1 - - [13/Jan/2026:08:42:01 +0000] \"GET /api HTTP/1.1\" 200 41 \"-\" \"curl/8.7.1\"","service":"acquisitions-api","timestamp":"2026-01-13T08:42:01.194Z"}
{"level":"info","message":"::1 - - [13/Jan/2026:08:42:01 +0000] \"GET /api HTTP/1.1\" 200 41 \"-\" \"curl/8.7.1\"","service":"acquisitions-api","timestamp":"2026-01-13T08:42:01.203Z"}
{"level":"info","message":"::1 - - [13/Jan/2026:08:42:01 +0000] \"GET /api HTTP/1.1\" 200 41 \"-\" \"curl/8.7.1\"","service":"acquisitions-api","timestamp":"2026-01-13T08:42:01.213Z"}
{"level":"info","message":"::1 - - [13/Jan/2026:08:42:01 +0000] \"GET /api HTTP/1.1\" 200 41 \"-\" \"curl/8.7.1\"","service":"acquisitions-api","timestamp":"2026-01-13T08:42:01.224Z"}
{"level":"info","message":"::1 - - [13/Jan/2026:08:42:01 +0000] \"GET /api HTTP/1.1\" 200 41 \"-\" \"curl/8.7.1\"","service":"acquisitions-api","timestamp":"2026-01-13T08:42:01.234Z"}
{"level":"info","message":"::1 - - [13/Jan/2026:08:42:01 +0000] \"GET /api HTTP/1.1\" 200 41 \"-\" \"curl/8.7.1\"","service":"acquisitions-api","timestamp":"2026-01-13T08:42:01.243Z"}
{"level":"info","message":"::1 - - [13/Jan/2026:08:42:01 +0000] \"GET /api HTTP/1.1\" 200 41 \"-\" \"curl/8.7.1\"","service":"acquisitions-api","timestamp":"2026-01-13T08:42:01.253Z"}
{"level":"info","message":"::1 - - [13/Jan/2026:08:42:01 +0000] \"GET /api HTTP/1.1\" 200 41 \"-\" \"curl/8.7.1\"","service":"acquisitions-api","timestamp":"2026-01-13T08:42:01.263Z"}
{"level":"info","message":"::1 - - [13/Jan/2026:08:42:01 +0000] \"GET /api HTTP/1.1\" 200 41 \"-\" \"curl/8.7.1\"","service":"acquisitions-api","timestamp":"2026-01-13T08:42:01.274Z"}
{"level":"info","message":"::1 - - [13/Jan/2026:08:42:01 +0000] \"GET /api HTTP/1.1\" 200 41 \"-\" \"curl/8.7.1\"","service":"acquisitions-api","timestamp":"2026-01-13T08:42:01.284Z"}
{"level":"info","message":"::1 - - [13/Jan/2026:08:42:01 +0000] \"GET /api HTTP/1.1\" 200 41 \"-\" \"curl/8.7.1\"","service":"acquisitions-api","timestamp":"2026-01-13T08:42:01.293Z"}
{"level":"info","message":"::1 - - [13/Jan/2026:08:42:01 +0000] \"GET /api HTTP/1.1\" 200 41 \"-\" \"curl/8.7.1\"","service":"acquisitions-api","timestamp":"2026-01-13T08:42:01.303Z"}
{"level":"info","message":"::1 - - [13/Jan/2026:08:42:01 +0000] \"GET /api HTTP/1.1\" 200 41 \"-\" \"curl/8.7.1\"","service":"acquisitions-api","timestamp":"2026-01-13T08:42:01.314Z"}
{"level":"info","message":"::1 - - [13/Jan/2026:08:42:01 +0000] \"GET /api HTTP/1.1\" 200 41 \"-\" \"curl/8.7.1\"","service":"acquisitions-api","timestamp":"2026-01-13T08:42:01.324Z"}
{"level":"info","message":"::1 - - [13/Jan/2026:08:42:01 +0000] \"GET /api HTTP/1.1\" 200 41 \"-\" \"curl/8.7.1\"","service":"acquisitions-api","timestamp":"2026-01-13T08:42:01.334Z"}
{"level":"info","message":"::1 - - [13/Jan/2026:08:42:01 +0000] \"GET /api HTTP/1.1\" 200 41 \"-\" \"curl/8.7.1\"","service":"acquisitions-api","timestamp":"2026-01-13T08:42:01.344Z"}
{"level":"info","message":"::1 - - [13/Jan/2026:08:42:01 +0000] \"GET /api HTTP/1.1\" 200 41 \"-\" \"curl/8.7.1\"","service":"acquisitions-api","timestamp":"2026-01-13T08:42:01.354Z"}
{"level":"info","message":"::1 - - [13/Jan/2026:08:42:01 +0000] \"GET /api HTTP/1.1\" 200 41 \"-\" \"curl/8.7.1\"","service":"acquisitions-api","timestamp":"2026-01-13T08:42:01.364Z"}
{"level":"info","message":"::1 - - [13/Jan/2026:08:42:01 +0000] \"GET /api HTTP/1.1\" 200 41 \"-\" \"curl/8.7.1\"","service":"acquisitions-api","timestamp":"2026-01-13T08:42:01.374Z"}
{"level":"info","message":"::1 - - [13/Jan/2026:08:42:01 +0000] \"GET /api HTTP/1.1\" 200 41 \"-\" \"curl/8.7.1\"","service":"acquisitions-api","timestamp":"2026-01-13T08:42:01.383Z"}
{"level":"info","message":"::1 - - [13/Jan/2026:08:42:01 +0000] \"GET /api HTTP/1.1\" 200 41 \"-\" \"curl/8.7.1\"","service":"acquisitions-api","timestamp":"2026-01-13T08:42:01.393Z"}
{"level":"info","message":"::1 - - [13/Jan/2026:08:42:01 +0000] \"GET /api HTTP/1.1\" 200 41 \"-\" \"curl/8.7.1\"","service":"acquisitions-api","timestamp":"2026-01-13T08:42:01.403Z"}
{"level":"info","message":"::1 - - [13/Jan/2026:08:42:01 +0000] \"GET /api HTTP/1.1\" 200 41 \"-\" \"curl/8.7.1\"","service":"acquisitions-api","timestamp":"2026-01-13T08:42:01.414Z"}
{"level":"info","message":"::1 - - [13/Jan/2026:08:42:01 +0000] \"GET /api HTTP/1.1\" 200 41 \"-\" \"curl/8.7.1\"","service":"acquisitions-api","timestamp":"2026-01-13T08:42:01.424Z"}
{"level":"info","message":"::1 - - [13/Jan/2026:08:42:01 +0000] \"GET /api HTTP/1.1\" 200 41 \"-\" \"curl/8.7.1\"","service":"acquisitions-api","timestamp":"2026-01-13T08:42:01.434Z"}
{"level":"info","message":"::1 - - [13/Jan/2026:08:42:01 +0000] \"GET /api HTTP/1.1\" 200 41 \"-\" \"curl/8.7.1\"","service":"acquisitions-api","timestamp":"2026-01-13T08:42:01.443Z"}
{"level":"info","message":"::1 - - [13/Jan/2026:08:42:01 +0000] \"GET /api HTTP/1.1\" 200 41 \"-\" \"curl/8.7.1\"","service":"acquisitions-api","timestamp":"2026-01-13T08:42:01.452Z"}
{"level":"info","message":"::1 - - [13/Jan/2026:08:42:01 +0000] \"GET /api HTTP/1.1\" 200 41 \"-\" \"curl/8.7.1\"","service":"acquisitions-api","timestamp":"2026-01-13T08:42:01.463Z"}
{"level":"info","message":"::1 - - [13/Jan/2026:08:42:01 +0000] \"GET /api HTTP/1.1\" 200 41 \"-\" \"curl/8.7.1\"","service":"acquisitions-api","timestamp":"2026-01-13T08:42:01.474Z"}
{"level":"info","message":"::1 - - [13/Jan/2026:08:42:01 +0000] \"GET /api HTTP/1.1\" 200 41 \"-\" \"curl/8.7.1\"","service":"acquisitions-api","timestamp":"2026-01-13T08:42:01.484Z"}
{"level":"info","message":"::1 - - [13/Jan/2026:08:42:01 +0000] \"GET /api HTTP/1.1\" 200 41 \"-\" \"curl/8.7.1\"","service":"acquisitions-api","timestamp":"2026-01-13T08:42:01.493Z"}
{"level":"info","message":"::1 - - [13/Jan/2026:08:42:01 +0000] \"GET /api HTTP/1.1\" 200 41 \"-\" \"curl/8.7.1\"","service":"acquisitions-api","timestamp":"2026-01-13T08:42:01.503Z"}
{"level":"info","message":"::1 - - [13/Jan/2026:08:42:01 +0000] \"GET /api HTTP/1.1\" 200 41 \"-\" \"curl/8.7.1\"","service":"acquisitions-api","timestamp":"2026-01-13T08:42:01.514Z"}
{"level":"info","message":"::1 - - [13/Jan/2026:08:42:01 +0000] \"GET /api HTTP/1.1\" 200 41 \"-\" \"curl/8.7.1\"","service":"acquisitions-api","timestamp":"2026-01-13T08:42:01.524Z"}
{"level":"info","message":"::1 - - [13/Jan/2026:08:42:01 +0000] \"GET /api HTTP/1.1\" 200 41 \"-\" \"curl/8.7.1\"","service":"acquisitions-api","timestamp":"2026-01-13T08:42:01.533Z"}
{"level":"info","message":"::1 - - [13/Jan/2026:08:42:01 +0000] \"GET /api HTTP/1.1\" 200 41 \"-\" \"curl/8.7.1\"","service":"acquisitions-api","timestamp":"2026-01-13T08:42:01.543Z"}
{"level":"info","message":"::1 - - [13/Jan/2026:08:42:01 +0000] \"GET /api HTTP/1.1\" 200 41 \"-\" \"curl/8.7.1\"","service":"acquisitions-api","timestamp":"2026-01-13T08:42:01.552Z"}
{"level":"info","message":"::1 - - [13/Jan/2026:08:42:01 +0000] \"GET /api HTTP/1.1\" 200 41 \"-\" \"curl/8.7.1\"","service":"acquisitions-api","timestamp":"2026-01-13T08:42:01.563Z"}
{"level":"info","message":"::1 - - [13/Jan/2026:08:42:01 +0000] \"GET /api HTTP/1.1\" 200 41 \"-\" \"curl/8.7.1\"","service":"acquisitions-api","timestamp":"2026-01-13T08:42:01.573Z"}
{"level":"info","message":"::1 - - [13/Jan/2026:08:42:01 +0000] \"GET /api HTTP/1.1\" 200 41 \"-\" \"curl/8.7.1\"","service":"acquisitions-api","timestamp":"2026-01-13T08:42:01.582Z"}
{"level":"info","message":"::1 - - [13/Jan/2026:08:42:01 +0000] \"GET /api HTTP/1.1\" 200 41 \"-\" \"curl/8.7.1\"","service":"acquisitions-api","timestamp":"2026-01-13T08:42:01.592Z"}
{"level":"info","message":"::1 - - [13/Jan/2026:08:42:01 +0000] \"GET /api HTTP/1.1\" 200 41 \"-\" \"curl/8.7.1\"","service":"acquisitions-api","timestamp":"2026-01-13T08:42:01.602Z"}
{"level":"info","message":"::1 - - [13/Jan/2026:08:42:01 +0000] \"GET /api HTTP/1.1\" 200 41 \"-\" \"curl/8.7.1\"","service":"acquisitions-api","timestamp":"2026-01-13T08:42:01.612Z"}
{"level":"info","message":"::1 - - [13/Jan/2026:08:42:01 +0000] \"GET /api HTTP/1.1\" 200 41 \"-\" \"curl/8.7.1\"","service":"acquisitions-api","timestamp":"2026-01-13T08:42:01.622Z"}
{"level":"info","message":"::1 - - [13/Jan/2026:08:42:01 +0000] \"GET /api HTTP/1.1\" 200 41 \"-\" \"curl/8.7.1\"","service":"acquisitions-api","timestamp":"2026-01-13T08:42:01.632Z"}
{"level":"info","message":"::1 - - [13/Jan/2026:08:42:01 +0000] \"GET /api HTTP/1.1\" 200 41 \"-\" \"curl/8.7.1\"","service":"acquisitions-api","timestamp":"2026-01-13T08:42:01.642Z"}
{"level":"info","message":"::1 - - [13/Jan/2026:08:42:01 +0000] \"GET /api HTTP/1.1\" 200 41 \"-\" \"curl/8.7.1\"","service":"acquisitions-api","timestamp":"2026-01-13T08:42:01.651Z"}
{"level":"info","message":"::1 - - [13/Jan/2026:08:42:01 +0000] \"GET /api HTTP/1.1\" 200 41 \"-\" \"curl/8.7.1\"","service":"acquisitions-api","timestamp":"2026-01-13T08:42:01.661Z"}
{"level":"info","message":"::1 - - [13/Jan/2026:08:42:01 +0000] \"GET /api HTTP/1.1\" 200 41 \"-\" \"curl/8.7.1\"","service":"acquisitions-api","timestamp":"2026-01-13T08:42:01.671Z"}
{"level":"info","message":"::1 - - [13/Jan/2026:08:42:01 +0000] \"GET /api HTTP/1.1\" 200 41 \"-\" \"curl/8.7.1\"","service":"acquisitions-api","timestamp":"2026-01-13T08:42:01.680Z"}
{"level":"info","message":"::1 - - [13/Jan/2026:08:42:01 +0000] \"GET /api HTTP/1.1\" 200 41 \"-\" \"curl/8.7.1\"","service":"acquisitions-api","timestamp":"2026-01-13T08:42:01.691Z"}
{"level":"info","message":"::1 - - [13/Jan/2026:08:42:01 +0000] \"GET /api HTTP/1.1\" 200 41 \"-\" \"curl/8.7.1\"","service":"acquisitions-api","timestamp":"2026-01-13T08:42:01.700Z"}
{"level":"info","message":"::1 - - [13/Jan/2026:08:42:01 +0000] \"GET /api HTTP/1.1\" 200 41 \"-\" \"curl/8.7.1\"","service":"acquisitions-api","timestamp":"2026-01-13T08:42:01.710Z"}
{"level":"info","message":"::1 - - [13/Jan/2026:08:42:01 +0000] \"GET /api HTTP/1.1\" 200 41 \"-\" \"curl/8.7.1\"","service":"acquisitions-api","timestamp":"2026-01-13T08:42:01.720Z"}
{"level":"info","message":"::1 - - [13/Jan/2026:08:42:01 +0000] \"GET /api HTTP/1.1\" 200 41 \"-\" \"curl/8.7.1\"","service":"acquisitions-api","timestamp":"2026-01-13T08:42:01.729Z"}
{"level":"info","message":"::1 - - [13/Jan/2026:08:42:01 +0000] \"GET /api HTTP/1.1\" 200 41 \"-\" \"curl/8.7.1\"","service":"acquisitions-api","timestamp":"2026-01-13T08:42:01.739Z"}
{"level":"info","message":"::1 - - [13/Jan/2026:08:42:01 +0000] \"GET /api HTTP/1.1\" 200 41 \"-\" \"curl/8.7.1\"","service":"acquisitions-api","timestamp":"2026-01-13T08:42:01.749Z"}
{"level":"info","message":"::1 - - [13/Jan/2026:08:42:01 +0000] \"GET /api HTTP/1.1\" 200 41 \"-\" \"curl/8.7.1\"","service":"acquisitions-api","timestamp":"2026-01-13T08:42:01.759Z"}
{"level":"info","message":"::1 - - [13/Jan/2026:08:42:01 +0000] \"GET /api HTTP/1.1\" 200 41 \"-\" \"curl/8.7.1\"","service":"acquisitions-api","timestamp":"2026-01-13T08:42:01.769Z"}
{"level":"info","message":"::1 - - [13/Jan/2026:08:42:01 +0000] \"GET /api HTTP/1.1\" 200 41 \"-\" \"curl/8.7.1\"","service":"acquisitions-api","timestamp":"2026-01-13T08:42:01.779Z"}
{"level":"info","message":"::1 - - [13/Jan/2026:08:42:01 +0000] \"GET /api HTTP/1.1\" 200 41 \"-\" \"curl/8.7.1\"","service":"acquisitions-api","timestamp":"2026-01-13T08:42:01.789Z"}
{"level":"info","message":"::1 - - [13/Jan/2026:08:42:01 +0000] \"GET /api HTTP/1.1\" 200 41 \"-\" \"curl/8.7.1\"","service":"acquisitions-api","timestamp":"2026-01-13T08:42:01.800Z"}
{"level":"info","message":"::1 - - [13/Jan/2026:08:42:01 +0000] \"GET /api HTTP/1.1\" 200 41 \"-\" \"curl/8.7.1\"","service":"acquisitions-api","timestamp":"2026-01-13T08:42:01.809Z"}
{"level":"info","message":"::1 - - [13/Jan/2026:08:42:01 +0000] \"GET /api HTTP/1.1\" 200 41 \"-\" \"curl/8.7.1\"","service":"acquisitions-api","timestamp":"2026-01-13T08:42:01.818Z"}
{"level":"info","message":"::1 - - [13/Jan/2026:08:42:01 +0000] \"GET /api HTTP/1.1\" 200 41 \"-\" \"curl/8.7.1\"","service":"acquisitions-api","timestamp":"2026-01-13T08:42:01.829Z"}
{"level":"info","message":"::1 - - [13/Jan/2026:08:42:01 +0000] \"GET /api HTTP/1.1\" 200 41 \"-\" \"curl/8.7.1\"","service":"acquisitions-api","timestamp":"2026-01-13T08:42:01.839Z"}
{"level":"info","message":"::1 - - [13/Jan/2026:08:42:01 +0000] \"GET /api HTTP/1.1\" 200 41 \"-\" \"curl/8.7.1\"","service":"acquisitions-api","timestamp":"2026-01-13T08:42:01.849Z"}
{"level":"info","message":"::1 - - [13/Jan/2026:08:42:01 +0000] \"GET /api HTTP/1.1\" 200 41 \"-\" \"curl/8.7.1\"","service":"acquisitions-api","timestamp":"2026-01-13T08:42:01.859Z"}
{"level":"info","message":"::1 - - [13/Jan/2026:08:42:01 +0000] \"GET /api HTTP/1.1\" 200 41 \"-\" \"curl/8.7.1\"","service":"acquisitions-api","timestamp":"2026-01-13T08:42:01.870Z"}
{"level":"info","message":"::1 - - [13/Jan/2026:08:42:01 +0000] \"GET /api HTTP/1.1\" 200 41 \"-\" \"curl/8.7.1\"","service":"acquisitions-api","timestamp":"2026-01-13T08:42:01.880Z"}
{"level":"info","message":"::1 - - [13/Jan/2026:08:42:01 +0000] \"GET /api HTTP/1.1\" 200 41 \"-\" \"curl/8.7.1\"","service":"acquisitions-api","timestamp":"2026-01-13T08:42:01.889Z"}
{"level":"info","message":"::1 - - [13/Jan/2026:08:42:01 +0000] \"GET /api HTTP/1.1\" 200 41 \"-\" \"curl/8.7.1\"","service":"acquisitions-api","timestamp":"2026-01-13T08:42:01.898Z"}
{"level":"info","message":"::1 - - [13/Jan/2026:08:42:01 +0000] \"GET /api HTTP/1.1\" 200 41 \"-\" \"curl/8.7.1\"","service":"acquisitions-api","timestamp":"2026-01-13T08:42:01.908Z"}
{"level":"info","message":"::1 - - [13/Jan/2026:08:42:01 +0000] \"GET /api HTTP/1.1\" 200 41 \"-\" \"curl/8.7.1\"","service":"acquisitions-api","timestamp":"2026-01-13T08:42:01.918Z"}
{"level":"info","message":"::1 - - [13/Jan/2026:08:42:01 +0000] \"GET /api HTTP/1.1\" 200 41 \"-\" \"curl/8.7.1\"","service":"acquisitions-api","timestamp":"2026-01-13T08:42:01.928Z"}
{"level":"info","message":"::1 - - [13/Jan/2026:08:42:01 +0000] \"GET /api HTTP/1.1\" 200 41 \"-\" \"curl/8.7.1\"","service":"acquisitions-api","timestamp":"2026-01-13T08:42:01.938Z"}
{"level":"info","message":"::1 - - [13/Jan/2026:08:42:01 +0000] \"GET /api HTTP/1.1\" 200 41 \"-\" \"curl/8.7.1\"","service":"acquisitions-api","timestamp":"2026-01-13T08:42:01.948Z"}
{"level":"info","message":"::1 - - [13/Jan/2026:08:42:01 +0000] \"GET /api HTTP/1.1\" 200 41 \"-\" \"curl/8.7.1\"","service":"acquisitions-api","timestamp":"2026-01-13T08:42:01.958Z"}
{"level":"info","message":"::1 - - [13/Jan/2026:08:42:01 +0000] \"GET /api HTTP/1.1\" 200 41 \"-\" \"curl/8.7.1\"","service":"acquisitions-api","timestamp":"2026-01-13T08:42:01.968Z"}
{"level":"info","message":"::1 - - [13/Jan/2026:08:42:01 +0000] \"GET /api HTTP/1.1\" 200 41 \"-\" \"curl/8.7.1\"","service":"acquisitions-api","timestamp":"2026-01-13T08:42:01.977Z"}
{"level":"info","message":"::1 - - [13/Jan/2026:08:42:01 +0000] \"GET /api HTTP/1.1\" 200 41 \"-\" \"curl/8.7.1\"","service":"acquisitions-api","timestamp":"2026-01-13T08:42:01.987Z"}
{"level":"info","message":"::1 - - [13/Jan/2026:08:42:01 +0000] \"GET /api HTTP/1.1\" 200 41 \"-\" \"curl/8.7.1\"","service":"acquisitions-api","timestamp":"2026-01-13T08:42:01.997Z"}
{"level":"info","message":"::1 - - [13/Jan/2026:08:42:02 +0000] \"GET /api HTTP/1.1\" 200 41 \"-\" \"curl/8.7.1\"","service":"acquisitions-api","timestamp":"2026-01-13T08:42:02.007Z"}
{"level":"info","message":"::1 - - [13/Jan/2026:08:42:02 +0000] \"GET /api HTTP/1.1\" 200 41 \"-\" \"curl/8.7.1\"","service":"acquisitions-api","timestamp":"2026-01-13T08:42:02.017Z"}
{"level":"info","message":"::1 - - [13/Jan/2026:08:42:02 +0000] \"GET /api HTTP/1.1\" 200 41 \"-\" \"curl/8.7.1\"","service":"acquisitions-api","timestamp":"2026-01-13T08:42:02.027Z"}
{"level":"info","message":"::1 - - [13/Jan/2026:08:42:02 +0000] \"GET /api HTTP/1.1\" 200 41 \"-\" \"curl/8.7.1\"","service":"acquisitions-api","timestamp":"2026-01-13T08:42:02.037Z"}
{"level":"info","message":"::1 - - [13/Jan/2026:08:42:02 +0000] \"GET /api HTTP/1.1\" 200 41 \"-\" \"curl/8.7.1\"","service":"acquisitions-api","timestamp":"2026-01-13T08:42:02.047Z"}
{"level":"info","message":"::1 - - [13/Jan/2026:08:42:02 +0000] \"GET /api HTTP/1.1\" 200 41 \"-\" \"curl/8.7.1\"","service":"acquisitions-api","timestamp":"2026-01-13T08:42:02.056Z"}
{"level":"info","message":"::1 - - [13/Jan/2026:08:42:02 +0000] \"GET /api HTTP/1.1\" 200 41 \"-\" \"curl/8.7.1\"","service":"acquisitions-api","timestamp":"2026-01-13T08:42:02.067Z"}
{"level":"info","message":"::1 - - [13/Jan/2026:08:42:02 +0000] \"GET /api HTTP/1.1\" 200 41 \"-\" \"curl/8.7.1\"","service":"acquisitions-api","timestamp":"2026-01-13T08:42:02.076Z"}
{"level":"info","message":"::1 - - [13/Jan/2026:08:42:02 +0000] \"GET /api HTTP/1.1\" 200 41 \"-\" \"curl/8.7.1\"","service":"acquisitions-api","timestamp":"2026-01-13T08:42:02.086Z"}
{"level":"info","message":"::1 - - [13/Jan/2026:08:42:02 +0000] \"GET /api HTTP/1.1\" 200 41 \"-\" \"curl/8.7.1\"","service":"acquisitions-api","timestamp":"2026-01-13T08:42:02.097Z"}
{"level":"info","message":"::1 - - [13/Jan/2026:08:42:02 +0000] \"GET /api HTTP/1.1\" 200 41 \"-\" \"curl/8.7.1\"","service":"acquisitions-api","timestamp":"2026-01-13T08:42:02.107Z"}
{"level":"info","message":"::1 - - [13/Jan/2026:08:42:02 +0000] \"GET /api HTTP/1.1\" 200 41 \"-\" \"curl/8.7.1\"","service":"acquisitions-api","timestamp":"2026-01-13T08:42:02.116Z"}
{"level":"info","message":"::1 - - [13/Jan/2026:08:42:02 +0000] \"GET /api HTTP/1.1\" 200 41 \"-\" \"curl/8.7.1\"","service":"acquisitions-api","timestamp":"2026-01-13T08:42:02.127Z"}
{"level":"info","message":"::1 - - [13/Jan/2026:08:42:02 +0000] \"GET /api HTTP/1.1\" 200 41 \"-\" \"curl/8.7.1\"","service":"acquisitions-api","timestamp":"2026-01-13T08:42:02.137Z"}
{"level":"info","message":"::1 - - [13/Jan/2026:08:42:02 +0000] \"GET /api HTTP/1.1\" 200 41 \"-\" \"curl/8.7.1\"","service":"acquisitions-api","timestamp":"2026-01-13T08:42:02.147Z"}
{"level":"info","message":"::1 - - [13/Jan/2026:08:42:02 +0000] \"GET /api HTTP/1.1\" 200 41 \"-\" \"curl/8.7.1\"","service":"acquisitions-api","timestamp":"2026-01-13T08:42:02.158Z"}
{"level":"info","message":"::1 - - [13/Jan/2026:08:42:02 +0000] \"GET /api HTTP/1.1\" 200 41 \"-\" \"curl/8.7.1\"","service":"acquisitions-api","timestamp":"2026-01-13T08:42:02.175Z"}
{"level":"info","message":"::1 - - [13/Jan/2026:08:42:02 +0000] \"GET /api HTTP/1.1\" 200 41 \"-\" \"curl/8.7.1\"","service":"acquisitions-api","timestamp":"2026-01-13T08:42:02.186Z"}
{"level":"info","message":"::1 - - [13/Jan/2026:08:42:02 +0000] \"GET /api HTTP/1.1\" 200 41 \"-\" \"curl/8.7.1\"","service":"acquisitions-api","timestamp":"2026-01-13T08:42:02.197Z"}
{"level":"info","message":"::1 - - [13/Jan/2026:08:42:02 +0000] \"GET /api HTTP/1.1\" 200 41 \"-\" \"curl/8.7.1\"","service":"acquisitions-api","timestamp":"2026-01-13T08:42:02.206Z"}
{"level":"info","message":"::1 - - [13/Jan/2026:08:42:02 +0000] \"GET /api HTTP/1.1\" 200 41 \"-\" \"curl/8.7.1\"","service":"acquisitions-api","timestamp":"2026-01-13T08:42:02.216Z"}
{"level":"info","message":"::1 - - [13/Jan/2026:08:42:02 +0000] \"GET /api HTTP/1.1\" 200 41 \"-\" \"curl/8.7.1\"","service":"acquisitions-api","timestamp":"2026-01-13T08:42:02.227Z"}
{"level":"info","message":"::1 - - [13/Jan/2026:08:42:02 +0000] \"GET /api HTTP/1.1\" 200 41 \"-\" \"curl/8.7.1\"","service":"acquisitions-api","timestamp":"2026-01-13T08:42:02.236Z"}
{"level":"info","message":"::1 - - [13/Jan/2026:08:42:02 +0000] \"GET /api HTTP/1.1\" 200 41 \"-\" \"curl/8.7.1\"","service":"acquisitions-api","timestamp":"2026-01-13T08:42:02.246Z"}
{"level":"info","message":"::1 - - [13/Jan/2026:08:42:02 +0000] \"GET /api HTTP/1.1\" 200 41 \"-\" \"curl/8.7.1\"","service":"acquisitions-api","timestamp":"2026-01-13T08:42:02.257Z"}
{"level":"info","message":"::1 - - [13/Jan/2026:08:42:02 +0000] \"GET /api HTTP/1.1\" 200 41 \"-\" \"curl/8.7.1\"","service":"acquisitions-api","timestamp":"2026-01-13T08:42:02.266Z"}
{"level":"info","message":"::1 - - [13/Jan/2026:08:42:02 +0000] \"GET /api HTTP/1.1\" 200 41 \"-\" \"curl/8.7.1\"","service":"acquisitions-api","timestamp":"2026-01-13T08:42:02.276Z"}
{"level":"info","message":"::1 - - [13/Jan/2026:08:42:02 +0000] \"GET /api HTTP/1.1\" 200 41 \"-\" \"curl/8.7.1\"","service":"acquisitions-api","timestamp":"2026-01-13T08:42:02.286Z"}
{"level":"info","message":"::1 - - [13/Jan/2026:08:42:02 +0000] \"GET /api HTTP/1.1\" 200 41 \"-\" \"curl/8.7.1\"","service":"acquisitions-api","timestamp":"2026-01-13T08:42:02.296Z"}
{"level":"info","message":"::1 - - [13/Jan/2026:08:42:02 +0000] \"GET /api HTTP/1.1\" 200 41 \"-\" \"curl/8.7.1\"","service":"acquisitions-api","timestamp":"2026-01-13T08:42:02.307Z"}
{"level":"info","message":"::1 - - [13/Jan/2026:08:42:02 +0000] \"GET /api HTTP/1.1\" 200 41 \"-\" \"curl/8.7.1\"","service":"acquisitions-api","timestamp":"2026-01-13T08:42:02.316Z"}
{"level":"info","message":"::1 - - [13/Jan/2026:08:42:02 +0000] \"GET /api HTTP/1.1\" 200 41 \"-\" \"curl/8.7.1\"","service":"acquisitions-api","timestamp":"2026-01-13T08:42:02.326Z"}
{"level":"info","message":"::1 - - [13/Jan/2026:08:42:02 +0000] \"GET /api HTTP/1.1\" 200 41 \"-\" \"curl/8.7.1\"","service":"acquisitions-api","timestamp":"2026-01-13T08:42:02.335Z"}
{"level":"info","message":"::1 - - [13/Jan/2026:08:42:02 +0000] \"GET /api HTTP/1.1\" 200 41 \"-\" \"curl/8.7.1\"","service":"acquisitions-api","timestamp":"2026-01-13T08:42:02.346Z"}
{"level":"info","message":"::1 - - [13/Jan/2026:08:42:02 +0000] \"GET /api HTTP/1.1\" 200 41 \"-\" \"curl/8.7.1\"","service":"acquisitions-api","timestamp":"2026-01-13T08:42:02.356Z"}
{"level":"info","message":"::1 - - [13/Jan/2026:08:42:02 +0000] \"GET /api HTTP/1.1\" 200 41 \"-\" \"curl/8.7.1\"","service":"acquisitions-api","timestamp":"2026-01-13T08:42:02.366Z"}
{"level":"info","message":"::1 - - [13/Jan/2026:08:42:02 +0000] \"GET /api HTTP/1.1\" 200 41 \"-\" \"curl/8.7.1\"","service":"acquisitions-api","timestamp":"2026-01-13T08:42:02.376Z"}
{"level":"info","message":"::1 - - [13/Jan/2026:08:42:02 +0000] \"GET /api HTTP/1.1\" 200 41 \"-\" \"curl/8.7.1\"","service":"acquisitions-api","timestamp":"2026-01-13T08:42:02.386Z"}
{"level":"info","message":"::1 - - [13/Jan/2026:08:42:02 +0000] \"GET /api HTTP/1.1\" 200 41 \"-\" \"curl/8.7.1\"","service":"acquisitions-api","timestamp":"2026-01-13T08:42:02.396Z"}
{"level":"info","message":"::1 - - [13/Jan/2026:08:42:02 +0000] \"GET /api HTTP/1.1\" 200 41 \"-\" \"curl/8.7.1\"","service":"acquisitions-api","timestamp":"2026-01-13T08:42:02.407Z"}
{"level":"info","message":"::1 - - [13/Jan/2026:08:42:02 +0000] \"GET /api HTTP/1.1\" 200 41 \"-\" \"curl/8.7.1\"","service":"acquisitions-api","timestamp":"2026-01-13T08:42:02.417Z"}
{"level":"info","message":"::1 - - [13/Jan/2026:08:42:02 +0000] \"GET /api HTTP/1.1\" 200 41 \"-\" \"curl/8.7.1\"","service":"acquisitions-api","timestamp":"2026-01-13T08:42:02.428Z"}
{"level":"info","message":"::1 - - [13/Jan/2026:08:42:02 +0000] \"GET /api HTTP/1.1\" 200 41 \"-\" \"curl/8.7.1\"","service":"acquisitions-api","timestamp":"2026-01-13T08:42:02.438Z"}
{"level":"info","message":"::1 - - [13/Jan/2026:08:42:02 +0000] \"GET /api HTTP/1.1\" 200 41 \"-\" \"curl/8.7.1\"","service":"acquisitions-api","timestamp":"2026-01-13T08:42:02.448Z"}
{"level":"info","message":"::1 - - [13/Jan/2026:08:42:02 +0000] \"GET /api HTTP/1.1\" 200 41 \"-\" \"curl/8.7.1\"","service":"acquisitions-api","timestamp":"2026-01-13T08:42:02.458Z"}
{"level":"info","message":"::1 - - [13/Jan/2026:08:42:02 +0000] \"GET /api HTTP/1.1\" 200 41 \"-\" \"curl/8.7.1\"","service":"acquisitions-api","timestamp":"2026-01-13T08:42:02.467Z"}
{"level":"info","message":"::1 - - [13/Jan/2026:08:42:02 +0000] \"GET /api HTTP/1.1\" 200 41 \"-\" \"curl/8.7.1\"","service":"acquisitions-api","timestamp":"2026-01-13T08:42:02.477Z"}
{"level":"info","message":"::1 - - [13/Jan/2026:08:42:02 +0000] \"GET /api HTTP/1.1\" 200 41 \"-\" \"curl/8.7.1\"","service":"acquisitions-api","timestamp":"2026-01-13T08:42:02.487Z"}
{"level":"info","message":"::1 - - [13/Jan/2026:08:42:02 +0000] \"GET /api HTTP/1.1\" 200 41 \"-\" \"curl/8.7.1\"","service":"acquisitions-api","timestamp":"2026-01-13T08:42:02.497Z"}
{"level":"info","message":"::1 - - [13/Jan/2026:08:42:02 +0000] \"GET /api HTTP/1.1\" 200 41 \"-\" \"curl/8.7.1\"","service":"acquisitions-api","timestamp":"2026-01-13T08:42:02.506Z"}
{"level":"info","message":"::1 - - [13/Jan/2026:08:42:02 +0000] \"GET /api HTTP/1.1\" 200 41 \"-\" \"curl/8.7.1\"","service":"acquisitions-api","timestamp":"2026-01-13T08:42:02.517Z"}
{"level":"info","message":"::1 - - [13/Jan/2026:08:42:02 +0000] \"GET /api HTTP/1.1\" 200 41 \"-\" \"curl/8.7.1\"","service":"acquisitions-api","timestamp":"2026-01-13T08:42:02.527Z"}
{"level":"info","message":"::1 - - [13/Jan/2026:08:42:02 +0000] \"GET /api HTTP/1.1\" 200 41 \"-\" \"curl/8.7.1\"","service":"acquisitions-api","timestamp":"2026-01-13T08:42:02.537Z"}
{"level":"info","message":"::1 - - [13/Jan/2026:08:42:02 +0000] \"GET /api HTTP/1.1\" 200 41 \"-\" \"curl/8.7.1\"","service":"acquisitions-api","timestamp":"2026-01-13T08:42:02.547Z"}
{"level":"info","message":"::1 - - [13/Jan/2026:08:42:02 +0000] \"GET /api HTTP/1.1\" 200 41 \"-\" \"curl/8.7.1\"","service":"acquisitions-api","timestamp":"2026-01-13T08:42:02.557Z"}
{"level":"info","message":"::1 - - [13/Jan/2026:08:42:02 +0000] \"GET /api HTTP/1.1\" 200 41 \"-\" \"curl/8.7.1\"","service":"acquisitions-api","timestamp":"2026-01-13T08:42:02.567Z"}
{"level":"info","message":"::1 - - [13/Jan/2026:08:42:02 +0000] \"GET /api HTTP/1.1\" 200 41 \"-\" \"curl/8.7.1\"","service":"acquisitions-api","timestamp":"2026-01-13T08:42:02.577Z"}
{"level":"info","message":"::1 - - [13/Jan/2026:08:42:02 +0000] \"GET /api HTTP/1.1\" 200 41 \"-\" \"curl/8.7.1\"","service":"acquisitions-api","timestamp":"2026-01-13T08:42:02.588Z"}
{"level":"info","message":"::1 - - [13/Jan/2026:08:42:02 +0000] \"GET /api HTTP/1.1\" 200 41 \"-\" \"curl/8.7.1\"","service":"acquisitions-api","timestamp":"2026-01-13T08:42:02.597Z"}
{"level":"info","message":"::1 - - [13/Jan/2026:08:42:02 +0000] \"GET /api HTTP/1.1\" 200 41 \"-\" \"curl/8.7.1\"","service":"acquisitions-api","timestamp":"2026-01-13T08:42:02.607Z"}
{"level":"info","message":"::1 - - [13/Jan/2026:08:42:02 +0000] \"GET /api HTTP/1.1\" 200 41 \"-\" \"curl/8.7.1\"","service":"acquisitions-api","timestamp":"2026-01-13T08:42:02.617Z"}
{"level":"info","message":"::1 - - [13/Jan/2026:08:42:02 +0000] \"GET /api HTTP/1.1\" 200 41 \"-\" \"curl/8.7.1\"","service":"acquisitions-api","timestamp":"2026-01-13T08:42:02.628Z"}
{"level":"info","message":"::1 - - [13/Jan/2026:08:42:02 +0000] \"GET /api HTTP/1.1\" 200 41 \"-\" \"curl/8.7.1\"","service":"acquisitions-api","timestamp":"2026-01-13T08:42:02.638Z"}
{"level":"info","message":"::1 - - [13/Jan/2026:08:42:02 +0000] \"GET /api HTTP/1.1\" 200 41 \"-\" \"curl/8.7.1\"","service":"acquisitions-api","timestamp":"2026-01-13T08:42:02.648Z"}
{"level":"info","message":"::1 - - [13/Jan/2026:08:42:02 +0000] \"GET /api HTTP/1.1\" 200 41 \"-\" \"curl/8.7.1\"","service":"acquisitions-api","timestamp":"2026-01-13T08:42:02.658Z"}
{"level":"info","message":"::1 - - [13/Jan/2026:08:42:02 +0000] \"GET /api HTTP/1.1\" 200 41 \"-\" \"curl/8.7.1\"","service":"acquisitions-api","timestamp":"2026-01-13T08:42:02.667Z"}
{"level":"info","message":"::1 - - [13/Jan/2026:08:42:02 +0000] \"GET /api HTTP/1.1\" 200 41 \"-\" \"curl/8.7.1\"","service":"acquisitions-api","timestamp":"2026-01-13T08:42:02.678Z"}
{"level":"info","message":"::1 - - [13/Jan/2026:08:42:02 +0000] \"GET /api HTTP/1.1\" 200 41 \"-\" \"curl/8.7.1\"","service":"acquisitions-api","timestamp":"2026-01-13T08:42:02.693Z"}
{"level":"info","message":"::1 - - [13/Jan/2026:08:42:02 +0000] \"GET /api HTTP/1.1\" 200 41 \"-\" \"curl/8.7.1\"","service":"acquisitions-api","timestamp":"2026-01-13T08:42:02.706Z"}
{"level":"info","message":"::1 - - [13/Jan/2026:08:42:02 +0000] \"GET /api HTTP/1.1\" 200 41 \"-\" \"curl/8.7.1\"","service":"acquisitions-api","timestamp":"2026-01-13T08:42:02.729Z"}
{"level":"info","message":"::1 - - [13/Jan/2026:08:42:02 +0000] \"GET /api HTTP/1.1\" 200 41 \"-\" \"curl/8.7.1\"","service":"acquisitions-api","timestamp":"2026-01-13T08:42:02.746Z"}
{"level":"info","message":"::1 - - [13/Jan/2026:08:42:02 +0000] \"GET /api HTTP/1.1\" 200 41 \"-\" \"curl/8.7.1\"","service":"acquisitions-api","timestamp":"2026-01-13T08:42:02.757Z"}
{"level":"info","message":"::1 - - [13/Jan/2026:08:42:02 +0000] \"GET /api HTTP/1.1\" 200 41 \"-\" \"curl/8.7.1\"","service":"acquisitions-api","timestamp":"2026-01-13T08:42:02.766Z"}
{"level":"info","message":"::1 - - [13/Jan/2026:08:42:02 +0000] \"GET /api HTTP/1.1\" 200 41 \"-\" \"curl/8.7.1\"","service":"acquisitions-api","timestamp":"2026-01-13T08:42:02.777Z"}
{"level":"info","message":"::1 - - [13/Jan/2026:08:42:02 +0000] \"GET /api HTTP/1.1\" 200 41 \"-\" \"curl/8.7.1\"","service":"acquisitions-api","timestamp":"2026-01-13T08:42:02.787Z"}
{"level":"info","message":"::1 - - [13/Jan/2026:08:42:02 +0000] \"GET /api HTTP/1.1\" 200 41 \"-\" \"curl/8.7.1\"","service":"acquisitions-api","timestamp":"2026-01-13T08:42:02.797Z"}
{"level":"info","message":"::1 - - [13/Jan/2026:08:42:02 +0000] \"GET /api HTTP/1.1\" 200 41 \"-\" \"curl/8.7.1\"","service":"acquisitions-api","timestamp":"2026-01-13T08:42:02.807Z"}
{"level":"info","message":"::1 - - [13/Jan/2026:08:42:02 +0000] \"GET /api HTTP/1.1\" 200 41 \"-\" \"curl/8.7.1\"","service":"acquisitions-api","timestamp":"2026-01-13T08:42:02.816Z"}
{"level":"info","message":"::1 - - [13/Jan/2026:08:42:02 +0000] \"GET /api HTTP/1.1\" 200 41 \"-\" \"curl/8.7.1\"","service":"acquisitions-api","timestamp":"2026-01-13T08:42:02.827Z"}
{"level":"info","message":"::1 - - [13/Jan/2026:08:42:02 +0000] \"GET /api HTTP/1.1\" 200 41 \"-\" \"curl/8.7.1\"","service":"acquisitions-api","timestamp":"2026-01-13T08:42:02.836Z"}
{"level":"info","message":"::1 - - [13/Jan/2026:08:42:02 +0000] \"GET /api HTTP/1.1\" 200 41 \"-\" \"curl/8.7.1\"","service":"acquisitions-api","timestamp":"2026-01-13T08:42:02.847Z"}
{"level":"info","message":"::1 - - [13/Jan/2026:08:42:02 +0000] \"GET /api HTTP/1.1\" 200 41 \"-\" \"curl/8.7.1\"","service":"acquisitions-api","timestamp":"2026-01-13T08:42:02.858Z"}
{"level":"info","message":"::1 - - [13/Jan/2026:08:42:02 +0000] \"GET /api HTTP/1.1\" 200 41 \"-\" \"curl/8.7.1\"","service":"acquisitions-api","timestamp":"2026-01-13T08:42:02.867Z"}
{"level":"info","message":"::1 - - [13/Jan/2026:08:42:02 +0000] \"GET /api HTTP/1.1\" 200 41 \"-\" \"curl/8.7.1\"","service":"acquisitions-api","timestamp":"2026-01-13T08:42:02.877Z"}
{"level":"info","message":"::1 - - [13/Jan/2026:08:42:02 +0000] \"GET /api HTTP/1.1\" 200 41 \"-\" \"curl/8.7.1\"","service":"acquisitions-api","timestamp":"2026-01-13T08:42:02.886Z"}
{"level":"info","message":"::1 - - [13/Jan/2026:08:42:02 +0000] \"GET /api HTTP/1.1\" 200 41 \"-\" \"curl/8.7.1\"","service":"acquisitions-api","timestamp":"2026-01-13T08:42:02.896Z"}
{"level":"info","message":"::1 - - [13/Jan/2026:08:42:02 +0000] \"GET /api HTTP/1.1\" 200 41 \"-\" \"curl/8.7.1\"","service":"acquisitions-api","timestamp":"2026-01-13T08:42:02.907Z"}
{"level":"info","message":"::1 - - [13/Jan/2026:08:42:02 +0000] \"GET /api HTTP/1.1\" 200 41 \"-\" \"curl/8.7.1\"","service":"acquisitions-api","timestamp":"2026-01-13T08:42:02.916Z"}
{"level":"info","message":"::1 - - [13/Jan/2026:08:42:02 +0000] \"GET /api HTTP/1.1\" 200 41 \"-\" \"curl/8.7.1\"","service":"acquisitions-api","timestamp":"2026-01-13T08:42:02.927Z"}
{"level":"info","message":"::1 - - [13/Jan/2026:08:42:02 +0000] \"GET /api HTTP/1.1\" 200 41 \"-\" \"curl/8.7.1\"","service":"acquisitions-api","timestamp":"2026-01-13T08:42:02.936Z"}
{"level":"info","message":"::1 - - [13/Jan/2026:08:42:02 +0000] \"GET /api HTTP/1.1\" 200 41 \"-\" \"curl/8.7.1\"","service":"acquisitions-api","timestamp":"2026-01-13T08:42:02.946Z"}
{"level":"info","message":"::1 - - [13/Jan/2026:08:42:02 +0000] \"GET /api HTTP/1.1\" 200 41 \"-\" \"curl/8.7.1\"","service":"acquisitions-api","timestamp":"2026-01-13T08:42:02.957Z"}
{"level":"info","message":"::1 - - [13/Jan/2026:08:42:02 +0000] \"GET /api HTTP/1.1\" 200 41 \"-\" \"curl/8.7.1\"","service":"acquisitions-api","timestamp":"2026-01-13T08:42:02.966Z"}
{"level":"info","message":"::1 - - [13/Jan/2026:08:42:02 +0000] \"GET /api HTTP/1.1\" 200 41 \"-\" \"curl/8.7.1\"","service":"acquisitions-api","timestamp":"2026-01-13T08:42:02.977Z"}
{"level":"info","message":"::1 - - [13/Jan/2026:08:42:02 +0000] \"GET /api HTTP/1.1\" 200 41 \"-\" \"curl/8.7.1\"","service":"acquisitions-api","timestamp":"2026-01-13T08:42:02.986Z"}
{"level":"info","message":"::1 - - [13/Jan/2026:08:42:02 +0000] \"GET /api HTTP/1.1\" 200 41 \"-\" \"curl/8.7.1\"","service":"acquisitions-api","timestamp":"2026-01-13T08:42:02.997Z"}
{"level":"info","message":"::1 - - [13/Jan/2026:08:42:03 +0000] \"GET /api HTTP/1.1\" 200 41 \"-\" \"curl/8.7.1\"","service":"acquisitions-api","timestamp":"2026-01-13T08:42:03.007Z"}
{"level":"info","message":"::1 - - [13/Jan/2026:08:42:03 +0000] \"GET /api HTTP/1.1\" 200 41 \"-\" \"curl/8.7.1\"","service":"acquisitions-api","timestamp":"2026-01-13T08:42:03.018Z"}
{"level":"info","message":"::1 - - [13/Jan/2026:08:42:03 +0000] \"GET /api HTTP/1.1\" 200 41 \"-\" \"curl/8.7.1\"","service":"acquisitions-api","timestamp":"2026-01-13T08:42:03.028Z"}
{"level":"info","message":"::1 - - [13/Jan/2026:08:42:03 +0000] \"GET /api HTTP/1.1\" 200 41 \"-\" \"curl/8.7.1\"","service":"acquisitions-api","timestamp":"2026-01-13T08:42:03.038Z"}
{"level":"info","message":"::1 - - [13/Jan/2026:08:42:03 +0000] \"GET /api HTTP/1.1\" 200 41 \"-\" \"curl/8.7.1\"","service":"acquisitions-api","timestamp":"2026-01-13T08:42:03.048Z"}
{"level":"info","message":"::1 - - [13/Jan/2026:08:42:03 +0000] \"GET /api HTTP/1.1\" 200 41 \"-\" \"curl/8.7.1\"","service":"acquisitions-api","timestamp":"2026-01-13T08:42:03.058Z"}
{"level":"info","message":"::1 - - [13/Jan/2026:08:42:03 +0000] \"GET /api HTTP/1.1\" 200 41 \"-\" \"curl/8.7.1\"","service":"acquisitions-api","timestamp":"2026-01-13T08:42:03.067Z"}
{"level":"info","message":"::1 - - [13/Jan/2026:08:42:03 +0000] \"GET /api HTTP/1.1\" 200 41 \"-\" \"curl/8.7.1\"","service":"acquisitions-api","timestamp":"2026-01-13T08:42:03.077Z"}
{"level":"info","message":"::1 - - [13/Jan/2026:08:42:03 +0000] \"GET /api HTTP/1.1\" 200 41 \"-\" \"curl/8.7.1\"","service":"acquisitions-api","timestamp":"2026-01-13T08:42:03.087Z"}
{"level":"info","message":"::1 - - [13/Jan/2026:08:42:03 +0000] \"GET /api HTTP/1.1\" 200 41 \"-\" \"curl/8.7.1\"","service":"acquisitions-api","timestamp":"2026-01-13T08:42:03.097Z"}
{"level":"info","message":"::1 - - [13/Jan/2026:08:42:03 +0000] \"GET /api HTTP/1.1\" 200 41 \"-\" \"curl/8.7.1\"","service":"acquisitions-api","timestamp":"2026-01-13T08:42:03.108Z"}
{"level":"info","message":"::1 - - [13/Jan/2026:08:42:03 +0000] \"GET /api HTTP/1.1\" 200 41 \"-\" \"curl/8.7.1\"","service":"acquisitions-api","timestamp":"2026-01-13T08:42:03.117Z"}
{"level":"info","message":"::1 - - [13/Jan/2026:08:42:03 +0000] \"GET /api HTTP/1.1\" 200 41 \"-\" \"curl/8.7.1\"","service":"acquisitions-api","timestamp":"2026-01-13T08:42:03.126Z"}
{"level":"info","message":"::1 - - [13/Jan/2026:08:42:03 +0000] \"GET /api HTTP/1.1\" 200 41 \"-\" \"curl/8.7.1\"","service":"acquisitions-api","timestamp":"2026-01-13T08:42:03.136Z"}
{"level":"info","message":"::1 - - [13/Jan/2026:08:42:03 +0000] \"GET /api HTTP/1.1\" 200 41 \"-\" \"curl/8.7.1\"","service":"acquisitions-api","timestamp":"2026-01-13T08:42:03.146Z"}
{"level":"info","message":"::1 - - [13/Jan/2026:08:42:03 +0000] \"GET /api HTTP/1.1\" 200 41 \"-\" \"curl/8.7.1\"","service":"acquisitions-api","timestamp":"2026-01-13T08:42:03.156Z"}
{"level":"info","message":"::1 - - [13/Jan/2026:08:42:03 +0000] \"GET /api HTTP/1.1\" 200 41 \"-\" \"curl/8.7.1\"","service":"acquisitions-api","timestamp":"2026-01-13T08:42:03.166Z"}
{"level":"info","message":"::1 - - [13/Jan/2026:08:42:03 +0000] \"GET /api HTTP/1.1\" 200 41 \"-\" \"curl/8.7.1\"","service":"acquisitions-api","timestamp":"2026-01-13T08:42:03.176Z"}
{"level":"info","message":"::1 - - [13/Jan/2026:08:42:03 +0000] \"GET /api HTTP/1.1\" 200 41 \"-\" \"curl/8.7.1\"","service":"acquisitions-api","timestamp":"2026-01-13T08:42:03.187Z"}
{"level":"info","message":"::1 - - [13/Jan/2026:08:42:03 +0000] \"GET /api HTTP/1.1\" 200 41 \"-\" \"curl/8.7.1\"","service":"acquisitions-api","timestamp":"2026-01-13T08:42:03.196Z"}
{"level":"info","message":"::1 - - [13/Jan/2026:08:42:03 +0000] \"GET /api HTTP/1.1\" 200 41 \"-\" \"curl/8.7.1\"","service":"acquisitions-api","timestamp":"2026-01-13T08:42:03.206Z"}
{"level":"info","message":"::1 - - [13/Jan/2026:08:42:03 +0000] \"GET /api HTTP/1.1\" 200 41 \"-\" \"curl/8.7.1\"","service":"acquisitions-api","timestamp":"2026-01-13T08:42:03.216Z"}
{"level":"info","message":"::1 - - [13/Jan/2026:08:42:03 +0000] \"GET /api HTTP/1.1\" 200 41 \"-\" \"curl/8.7.1\"","service":"acquisitions-api","timestamp":"2026-01-13T08:42:03.226Z"}
{"level":"info","message":"::1 - - [13/Jan/2026:08:42:03 +0000] \"GET /api HTTP/1.1\" 200 41 \"-\" \"curl/8.7.1\"","service":"acquisitions-api","timestamp":"2026-01-13T08:42:03.236Z"}
{"level":"info","message":"::1 - - [13/Jan/2026:08:42:03 +0000] \"GET /api HTTP/1.1\" 200 41 \"-\" \"curl/8.7.1\"","service":"acquisitions-api","timestamp":"2026-01-13T08:42:03.245Z"}
{"level":"info","message":"::1 - - [13/Jan/2026:08:42:03 +0000] \"GET /api HTTP/1.1\" 200 41 \"-\" \"curl/8.7.1\"","service":"acquisitions-api","timestamp":"2026-01-13T08:42:03.255Z"}
{"level":"info","message":"::1 - - [13/Jan/2026:08:42:03 +0000] \"GET /api HTTP/1.1\" 200 41 \"-\" \"curl/8.7.1\"","service":"acquisitions-api","timestamp":"2026-01-13T08:42:03.265Z"}
{"level":"info","message":"::1 - - [13/Jan/2026:08:42:03 +0000] \"GET /api HTTP/1.1\" 200 41 \"-\" \"curl/8.7.1\"","service":"acquisitions-api","timestamp":"2026-01-13T08:42:03.275Z"}
{"level":"info","message":"::1 - - [13/Jan/2026:08:42:03 +0000] \"GET /api HTTP/1.1\" 200 41 \"-\" \"curl/8.7.1\"","service":"acquisitions-api","timestamp":"2026-01-13T08:42:03.284Z"}
{"level":"info","message":"::1 - - [13/Jan/2026:08:42:03 +0000] \"GET /api HTTP/1.1\" 200 41 \"-\" \"curl/8.7.1\"","service":"acquisitions-api","timestamp":"2026-01-13T08:42:03.294Z"}
{"level":"info","message":"::1 - - [13/Jan/2026:08:42:03 +0000] \"GET /api HTTP/1.1\" 200 41 \"-\" \"curl/8.7.1\"","service":"acquisitions-api","timestamp":"2026-01-13T08:42:03.305Z"}
{"level":"info","message":"::1 - - [13/Jan/2026:08:42:03 +0000] \"GET /api HTTP/1.1\" 200 41 \"-\" \"curl/8.7.1\"","service":"acquisitions-api","timestamp":"2026-01-13T08:42:03.315Z"}
{"level":"info","message":"::1 - - [13/Jan/2026:08:42:03 +0000] \"GET /api HTTP/1.1\" 200 41 \"-\" \"curl/8.7.1\"","service":"acquisitions-api","timestamp":"2026-01-13T08:42:03.324Z"}
{"level":"info","message":"::1 - - [13/Jan/2026:08:42:03 +0000] \"GET /api HTTP/1.1\" 200 41 \"-\" \"curl/8.7.1\"","service":"acquisitions-api","timestamp":"2026-01-13T08:42:03.334Z"}
{"level":"info","message":"::1 - - [13/Jan/2026:08:42:03 +0000] \"GET /api HTTP/1.1\" 200 41 \"-\" \"curl/8.7.1\"","service":"acquisitions-api","timestamp":"2026-01-13T08:42:03.345Z"}
{"level":"info","message":"::1 - - [13/Jan/2026:08:42:03 +0000] \"GET /api HTTP/1.1\" 200 41 \"-\" \"curl/8.7.1\"","service":"acquisitions-api","timestamp":"2026-01-13T08:42:03.355Z"}
{"level":"info","message":"::1 - - [13/Jan/2026:08:42:03 +0000] \"GET /api HTTP/1.1\" 200 41 \"-\" \"curl/8.7.1\"","service":"acquisitions-api","timestamp":"2026-01-13T08:42:03.365Z"}
{"level":"info","message":"::1 - - [13/Jan/2026:08:42:03 +0000] \"GET /api HTTP/1.1\" 200 41 \"-\" \"curl/8.7.1\"","service":"acquisitions-api","timestamp":"2026-01-13T08:42:03.374Z"}
{"level":"info","message":"::1 - - [13/Jan/2026:08:42:03 +0000] \"GET /api HTTP/1.1\" 200 41 \"-\" \"curl/8.7.1\"","service":"acquisitions-api","timestamp":"2026-01-13T08:42:03.384Z"}
{"level":"info","message":"::1 - - [13/Jan/2026:08:42:03 +0000] \"GET /api HTTP/1.1\" 200 41 \"-\" \"curl/8.7.1\"","service":"acquisitions-api","timestamp":"2026-01-13T08:42:03.394Z"}
{"level":"info","message":"::1 - - [13/Jan/2026:08:42:03 +0000] \"GET /api HTTP/1.1\" 200 41 \"-\" \"curl/8.7.1\"","service":"acquisitions-api","timestamp":"2026-01-13T08:42:03.404Z"}
{"level":"info","message":"::1 - - [13/Jan/2026:08:42:03 +0000] \"GET /api HTTP/1.1\" 200 41 \"-\" \"curl/8.7.1\"","service":"acquisitions-api","timestamp":"2026-01-13T08:42:03.414Z"}
{"level":"info","message":"::1 - - [13/Jan/2026:08:42:03 +0000] \"GET /api HTTP/1.1\" 200 41 \"-\" \"curl/8.7.1\"","service":"acquisitions-api","timestamp":"2026-01-13T08:42:03.424Z"}
{"level":"info","message":"::1 - - [13/Jan/2026:08:42:03 +0000] \"GET /api HTTP/1.1\" 200 41 \"-\" \"curl/8.7.1\"","service":"acquisitions-api","timestamp":"2026-01-13T08:42:03.433Z"}
{"level":"info","message":"::1 - - [13/Jan/2026:08:42:03 +0000] \"GET /api HTTP/1.1\" 200 41 \"-\" \"curl/8.7.1\"","service":"acquisitions-api","timestamp":"2026-01-13T08:42:03.444Z"}
{"level":"info","message":"::1 - - [13/Jan/2026:08:42:03 +0000] \"GET /api HTTP/1.1\" 200 41 \"-\" \"curl/8.7.1\"","service":"acquisitions-api","timestamp":"2026-01-13T08:42:03.453Z"}
{"level":"info","message":"::1 - - [13/Jan/2026:08:42:03 +0000] \"GET /api HTTP/1.1\" 200 41 \"-\" \"curl/8.7.1\"","service":"acquisitions-api","timestamp":"2026-01-13T08:42:03.463Z"}
{"level":"info","message":"::1 - - [13/Jan/2026:08:42:03 +0000] \"GET /api HTTP/1.1\" 200 41 \"-\" \"curl/8.7.1\"","service":"acquisitions-api","timestamp":"2026-01-13T08:42:03.474Z"}
{"level":"info","message":"::1 - - [13/Jan/2026:08:42:03 +0000] \"GET /api HTTP/1.1\" 200 41 \"-\" \"curl/8.7.1\"","service":"acquisitions-api","timestamp":"2026-01-13T08:42:03.483Z"}
{"level":"info","message":"::1 - - [13/Jan/2026:08:42:03 +0000] \"GET /api HTTP/1.1\" 200 41 \"-\" \"curl/8.7.1\"","service":"acquisitions-api","timestamp":"2026-01-13T08:42:03.492Z"}
{"level":"info","message":"::1 - - [13/Jan/2026:08:42:03 +0000] \"GET /api HTTP/1.1\" 200 41 \"-\" \"curl/8.7.1\"","service":"acquisitions-api","timestamp":"2026-01-13T08:42:03.502Z"}
{"level":"info","message":"::1 - - [13/Jan/2026:08:42:03 +0000] \"GET /api HTTP/1.1\" 200 41 \"-\" \"curl/8.7.1\"","service":"acquisitions-api","timestamp":"2026-01-13T08:42:03.512Z"}
{"level":"info","message":"::1 - - [13/Jan/2026:08:42:03 +0000] \"GET /api HTTP/1.1\" 200 41 \"-\" \"curl/8.7.1\"","service":"acquisitions-api","timestamp":"2026-01-13T08:42:03.522Z"}
{"level":"info","message":"::1 - - [13/Jan/2026:08:42:03 +0000] \"GET /api HTTP/1.1\" 200 41 \"-\" \"curl/8.7.1\"","service":"acquisitions-api","timestamp":"2026-01-13T08:42:03.532Z"}
{"level":"info","message":"::1 - - [13/Jan/2026:08:42:03 +0000] \"GET /api HTTP/1.1\" 200 41 \"-\" \"curl/8.7.1\"","service":"acquisitions-api","timestamp":"2026-01-13T08:42:03.542Z"}
{"level":"info","message":"::1 - - [13/Jan/2026:08:42:03 +0000] \"GET /api HTTP/1.1\" 200 41 \"-\" \"curl/8.7.1\"","service":"acquisitions-api","timestamp":"2026-01-13T08:42:03.552Z"}
{"level":"info","message":"::1 - - [13/Jan/2026:08:42:03 +0000] \"GET /api HTTP/1.1\" 200 41 \"-\" \"curl/8.7.1\"","service":"acquisitions-api","timestamp":"2026-01-13T08:42:03.563Z"}
{"level":"info","message":"::1 - - [13/Jan/2026:08:42:03 +0000] \"GET /api HTTP/1.1\" 200 41 \"-\" \"curl/8.7.1\"","service":"acquisitions-api","timestamp":"2026-01-13T08:42:03.573Z"}
{"level":"info","message":"::1 - - [13/Jan/2026:08:42:03 +0000] \"GET /api HTTP/1.1\" 200 41 \"-\" \"curl/8.7.1\"","service":"acquisitions-api","timestamp":"2026-01-13T08:42:03.583Z"}
{"level":"info","message":"::1 - - [13/Jan/2026:08:42:03 +0000] \"GET /api HTTP/1.1\" 200 41 \"-\" \"curl/8.7.1\"","service":"acquisitions-api","timestamp":"2026-01-13T08:42:03.593Z"}
{"level":"info","message":"::1 - - [13/Jan/2026:08:42:03 +0000] \"GET /api HTTP/1.1\" 200 41 \"-\" \"curl/8.7.1\"","service":"acquisitions-api","timestamp":"2026-01-13T08:42:03.602Z"}
{"level":"info","message":"::1 - - [13/Jan/2026:08:42:03 +0000] \"GET /api HTTP/1.1\" 200 41 \"-\" \"curl/8.7.1\"","service":"acquisitions-api","timestamp":"2026-01-13T08:42:03.612Z"}
{"level":"info","message":"::1 - - [13/Jan/2026:08:42:03 +0000] \"GET /api HTTP/1.1\" 200 41 \"-\" \"curl/8.7.1\"","service":"acquisitions-api","timestamp":"2026-01-13T08:42:03.623Z"}
{"level":"info","message":"::1 - - [13/Jan/2026:08:42:03 +0000] \"GET /api HTTP/1.1\" 200 41 \"-\" \"curl/8.7.1\"","service":"acquisitions-api","timestamp":"2026-01-13T08:42:03.633Z"}
{"level":"info","message":"::1 - - [13/Jan/2026:08:42:03 +0000] \"GET /api HTTP/1.1\" 200 41 \"-\" \"curl/8.7.1\"","service":"acquisitions-api","timestamp":"2026-01-13T08:42:03.643Z"}
{"level":"info","message":"::1 - - [13/Jan/2026:08:42:03 +0000] \"GET /api HTTP/1.1\" 200 41 \"-\" \"curl/8.7.1\"","service":"acquisitions-api","timestamp":"2026-01-13T08:42:03.652Z"}
{"level":"info","message":"::1 - - [13/Jan/2026:08:42:03 +0000] \"GET /api HTTP/1.1\" 200 41 \"-\" \"curl/8.7.1\"","service":"acquisitions-api","timestamp":"2026-01-13T08:42:03.662Z"}
{"level":"info","message":"::1 - - [13/Jan/2026:08:42:03 +0000] \"GET /api HTTP/1.1\" 200 41 \"-\" \"curl/8.7.1\"","service":"acquisitions-api","timestamp":"2026-01-13T08:42:03.673Z"}
{"level":"info","message":"::1 - - [13/Jan/2026:08:42:03 +0000] \"GET /api HTTP/1.1\" 200 41 \"-\" \"curl/8.7.1\"","service":"acquisitions-api","timestamp":"2026-01-13T08:42:03.683Z"}
{"level":"info","message":"::1 - - [13/Jan/2026:08:42:03 +0000] \"GET /api HTTP/1.1\" 200 41 \"-\" \"curl/8.7.1\"","service":"acquisitions-api","timestamp":"2026-01-13T08:42:03.692Z"}
{"level":"info","message":"::1 - - [13/Jan/2026:08:42:03 +0000] \"GET /api HTTP/1.1\" 200 41 \"-\" \"curl/8.7.1\"","service":"acquisitions-api","timestamp":"2026-01-13T08:42:03.702Z"}
{"level":"info","message":"::1 - - [13/Jan/2026:08:42:03 +0000] \"GET /api HTTP/1.1\" 200 41 \"-\" \"curl/8.7.1\"","service":"acquisitions-api","timestamp":"2026-01-13T08:42:03.712Z"}
{"level":"info","message":"::1 - - [13/Jan/2026:08:42:03 +0000] \"GET /api HTTP/1.1\" 200 41 \"-\" \"curl/8.7.1\"","service":"acquisitions-api","timestamp":"2026-01-13T08:42:03.723Z"}
{"level":"info","message":"::1 - - [13/Jan/2026:08:42:03 +0000] \"GET /api HTTP/1.1\" 200 41 \"-\" \"curl/8.7.1\"","service":"acquisitions-api","timestamp":"2026-01-13T08:42:03.732Z"}
{"level":"info","message":"::1 - - [13/Jan/2026:08:42:03 +0000] \"GET /api HTTP/1.1\" 200 41 \"-\" \"curl/8.7.1\"","service":"acquisitions-api","timestamp":"2026-01-13T08:42:03.742Z"}
{"level":"info","message":"::1 - - [13/Jan/2026:08:42:03 +0000] \"GET /api HTTP/1.1\" 200 41 \"-\" \"curl/8.7.1\"","service":"acquisitions-api","timestamp":"2026-01-13T08:42:03.751Z"}
{"level":"info","message":"::1 - - [13/Jan/2026:08:42:03 +0000] \"GET /api HTTP/1.1\" 200 41 \"-\" \"curl/8.7.1\"","service":"acquisitions-api","timestamp":"2026-01-13T08:42:03.762Z"}
{"level":"info","message":"::1 - - [13/Jan/2026:08:42:03 +0000] \"GET /api HTTP/1.1\" 200 41 \"-\" \"curl/8.7.1\"","service":"acquisitions-api","timestamp":"2026-01-13T08:42:03.771Z"}
{"level":"info","message":"::1 - - [13/Jan/2026:08:42:03 +0000] \"GET /api HTTP/1.1\" 200 41 \"-\" \"curl/8.7.1\"","service":"acquisitions-api","timestamp":"2026-01-13T08:42:03.782Z"}
{"level":"info","message":"::1 - - [13/Jan/2026:08:42:03 +0000] \"GET /api HTTP/1.1\" 200 41 \"-\" \"curl/8.7.1\"","service":"acquisitions-api","timestamp":"2026-01-13T08:42:03.792Z"}
{"level":"info","message":"::1 - - [13/Jan/2026:08:42:03 +0000] \"GET /api HTTP/1.1\" 200 41 \"-\" \"curl/8.7.1\"","service":"acquisitions-api","timestamp":"2026-01-13T08:42:03.801Z"}
{"level":"info","message":"::1 - - [13/Jan/2026:08:42:03 +0000] \"GET /api HTTP/1.1\" 200 41 \"-\" \"curl/8.7.1\"","service":"acquisitions-api","timestamp":"2026-01-13T08:42:03.811Z"}
{"level":"info","message":"::1 - - [13/Jan/2026:08:42:03 +0000] \"GET /api HTTP/1.1\" 200 41 \"-\" \"curl/8.7.1\"","service":"acquisitions-api","timestamp":"2026-01-13T08:42:03.822Z"}
{"level":"info","message":"::1 - - [13/Jan/2026:08:42:03 +0000] \"GET /api HTTP/1.1\" 200 41 \"-\" \"curl/8.7.1\"","service":"acquisitions-api","timestamp":"2026-01-13T08:42:03.831Z"}
{"level":"info","message":"::1 - - [13/Jan/2026:08:42:03 +0000] \"GET /api HTTP/1.1\" 200 41 \"-\" \"curl/8.7.1\"","service":"acquisitions-api","timestamp":"2026-01-13T08:42:03.841Z"}
{"level":"info","message":"::1 - - [13/Jan/2026:08:42:03 +0000] \"GET /api HTTP/1.1\" 200 41 \"-\" \"curl/8.7.1\"","service":"acquisitions-api","timestamp":"2026-01-13T08:42:03.851Z"}
{"level":"info","message":"::1 - - [13/Jan/2026:08:42:03 +0000] \"GET /api HTTP/1.1\" 200 41 \"-\" \"curl/8.7.1\"","service":"acquisitions-api","timestamp":"2026-01-13T08:42:03.861Z"}
{"level":"info","message":"::1 - - [13/Jan/2026:08:42:03 +0000] \"GET /api HTTP/1.1\" 200 41 \"-\" \"curl/8.7.1\"","service":"acquisitions-api","timestamp":"2026-01-13T08:42:03.871Z"}
{"level":"info","message":"::1 - - [13/Jan/2026:08:42:03 +0000] \"GET /api HTTP/1.1\" 200 41 \"-\" \"curl/8.7.1\"","service":"acquisitions-api","timestamp":"2026-01-13T08:42:03.881Z"}
{"level":"info","message":"::1 - - [13/Jan/2026:08:42:03 +0000] \"GET /api HTTP/1.1\" 200 41 \"-\" \"curl/8.7.1\"","service":"acquisitions-api","timestamp":"2026-01-13T08:42:03.891Z"}
{"level":"info","message":"::1 - - [13/Jan/2026:08:42:03 +0000] \"GET /api HTTP/1.1\" 200 41 \"-\" \"curl/8.7.1\"","service":"acquisitions-api","timestamp":"2026-01-13T08:42:03.900Z"}
{"level":"info","message":"::1 - - [13/Jan/2026:08:42:03 +0000] \"GET /api HTTP/1.1\" 200 41 \"-\" \"curl/8.7.1\"","service":"acquisitions-api","timestamp":"2026-01-13T08:42:03.910Z"}
{"level":"info","message":"::1 - - [13/Jan/2026:08:42:03 +0000] \"GET /api HTTP/1.1\" 200 41 \"-\" \"curl/8.7.1\"","service":"acquisitions-api","timestamp":"2026-01-13T08:42:03.920Z"}
{"level":"info","message":"::1 - - [13/Jan/2026:08:42:03 +0000] \"GET /api HTTP/1.1\" 200 41 \"-\" \"curl/8.7.1\"","service":"acquisitions-api","timestamp":"2026-01-13T08:42:03.930Z"}
{"level":"info","message":"::1 - - [13/Jan/2026:08:42:03 +0000] \"GET /api HTTP/1.1\" 200 41 \"-\" \"curl/8.7.1\"","service":"acquisitions-api","timestamp":"2026-01-13T08:42:03.940Z"}
{"level":"info","message":"::1 - - [13/Jan/2026:08:42:03 +0000] \"GET /api HTTP/1.1\" 200 41 \"-\" \"curl/8.7.1\"","service":"acquisitions-api","timestamp":"2026-01-13T08:42:03.950Z"}
{"level":"info","message":"::1 - - [13/Jan/2026:08:42:03 +0000] \"GET /api HTTP/1.1\" 200 41 \"-\" \"curl/8.7.1\"","service":"acquisitions-api","timestamp":"2026-01-13T08:42:03.960Z"}
{"level":"info","message":"::1 - - [13/Jan/2026:08:42:03 +0000] \"GET /api HTTP/1.1\" 200 41 \"-\" \"curl/8.7.1\"","service":"acquisitions-api","timestamp":"2026-01-13T08:42:03.969Z"}
{"level":"info","message":"::1 - - [13/Jan/2026:08:42:03 +0000] \"GET /api HTTP/1.1\" 200 41 \"-\" \"curl/8.7.1\"","service":"acquisitions-api","timestamp":"2026-01-13T08:42:03.980Z"}
{"level":"info","message":"::1 - - [13/Jan/2026:08:42:03 +0000] \"GET /api HTTP/1.1\" 200 41 \"-\" \"curl/8.7.1\"","service":"acquisitions-api","timestamp":"2026-01-13T08:42:03.991Z"}
{"level":"info","message":"::1 - - [13/Jan/2026:08:42:04 +0000] \"GET /api HTTP/1.1\" 200 41 \"-\" \"curl/8.7.1\"","service":"acquisitions-api","timestamp":"2026-01-13T08:42:04.000Z"}
{"level":"info","message":"::1 - - [13/Jan/2026:08:42:04 +0000] \"GET /api HTTP/1.1\" 200 41 \"-\" \"curl/8.7.1\"","service":"acquisitions-api","timestamp":"2026-01-13T08:42:04.011Z"}
{"level":"info","message":"::1 - - [13/Jan/2026:08:42:04 +0000] \"GET /api HTTP/1.1\" 200 41 \"-\" \"curl/8.7.1\"","service":"acquisitions-api","timestamp":"2026-01-13T08:42:04.020Z"}
{"level":"info","message":"::1 - - [13/Jan/2026:08:42:04 +0000] \"GET /api HTTP/1.1\" 200 41 \"-\" \"curl/8.7.1\"","service":"acquisitions-api","timestamp":"2026-01-13T08:42:04.030Z"}
{"level":"info","message":"::1 - - [13/Jan/2026:08:42:04 +0000] \"GET /api HTTP/1.1\" 200 41 \"-\" \"curl/8.7.1\"","service":"acquisitions-api","timestamp":"2026-01-13T08:42:04.040Z"}
{"level":"info","message":"::1 - - [13/Jan/2026:08:42:04 +0000] \"GET /api HTTP/1.1\" 200 41 \"-\" \"curl/8.7.1\"","service":"acquisitions-api","timestamp":"2026-01-13T08:42:04.050Z"}
{"level":"info","message":"::1 - - [13/Jan/2026:08:42:04 +0000] \"GET /api HTTP/1.1\" 200 41 \"-\" \"curl/8.7.1\"","service":"acquisitions-api","timestamp":"2026-01-13T08:42:04.060Z"}
{"level":"info","message":"::1 - - [13/Jan/2026:08:42:04 +0000] \"GET /api HTTP/1.1\" 200 41 \"-\" \"curl/8.7.1\"","service":"acquisitions-api","timestamp":"2026-01-13T08:42:04.070Z"}
{"level":"info","message":"::1 - - [13/Jan/2026:08:42:04 +0000] \"GET /api HTTP/1.1\" 200 41 \"-\" \"curl/8.7.1\"","service":"acquisitions-api","timestamp":"2026-01-13T08:42:04.080Z"}
{"level":"info","message":"::1 - - [13/Jan/2026:08:42:04 +0000] \"GET /api HTTP/1.1\" 200 41 \"-\" \"curl/8.7.1\"","service":"acquisitions-api","timestamp":"2026-01-13T08:42:04.091Z"}
{"level":"info","message":"::1 - - [13/Jan/2026:08:42:04 +0000] \"GET /api HTTP/1.1\" 200 41 \"-\" \"curl/8.7.1\"","service":"acquisitions-api","timestamp":"2026-01-13T08:42:04.101Z"}
{"level":"info","message":"::1 - - [13/Jan/2026:08:42:04 +0000] \"GET /api HTTP/1.1\" 200 41 \"-\" \"curl/8.7.1\"","service":"acquisitions-api","timestamp":"2026-01-13T08:42:04.112Z"}
{"level":"info","message":"::1 - - [13/Jan/2026:08:42:04 +0000] \"GET /api HTTP/1.1\" 200 41 \"-\" \"curl/8.7.1\"","service":"acquisitions-api","timestamp":"2026-01-13T08:42:04.122Z"}
{"level":"info","message":"::1 - - [13/Jan/2026:08:42:04 +0000] \"GET /api HTTP/1.1\" 200 41 \"-\" \"curl/8.7.1\"","service":"acquisitions-api","timestamp":"2026-01-13T08:42:04.131Z"}
{"level":"info","message":"::1 - - [13/Jan/2026:08:42:04 +0000] \"GET /api HTTP/1.1\" 200 41 \"-\" \"curl/8.7.1\"","service":"acquisitions-api","timestamp":"2026-01-13T08:42:04.143Z"}
{"level":"info","message":"::1 - - [13/Jan/2026:08:42:04 +0000] \"GET /api HTTP/1.1\" 200 41 \"-\" \"curl/8.7.1\"","service":"acquisitions-api","timestamp":"2026-01-13T08:42:04.152Z"}
{"level":"info","message":"::1 - - [13/Jan/2026:08:42:04 +0000] \"GET /api HTTP/1.1\" 200 41 \"-\" \"curl/8.7.1\"","service":"acquisitions-api","timestamp":"2026-01-13T08:42:04.163Z"}
{"level":"info","message":"::1 - - [13/Jan/2026:08:42:04 +0000] \"GET /api HTTP/1.1\" 200 41 \"-\" \"curl/8.7.1\"","service":"acquisitions-api","timestamp":"2026-01-13T08:42:04.173Z"}
{"level":"info","message":"::1 - - [13/Jan/2026:08:42:04 +0000] \"GET /api HTTP/1.1\" 200 41 \"-\" \"curl/8.7.1\"","service":"acquisitions-api","timestamp":"2026-01-13T08:42:04.182Z"}
{"level":"info","message":"::1 - - [13/Jan/2026:08:42:04 +0000] \"GET /api HTTP/1.1\" 200 41 \"-\" \"curl/8.7.1\"","service":"acquisitions-api","timestamp":"2026-01-13T08:42:04.192Z"}
{"level":"info","message":"::1 - - [13/Jan/2026:08:42:04 +0000] \"GET /api HTTP/1.1\" 200 41 \"-\" \"curl/8.7.1\"","service":"acquisitions-api","timestamp":"2026-01-13T08:42:04.203Z"}
{"level":"info","message":"::1 - - [13/Jan/2026:08:42:04 +0000] \"GET /api HTTP/1.1\" 200 41 \"-\" \"curl/8.7.1\"","service":"acquisitions-api","timestamp":"2026-01-13T08:42:04.212Z"}
{"level":"info","message":"::1 - - [13/Jan/2026:08:42:04 +0000] \"GET /api HTTP/1.1\" 200 41 \"-\" \"curl/8.7.1\"","service":"acquisitions-api","timestamp":"2026-01-13T08:42:04.223Z"}
{"level":"info","message":"::1 - - [13/Jan/2026:08:42:04 +0000] \"GET /api HTTP/1.1\" 200 41 \"-\" \"curl/8.7.1\"","service":"acquisitions-api","timestamp":"2026-01-13T08:42:04.232Z"}
{"level":"info","message":"::1 - - [13/Jan/2026:08:42:04 +0000] \"GET /api HTTP/1.1\" 200 41 \"-\" \"curl/8.7.1\"","service":"acquisitions-api","timestamp":"2026-01-13T08:42:04.243Z"}
{"level":"info","message":"::1 - - [13/Jan/2026:08:42:04 +0000] \"GET /api HTTP/1.1\" 200 41 \"-\" \"curl/8.7.1\"","service":"acquisitions-api","timestamp":"2026-01-13T08:42:04.253Z"}
{"level":"info","message":"::1 - - [13/Jan/2026:08:42:04 +0000] \"GET /api HTTP/1.1\" 200 41 \"-\" \"curl/8.7.1\"","service":"acquisitions-api","timestamp":"2026-01-13T08:42:04.263Z"}
{"level":"info","message":"::1 - - [13/Jan/2026:08:42:04 +0000] \"GET /api HTTP/1.1\" 200 41 \"-\" \"curl/8.7.1\"","service":"acquisitions-api","timestamp":"2026-01-13T08:42:04.273Z"}
{"level":"info","message":"::1 - - [13/Jan/2026:08:42:04 +0000] \"GET /api HTTP/1.1\" 200 41 \"-\" \"curl/8.7.1\"","service":"acquisitions-api","timestamp":"2026-01-13T08:42:04.282Z"}
{"level":"info","message":"::1 - - [13/Jan/2026:08:42:04 +0000] \"GET /api HTTP/1.1\" 200 41 \"-\" \"curl/8.7.1\"","service":"acquisitions-api","timestamp":"2026-01-13T08:42:04.292Z"}
{"level":"info","message":"::1 - - [13/Jan/2026:08:42:04 +0000] \"GET /api HTTP/1.1\" 200 41 \"-\" \"curl/8.7.1\"","service":"acquisitions-api","timestamp":"2026-01-13T08:42:04.302Z"}
{"level":"info","message":"::1 - - [13/Jan/2026:08:42:04 +0000] \"GET /api HTTP/1.1\" 200 41 \"-\" \"curl/8.7.1\"","service":"acquisitions-api","timestamp":"2026-01-13T08:42:04.312Z"}
{"level":"info","message":"::1 - - [13/Jan/2026:08:42:04 +0000] \"GET /api HTTP/1.1\" 200 41 \"-\" \"curl/8.7.1\"","service":"acquisitions-api","timestamp":"2026-01-13T08:42:04.322Z"}
{"level":"info","message":"::1 - - [13/Jan/2026:08:42:04 +0000] \"GET /api HTTP/1.1\" 200 41 \"-\" \"curl/8.7.1\"","service":"acquisitions-api","timestamp":"2026-01-13T08:42:04.332Z"}
{"level":"info","message":"::1 - - [13/Jan/2026:08:42:04 +0000] \"GET /api HTTP/1.1\" 200 41 \"-\" \"curl/8.7.1\"","service":"acquisitions-api","timestamp":"2026-01-13T08:42:04.342Z"}
{"level":"info","message":"::1 - - [13/Jan/2026:08:42:04 +0000] \"GET /api HTTP/1.1\" 200 41 \"-\" \"curl/8.7.1\"","service":"acquisitions-api","timestamp":"2026-01-13T08:42:04.351Z"}
{"level":"info","message":"::1 - - [13/Jan/2026:08:42:04 +0000] \"GET /api HTTP/1.1\" 200 41 \"-\" \"curl/8.7.1\"","service":"acquisitions-api","timestamp":"2026-01-13T08:42:04.361Z"}
{"level":"info","message":"::1 - - [13/Jan/2026:08:42:04 +0000] \"GET /api HTTP/1.1\" 200 41 \"-\" \"curl/8.7.1\"","service":"acquisitions-api","timestamp":"2026-01-13T08:42:04.370Z"}
{"level":"info","message":"::1 - - [13/Jan/2026:08:42:04 +0000] \"GET /api HTTP/1.1\" 200 41 \"-\" \"curl/8.7.1\"","service":"acquisitions-api","timestamp":"2026-01-13T08:42:04.380Z"}
{"level":"info","message":"::1 - - [13/Jan/2026:08:42:04 +0000] \"GET /api HTTP/1.1\" 200 41 \"-\" \"curl/8.7.1\"","service":"acquisitions-api","timestamp":"2026-01-13T08:42:04.391Z"}
{"level":"info","message":"::1 - - [13/Jan/2026:08:42:04 +0000] \"GET /api HTTP/1.1\" 200 41 \"-\" \"curl/8.7.1\"","service":"acquisitions-api","timestamp":"2026-01-13T08:42:04.401Z"}
{"level":"info","message":"::1 - - [13/Jan/2026:08:42:04 +0000] \"GET /api HTTP/1.1\" 200 41 \"-\" \"curl/8.7.1\"","service":"acquisitions-api","timestamp":"2026-01-13T08:42:04.411Z"}
{"level":"info","message":"::1 - - [13/Jan/2026:08:42:04 +0000] \"GET /api HTTP/1.1\" 200 41 \"-\" \"curl/8.7.1\"","service":"acquisitions-api","timestamp":"2026-01-13T08:42:04.422Z"}
{"level":"info","message":"::1 - - [13/Jan/2026:08:42:04 +0000] \"GET /api HTTP/1.1\" 200 41 \"-\" \"curl/8.7.1\"","service":"acquisitions-api","timestamp":"2026-01-13T08:42:04.432Z"}
{"level":"info","message":"::1 - - [13/Jan/2026:08:42:04 +0000] \"GET /api HTTP/1.1\" 200 41 \"-\" \"curl/8.7.1\"","service":"acquisitions-api","timestamp":"2026-01-13T08:42:04.442Z"}
{"level":"info","message":"::1 - - [13/Jan/2026:08:42:04 +0000] \"GET /api HTTP/1.1\" 200 41 \"-\" \"curl/8.7.1\"","service":"acquisitions-api","timestamp":"2026-01-13T08:42:04.453Z"}
{"level":"info","message":"::1 - - [13/Jan/2026:08:42:04 +0000] \"GET /api HTTP/1.1\" 200 41 \"-\" \"curl/8.7.1\"","service":"acquisitions-api","timestamp":"2026-01-13T08:42:04.463Z"}
{"level":"info","message":"::1 - - [13/Jan/2026:08:42:04 +0000] \"GET /api HTTP/1.1\" 200 41 \"-\" \"curl/8.7.1\"","service":"acquisitions-api","timestamp":"2026-01-13T08:42:04.473Z"}
{"level":"info","message":"::1 - - [13/Jan/2026:08:42:04 +0000] \"GET /api HTTP/1.1\" 200 41 \"-\" \"curl/8.7.1\"","service":"acquisitions-api","timestamp":"2026-01-13T08:42:04.484Z"}
{"level":"info","message":"::1 - - [13/Jan/2026:08:42:04 +0000] \"GET /api HTTP/1.1\" 200 41 \"-\" \"curl/8.7.1\"","service":"acquisitions-api","timestamp":"2026-01-13T08:42:04.494Z"}
{"level":"info","message":"::1 - - [13/Jan/2026:08:42:04 +0000] \"GET /api HTTP/1.1\" 200 41 \"-\" \"curl/8.7.1\"","service":"acquisitions-api","timestamp":"2026-01-13T08:42:04.505Z"}
{"level":"info","message":"::1 - - [13/Jan/2026:08:42:04 +0000] \"GET /api HTTP/1.1\" 200 41 \"-\" \"curl/8.7.1\"","service":"acquisitions-api","timestamp":"2026-01-13T08:42:04.515Z"}
{"level":"info","message":"::1 - - [13/Jan/2026:08:42:04 +0000] \"GET /api HTTP/1.1\" 200 41 \"-\" \"curl/8.7.1\"","service":"acquisitions-api","timestamp":"2026-01-13T08:42:04.524Z"}
{"level":"info","message":"::1 - - [13/Jan/2026:08:42:04 +0000] \"GET /api HTTP/1.1\" 200 41 \"-\" \"curl/8.7.1\"","service":"acquisitions-api","timestamp":"2026-01-13T08:42:04.533Z"}
{"level":"info","message":"::1 - - [13/Jan/2026:08:42:04 +0000] \"GET /api HTTP/1.1\" 200 41 \"-\" \"curl/8.7.1\"","service":"acquisitions-api","timestamp":"2026-01-13T08:42:04.542Z"}
{"level":"info","message":"::1 - - [13/Jan/2026:08:42:04 +0000] \"GET /api HTTP/1.1\" 200 41 \"-\" \"curl/8.7.1\"","service":"acquisitions-api","timestamp":"2026-01-13T08:42:04.552Z"}
{"level":"info","message":"::1 - - [13/Jan/2026:08:42:04 +0000] \"GET /api HTTP/1.1\" 200 41 \"-\" \"curl/8.7.1\"","service":"acquisitions-api","timestamp":"2026-01-13T08:42:04.562Z"}
{"level":"info","message":"::1 - - [13/Jan/2026:08:42:04 +0000] \"GET /api HTTP/1.1\" 200 41 \"-\" \"curl/8.7.1\"","service":"acquisitions-api","timestamp":"2026-01-13T08:42:04.572Z"}
{"level":"info","message":"::1 - - [13/Jan/2026:08:42:04 +0000] \"GET /api HTTP/1.1\" 200 41 \"-\" \"curl/8.7.1\"","service":"acquisitions-api","timestamp":"2026-01-13T08:42:04.582Z"}
{"level":"info","message":"::1 - - [13/Jan/2026:08:42:04 +0000] \"GET /api HTTP/1.1\" 200 41 \"-\" \"curl/8.7.1\"","service":"acquisitions-api","timestamp":"2026-01-13T08:42:04.592Z"}
{"level":"info","message":"::1 - - [13/Jan/2026:08:42:04 +0000] \"GET /api HTTP/1.1\" 200 41 \"-\" \"curl/8.7.1\"","service":"acquisitions-api","timestamp":"2026-01-13T08:42:04.602Z"}
{"level":"info","message":"::1 - - [13/Jan/2026:08:42:04 +0000] \"GET /api HTTP/1.1\" 200 41 \"-\" \"curl/8.7.1\"","service":"acquisitions-api","timestamp":"2026-01-13T08:42:04.612Z"}
{"level":"info","message":"::1 - - [13/Jan/2026:08:42:04 +0000] \"GET /api HTTP/1.1\" 200 41 \"-\" \"curl/8.7.1\"","service":"acquisitions-api","timestamp":"2026-01-13T08:42:04.622Z"}
{"level":"info","message":"::1 - - [13/Jan/2026:08:42:04 +0000] \"GET /api HTTP/1.1\" 200 41 \"-\" \"curl/8.7.1\"","service":"acquisitions-api","timestamp":"2026-01-13T08:42:04.631Z"}
{"level":"info","message":"::1 - - [13/Jan/2026:08:42:04 +0000] \"GET /api HTTP/1.1\" 200 41 \"-\" \"curl/8.7.1\"","service":"acquisitions-api","timestamp":"2026-01-13T08:42:04.641Z"}
{"level":"info","message":"::1 - - [13/Jan/2026:08:42:04 +0000] \"GET /api HTTP/1.1\" 200 41 \"-\" \"curl/8.7.1\"","service":"acquisitions-api","timestamp":"2026-01-13T08:42:04.650Z"}
{"level":"info","message":"::1 - - [13/Jan/2026:08:42:04 +0000] \"GET /api HTTP/1.1\" 200 41 \"-\" \"curl/8.7.1\"","service":"acquisitions-api","timestamp":"2026-01-13T08:42:04.661Z"}
{"level":"info","message":"::1 - - [13/Jan/2026:08:42:04 +0000] \"GET /api HTTP/1.1\" 200 41 \"-\" \"curl/8.7.1\"","service":"acquisitions-api","timestamp":"2026-01-13T08:42:04.671Z"}
{"level":"info","message":"::1 - - [13/Jan/2026:08:42:04 +0000] \"GET /api HTTP/1.1\" 200 41 \"-\" \"curl/8.7.1\"","service":"acquisitions-api","timestamp":"2026-01-13T08:42:04.681Z"}
{"level":"info","message":"::1 - - [13/Jan/2026:08:42:04 +0000] \"GET /api HTTP/1.1\" 200 41 \"-\" \"curl/8.7.1\"","service":"acquisitions-api","timestamp":"2026-01-13T08:42:04.691Z"}
{"level":"info","message":"::1 - - [13/Jan/2026:08:42:04 +0000] \"GET /api HTTP/1.1\" 200 41 \"-\" \"curl/8.7.1\"","service":"acquisitions-api","timestamp":"2026-01-13T08:42:04.701Z"}
{"level":"info","message":"::1 - - [13/Jan/2026:08:42:04 +0000] \"GET /api HTTP/1.1\" 200 41 \"-\" \"curl/8.7.1\"","service":"acquisitions-api","timestamp":"2026-01-13T08:42:04.711Z"}
{"level":"info","message":"::1 - - [13/Jan/2026:08:42:04 +0000] \"GET /api HTTP/1.1\" 200 41 \"-\" \"curl/8.7.1\"","service":"acquisitions-api","timestamp":"2026-01-13T08:42:04.721Z"}
{"level":"info","message":"::1 - - [13/Jan/2026:08:42:04 +0000] \"GET /api HTTP/1.1\" 200 41 \"-\" \"curl/8.7.1\"","service":"acquisitions-api","timestamp":"2026-01-13T08:42:04.731Z"}
{"level":"info","message":"::1 - - [13/Jan/2026:08:42:04 +0000] \"GET /api HTTP/1.1\" 200 41 \"-\" \"curl/8.7.1\"","service":"acquisitions-api","timestamp":"2026-01-13T08:42:04.742Z"}
{"level":"info","message":"::1 - - [13/Jan/2026:08:42:04 +0000] \"GET /api HTTP/1.1\" 200 41 \"-\" \"curl/8.7.1\"","service":"acquisitions-api","timestamp":"2026-01-13T08:42:04.752Z"}
{"level":"info","message":"::1 - - [13/Jan/2026:08:42:04 +0000] \"GET /api HTTP/1.1\" 200 41 \"-\" \"curl/8.7.1\"","service":"acquisitions-api","timestamp":"2026-01-13T08:42:04.762Z"}
{"level":"info","message":"::1 - - [13/Jan/2026:08:42:04 +0000] \"GET /api HTTP/1.1\" 200 41 \"-\" \"curl/8.7.1\"","service":"acquisitions-api","timestamp":"2026-01-13T08:42:04.772Z"}
{"level":"info","message":"::1 - - [13/Jan/2026:08:42:04 +0000] \"GET /api HTTP/1.1\" 200 41 \"-\" \"curl/8.7.1\"","service":"acquisitions-api","timestamp":"2026-01-13T08:42:04.782Z"}
{"level":"info","message":"::1 - - [13/Jan/2026:08:42:04 +0000] \"GET /api HTTP/1.1\" 200 41 \"-\" \"curl/8.7.1\"","service":"acquisitions-api","timestamp":"2026-01-13T08:42:04.793Z"}
{"level":"info","message":"::1 - - [13/Jan/2026:08:42:04 +0000] \"GET /api HTTP/1.1\" 200 41 \"-\" \"curl/8.7.1\"","service":"acquisitions-api","timestamp":"2026-01-13T08:42:04.802Z"}
{"level":"info","message":"::1 - - [13/Jan/2026:08:42:04 +0000] \"GET /api HTTP/1.1\" 200 41 \"-\" \"curl/8.7.1\"","service":"acquisitions-api","timestamp":"2026-01-13T08:42:04.812Z"}
{"level":"info","message":"::1 - - [13/Jan/2026:08:42:04 +0000] \"GET /api HTTP/1.1\" 200 41 \"-\" \"curl/8.7.1\"","service":"acquisitions-api","timestamp":"2026-01-13T08:42:04.821Z"}
{"level":"info","message":"::1 - - [13/Jan/2026:08:42:04 +0000] \"GET /api HTTP/1.1\" 200 41 \"-\" \"curl/8.7.1\"","service":"acquisitions-api","timestamp":"2026-01-13T08:42:04.831Z"}
{"level":"info","message":"::1 - - [13/Jan/2026:08:42:04 +0000] \"GET /api HTTP/1.1\" 200 41 \"-\" \"curl/8.7.1\"","service":"acquisitions-api","timestamp":"2026-01-13T08:42:04.841Z"}
{"level":"info","message":"::1 - - [13/Jan/2026:08:42:04 +0000] \"GET /api HTTP/1.1\" 200 41 \"-\" \"curl/8.7.1\"","service":"acquisitions-api","timestamp":"2026-01-13T08:42:04.851Z"}
{"level":"info","message":"::1 - - [13/Jan/2026:08:42:04 +0000] \"GET /api HTTP/1.1\" 200 41 \"-\" \"curl/8.7.1\"","service":"acquisitions-api","timestamp":"2026-01-13T08:42:04.861Z"}
{"level":"info","message":"::1 - - [13/Jan/2026:08:42:04 +0000] \"GET /api HTTP/1.1\" 200 41 \"-\" \"curl/8.7.1\"","service":"acquisitions-api","timestamp":"2026-01-13T08:42:04.869Z"}
{"level":"info","message":"::1 - - [13/Jan/2026:08:42:04 +0000] \"GET /api HTTP/1.1\" 200 41 \"-\" \"curl/8.7.1\"","service":"acquisitions-api","timestamp":"2026-01-13T08:42:04.879Z"}
{"level":"info","message":"::1 - - [13/Jan/2026:08:42:04 +0000] \"GET /api HTTP/1.1\" 200 41 \"-\" \"curl/8.7.1\"","service":"acquisitions-api","timestamp":"2026-01-13T08:42:04.888Z"}
{"level":"info","message":"::1 - - [13/Jan/2026:08:42:04 +0000] \"GET /api HTTP/1.1\" 200 41 \"-\" \"curl/8.7.1\"","service":"acquisitions-api","timestamp":"2026-01-13T08:42:04.900Z"}
{"level":"info","message":"::1 - - [13/Jan/2026:08:42:04 +0000] \"GET /api HTTP/1.1\" 200 41 \"-\" \"curl/8.7.1\"","service":"acquisitions-api","timestamp":"2026-01-13T08:42:04.909Z"}
{"level":"info","message":"::1 - - [13/Jan/2026:08:42:04 +0000] \"GET /api HTTP/1.1\" 200 41 \"-\" \"curl/8.7.1\"","service":"acquisitions-api","timestamp":"2026-01-13T08:42:04.919Z"}
{"level":"info","message":"::1 - - [13/Jan/2026:08:42:04 +0000] \"GET /api HTTP/1.1\" 200 41 \"-\" \"curl/8.7.1\"","service":"acquisitions-api","timestamp":"2026-01-13T08:42:04.929Z"}
{"level":"info","message":"::1 - - [13/Jan/2026:08:42:04 +0000] \"GET /api HTTP/1.1\" 200 41 \"-\" \"curl/8.7.1\"","service":"acquisitions-api","timestamp":"2026-01-13T08:42:04.938Z"}
{"level":"info","message":"::1 - - [13/Jan/2026:08:42:04 +0000] \"GET /api HTTP/1.1\" 200 41 \"-\" \"curl/8.7.1\"","service":"acquisitions-api","timestamp":"2026-01-13T08:42:04.948Z"}
{"level":"info","message":"::1 - - [13/Jan/2026:08:42:04 +0000] \"GET /api HTTP/1.1\" 200 41 \"-\" \"curl/8.7.1\"","service":"acquisitions-api","timestamp":"2026-01-13T08:42:04.959Z"}
{"level":"info","message":"::1 - - [13/Jan/2026:08:42:04 +0000] \"GET /api HTTP/1.1\" 200 41 \"-\" \"curl/8.7.1\"","service":"acquisitions-api","timestamp":"2026-01-13T08:42:04.968Z"}
{"level":"info","message":"::1 - - [13/Jan/2026:08:42:04 +0000] \"GET /api HTTP/1.1\" 200 41 \"-\" \"curl/8.7.1\"","service":"acquisitions-api","timestamp":"2026-01-13T08:42:04.978Z"}
{"level":"info","message":"::1 - - [13/Jan/2026:08:42:04 +0000] \"GET /api HTTP/1.1\" 200 41 \"-\" \"curl/8.7.1\"","service":"acquisitions-api","timestamp":"2026-01-13T08:42:04.989Z"}
{"level":"info","message":"::1 - - [13/Jan/2026:08:42:04 +0000] \"GET /api HTTP/1.1\" 200 41 \"-\" \"curl/8.7.1\"","service":"acquisitions-api","timestamp":"2026-01-13T08:42:04.999Z"}
{"level":"info","message":"::1 - - [13/Jan/2026:08:42:05 +0000] \"GET /api HTTP/1.1\" 200 41 \"-\" \"curl/8.7.1\"","service":"acquisitions-api","timestamp":"2026-01-13T08:42:05.008Z"}
{"level":"info","message":"::1 - - [13/Jan/2026:08:42:05 +0000] \"GET /api HTTP/1.1\" 200 41 \"-\" \"curl/8.7.1\"","service":"acquisitions-api","timestamp":"2026-01-13T08:42:05.018Z"}
{"level":"info","message":"::1 - - [13/Jan/2026:08:42:05 +0000] \"GET /api HTTP/1.1\" 200 41 \"-\" \"curl/8.7.1\"","service":"acquisitions-api","timestamp":"2026-01-13T08:42:05.028Z"}
{"level":"info","message":"::1 - - [13/Jan/2026:08:42:05 +0000] \"GET /api HTTP/1.1\" 200 41 \"-\" \"curl/8.7.1\"","service":"acquisitions-api","timestamp":"2026-01-13T08:42:05.037Z"}
{"level":"info","message":"::1 - - [13/Jan/2026:08:42:05 +0000] \"GET /api HTTP/1.1\" 200 41 \"-\" \"curl/8.7.1\"","service":"acquisitions-api","timestamp":"2026-01-13T08:42:05.047Z"}
{"level":"info","message":"::1 - - [13/Jan/2026:08:42:05 +0000] \"GET /api HTTP/1.1\" 200 41 \"-\" \"curl/8.7.1\"","service":"acquisitions-api","timestamp":"2026-01-13T08:42:05.057Z"}
{"level":"info","message":"::1 - - [13/Jan/2026:08:42:05 +0000] \"GET /api HTTP/1.1\" 200 41 \"-\" \"curl/8.7.1\"","service":"acquisitions-api","timestamp":"2026-01-13T08:42:05.085Z"}
{"level":"info","message":"::1 - - [13/Jan/2026:08:42:05 +0000] \"GET /api HTTP/1.1\" 200 41 \"-\" \"curl/8.7.1\"","service":"acquisitions-api","timestamp":"2026-01-13T08:42:05.098Z"}
{"level":"info","message":"::1 - - [13/Jan/2026:08:42:05 +0000] \"GET /api HTTP/1.1\" 200 41 \"-\" \"curl/8.7.1\"","service":"acquisitions-api","timestamp":"2026-01-13T08:42:05.108Z"}
{"level":"info","message":"::1 - - [13/Jan/2026:08:42:05 +0000] \"GET /api HTTP/1.1\" 200 41 \"-\" \"curl/8.7.1\"","service":"acquisitions-api","timestamp":"2026-01-13T08:42:05.118Z"}
{"level":"info","message":"::1 - - [13/Jan/2026:08:42:05 +0000] \"GET /api HTTP/1.1\" 200 41 \"-\" \"curl/8.7.1\"","service":"acquisitions-api","timestamp":"2026-01-13T08:42:05.128Z"}
{"level":"info","message":"::1 - - [13/Jan/2026:08:42:05 +0000] \"GET /api HTTP/1.1\" 200 41 \"-\" \"curl/8.7.1\"","service":"acquisitions-api","timestamp":"2026-01-13T08:42:05.139Z"}
{"level":"info","message":"::1 - - [13/Jan/2026:08:42:05 +0000] \"GET /api HTTP/1.1\" 200 41 \"-\" \"curl/8.7.1\"","service":"acquisitions-api","timestamp":"2026-01-13T08:42:05.150Z"}
{"level":"info","message":"::1 - - [13/Jan/2026:08:42:05 +0000] \"GET /api HTTP/1.1\" 200 41 \"-\" \"curl/8.7.1\"","service":"acquisitions-api","timestamp":"2026-01-13T08:42:05.159Z"}
{"level":"info","message":"::1 - - [13/Jan/2026:08:42:05 +0000] \"GET /api HTTP/1.1\" 200 41 \"-\" \"curl/8.7.1\"","service":"acquisitions-api","timestamp":"2026-01-13T08:42:05.169Z"}
{"level":"info","message":"::1 - - [13/Jan/2026:08:42:05 +0000] \"GET /api HTTP/1.1\" 200 41 \"-\" \"curl/8.7.1\"","service":"acquisitions-api","timestamp":"2026-01-13T08:42:05.178Z"}
{"level":"info","message":"::1 - - [13/Jan/2026:08:42:05 +0000] \"GET /api HTTP/1.1\" 200 41 \"-\" \"curl/8.7.1\"","service":"acquisitions-api","timestamp":"2026-01-13T08:42:05.189Z"}
{"level":"info","message":"::1 - - [13/Jan/2026:08:42:05 +0000] \"GET /api HTTP/1.1\" 200 41 \"-\" \"curl/8.7.1\"","service":"acquisitions-api","timestamp":"2026-01-13T08:42:05.198Z"}
{"level":"info","message":"::1 - - [13/Jan/2026:08:42:05 +0000] \"GET /api HTTP/1.1\" 200 41 \"-\" \"curl/8.7.1\"","service":"acquisitions-api","timestamp":"2026-01-13T08:42:05.208Z"}
{"level":"info","message":"::1 - - [13/Jan/2026:08:42:05 +0000] \"GET /api HTTP/1.1\" 200 41 \"-\" \"curl/8.7.1\"","service":"acquisitions-api","timestamp":"2026-01-13T08:42:05.218Z"}
{"level":"info","message":"::1 - - [13/Jan/2026:08:42:05 +0000] \"GET /api HTTP/1.1\" 200 41 \"-\" \"curl/8.7.1\"","service":"acquisitions-api","timestamp":"2026-01-13T08:42:05.227Z"}
{"level":"info","message":"::1 - - [13/Jan/2026:08:42:05 +0000] \"GET /api HTTP/1.1\" 200 41 \"-\" \"curl/8.7.1\"","service":"acquisitions-api","timestamp":"2026-01-13T08:42:05.236Z"}
{"level":"info","message":"::1 - - [13/Jan/2026:08:42:05 +0000] \"GET /api HTTP/1.1\" 200 41 \"-\" \"curl/8.7.1\"","service":"acquisitions-api","timestamp":"2026-01-13T08:42:05.246Z"}
{"level":"info","message":"::1 - - [13/Jan/2026:08:42:05 +0000] \"GET /api HTTP/1.1\" 200 41 \"-\" \"curl/8.7.1\"","service":"acquisitions-api","timestamp":"2026-01-13T08:42:05.256Z"}
{"level":"info","message":"::1 - - [13/Jan/2026:08:42:05 +0000] \"GET /api HTTP/1.1\" 200 41 \"-\" \"curl/8.7.1\"","service":"acquisitions-api","timestamp":"2026-01-13T08:42:05.265Z"}
{"level":"info","message":"::1 - - [13/Jan/2026:08:42:05 +0000] \"GET /api HTTP/1.1\" 200 41 \"-\" \"curl/8.7.1\"","service":"acquisitions-api","timestamp":"2026-01-13T08:42:05.275Z"}
{"level":"info","message":"::1 - - [13/Jan/2026:08:42:05 +0000] \"GET /api HTTP/1.1\" 200 41 \"-\" \"curl/8.7.1\"","service":"acquisitions-api","timestamp":"2026-01-13T08:42:05.284Z"}
{"level":"info","message":"::1 - - [13/Jan/2026:08:42:05 +0000] \"GET /api HTTP/1.1\" 200 41 \"-\" \"curl/8.7.1\"","service":"acquisitions-api","timestamp":"2026-01-13T08:42:05.294Z"}
{"level":"info","message":"::1 - - [13/Jan/2026:08:42:05 +0000] \"GET /api HTTP/1.1\" 200 41 \"-\" \"curl/8.7.1\"","service":"acquisitions-api","timestamp":"2026-01-13T08:42:05.305Z"}
{"level":"info","message":"::1 - - [13/Jan/2026:08:42:05 +0000] \"GET /api HTTP/1.1\" 200 41 \"-\" \"curl/8.7.1\"","service":"acquisitions-api","timestamp":"2026-01-13T08:42:05.315Z"}
{"level":"info","message":"::1 - - [13/Jan/2026:08:42:05 +0000] \"GET /api HTTP/1.1\" 200 41 \"-\" \"curl/8.7.1\"","service":"acquisitions-api","timestamp":"2026-01-13T08:42:05.325Z"}
{"level":"info","message":"::1 - - [13/Jan/2026:08:42:05 +0000] \"GET /api HTTP/1.1\" 200 41 \"-\" \"curl/8.7.1\"","service":"acquisitions-api","timestamp":"2026-01-13T08:42:05.336Z"}
{"level":"info","message":"::1 - - [13/Jan/2026:08:42:05 +0000] \"GET /api HTTP/1.1\" 200 41 \"-\" \"curl/8.7.1\"","service":"acquisitions-api","timestamp":"2026-01-13T08:42:05.346Z"}
{"level":"info","message":"::1 - - [13/Jan/2026:08:42:05 +0000] \"GET /api HTTP/1.1\" 200 41 \"-\" \"curl/8.7.1\"","service":"acquisitions-api","timestamp":"2026-01-13T08:42:05.356Z"}
{"level":"info","message":"::1 - - [13/Jan/2026:08:42:05 +0000] \"GET /api HTTP/1.1\" 200 41 \"-\" \"curl/8.7.1\"","service":"acquisitions-api","timestamp":"2026-01-13T08:42:05.366Z"}
{"level":"info","message":"::1 - - [13/Jan/2026:08:42:05 +0000] \"GET /api HTTP/1.1\" 200 41 \"-\" \"curl/8.7.1\"","service":"acquisitions-api","timestamp":"2026-01-13T08:42:05.376Z"}
{"level":"info","message":"::1 - - [13/Jan/2026:08:42:05 +0000] \"GET /api HTTP/1.1\" 200 41 \"-\" \"curl/8.7.1\"","service":"acquisitions-api","timestamp":"2026-01-13T08:42:05.385Z"}
{"level":"info","message":"::1 - - [13/Jan/2026:08:42:05 +0000] \"GET /api HTTP/1.1\" 200 41 \"-\" \"curl/8.7.1\"","service":"acquisitions-api","timestamp":"2026-01-13T08:42:05.393Z"}
{"level":"info","message":"::1 - - [13/Jan/2026:08:42:05 +0000] \"GET /api HTTP/1.1\" 200 41 \"-\" \"curl/8.7.1\"","service":"acquisitions-api","timestamp":"2026-01-13T08:42:05.403Z"}
{"level":"info","message":"::1 - - [13/Jan/2026:08:42:05 +0000] \"GET /api HTTP/1.1\" 200 41 \"-\" \"curl/8.7.1\"","service":"acquisitions-api","timestamp":"2026-01-13T08:42:05.414Z"}
{"level":"info","message":"::1 - - [13/Jan/2026:08:42:05 +0000] \"GET /api HTTP/1.1\" 200 41 \"-\" \"curl/8.7.1\"","service":"acquisitions-api","timestamp":"2026-01-13T08:42:05.424Z"}
{"level":"info","message":"::1 - - [13/Jan/2026:08:42:05 +0000] \"GET /api HTTP/1.1\" 200 41 \"-\" \"curl/8.7.1\"","service":"acquisitions-api","timestamp":"2026-01-13T08:42:05.433Z"}
{"level":"info","message":"::1 - - [13/Jan/2026:08:42:05 +0000] \"GET /api HTTP/1.1\" 200 41 \"-\" \"curl/8.7.1\"","service":"acquisitions-api","timestamp":"2026-01-13T08:42:05.444Z"}
{"level":"info","message":"::1 - - [13/Jan/2026:08:42:05 +0000] \"GET /api HTTP/1.1\" 200 41 \"-\" \"curl/8.7.1\"","service":"acquisitions-api","timestamp":"2026-01-13T08:42:05.453Z"}
{"level":"info","message":"::1 - - [13/Jan/2026:08:42:05 +0000] \"GET /api HTTP/1.1\" 200 41 \"-\" \"curl/8.7.1\"","service":"acquisitions-api","timestamp":"2026-01-13T08:42:05.463Z"}
{"level":"info","message":"::1 - - [13/Jan/2026:08:42:05 +0000] \"GET /api HTTP/1.1\" 200 41 \"-\" \"curl/8.7.1\"","service":"acquisitions-api","timestamp":"2026-01-13T08:42:05.474Z"}
{"level":"info","message":"::1 - - [13/Jan/2026:08:42:05 +0000] \"GET /api HTTP/1.1\" 200 41 \"-\" \"curl/8.7.1\"","service":"acquisitions-api","timestamp":"2026-01-13T08:42:05.483Z"}
{"level":"info","message":"::1 - - [13/Jan/2026:08:42:05 +0000] \"GET /api HTTP/1.1\" 200 41 \"-\" \"curl/8.7.1\"","service":"acquisitions-api","timestamp":"2026-01-13T08:42:05.493Z"}
{"level":"info","message":"::1 - - [13/Jan/2026:08:42:05 +0000] \"GET /api HTTP/1.1\" 200 41 \"-\" \"curl/8.7.1\"","service":"acquisitions-api","timestamp":"2026-01-13T08:42:05.502Z"}
{"level":"info","message":"::1 - - [13/Jan/2026:08:42:05 +0000] \"GET /api HTTP/1.1\" 200 41 \"-\" \"curl/8.7.1\"","service":"acquisitions-api","timestamp":"2026-01-13T08:42:05.512Z"}
{"level":"info","message":"::1 - - [13/Jan/2026:08:42:05 +0000] \"GET /api HTTP/1.1\" 200 41 \"-\" \"curl/8.7.1\"","service":"acquisitions-api","timestamp":"2026-01-13T08:42:05.522Z"}
{"level":"info","message":"::1 - - [13/Jan/2026:08:42:05 +0000] \"GET /api HTTP/1.1\" 200 41 \"-\" \"curl/8.7.1\"","service":"acquisitions-api","timestamp":"2026-01-13T08:42:05.532Z"}
{"level":"info","message":"::1 - - [13/Jan/2026:08:42:05 +0000] \"GET /api HTTP/1.1\" 200 41 \"-\" \"curl/8.7.1\"","service":"acquisitions-api","timestamp":"2026-01-13T08:42:05.541Z"}
{"level":"info","message":"::1 - - [13/Jan/2026:08:42:05 +0000] \"GET /api HTTP/1.1\" 200 41 \"-\" \"curl/8.7.1\"","service":"acquisitions-api","timestamp":"2026-01-13T08:42:05.551Z"}
{"level":"info","message":"::1 - - [13/Jan/2026:08:42:05 +0000] \"GET /api HTTP/1.1\" 200 41 \"-\" \"curl/8.7.1\"","service":"acquisitions-api","timestamp":"2026-01-13T08:42:05.560Z"}
{"level":"info","message":"::1 - - [13/Jan/2026:08:42:05 +0000] \"GET /api HTTP/1.1\" 200 41 \"-\" \"curl/8.7.1\"","service":"acquisitions-api","timestamp":"2026-01-13T08:42:05.569Z"}
{"level":"info","message":"::1 - - [13/Jan/2026:08:42:05 +0000] \"GET /api HTTP/1.1\" 200 41 \"-\" \"curl/8.7.1\"","service":"acquisitions-api","timestamp":"2026-01-13T08:42:05.580Z"}
{"level":"info","message":"::1 - - [13/Jan/2026:08:42:05 +0000] \"GET /api HTTP/1.1\" 200 41 \"-\" \"curl/8.7.1\"","service":"acquisitions-api","timestamp":"2026-01-13T08:42:05.590Z"}
{"level":"info","message":"::1 - - [13/Jan/2026:08:42:05 +0000] \"GET /api HTTP/1.1\" 200 41 \"-\" \"curl/8.7.1\"","service":"acquisitions-api","timestamp":"2026-01-13T08:42:05.601Z"}
{"level":"info","message":"::1 - - [13/Jan/2026:08:42:05 +0000] \"GET /api HTTP/1.1\" 200 41 \"-\" \"curl/8.7.1\"","service":"acquisitions-api","timestamp":"2026-01-13T08:42:05.611Z"}
{"level":"info","message":"::1 - - [13/Jan/2026:08:42:05 +0000] \"GET /api HTTP/1.1\" 200 41 \"-\" \"curl/8.7.1\"","service":"acquisitions-api","timestamp":"2026-01-13T08:42:05.621Z"}
{"level":"info","message":"::1 - - [13/Jan/2026:08:42:05 +0000] \"GET /api HTTP/1.1\" 200 41 \"-\" \"curl/8.7.1\"","service":"acquisitions-api","timestamp":"2026-01-13T08:42:05.631Z"}
{"level":"info","message":"::1 - - [13/Jan/2026:08:42:05 +0000] \"GET /api HTTP/1.1\" 200 41 \"-\" \"curl/8.7.1\"","service":"acquisitions-api","timestamp":"2026-01-13T08:42:05.642Z"}
{"level":"info","message":"::1 - - [13/Jan/2026:08:42:05 +0000] \"GET /api HTTP/1.1\" 200 41 \"-\" \"curl/8.7.1\"","service":"acquisitions-api","timestamp":"2026-01-13T08:42:05.651Z"}
{"level":"info","message":"::1 - - [13/Jan/2026:08:42:05 +0000] \"GET /api HTTP/1.1\" 200 41 \"-\" \"curl/8.7.1\"","service":"acquisitions-api","timestamp":"2026-01-13T08:42:05.661Z"}
{"level":"info","message":"::1 - - [13/Jan/2026:08:42:05 +0000] \"GET /api HTTP/1.1\" 200 41 \"-\" \"curl/8.7.1\"","service":"acquisitions-api","timestamp":"2026-01-13T08:42:05.670Z"}
{"level":"info","message":"::1 - - [13/Jan/2026:08:42:05 +0000] \"GET /api HTTP/1.1\" 200 41 \"-\" \"curl/8.7.1\"","service":"acquisitions-api","timestamp":"2026-01-13T08:42:05.680Z"}
{"level":"info","message":"::1 - - [13/Jan/2026:08:42:05 +0000] \"GET /api HTTP/1.1\" 200 41 \"-\" \"curl/8.7.1\"","service":"acquisitions-api","timestamp":"2026-01-13T08:42:05.691Z"}
{"level":"info","message":"::1 - - [13/Jan/2026:08:42:05 +0000] \"GET /api HTTP/1.1\" 200 41 \"-\" \"curl/8.7.1\"","service":"acquisitions-api","timestamp":"2026-01-13T08:42:05.701Z"}
{"level":"info","message":"::1 - - [13/Jan/2026:08:42:05 +0000] \"GET /api HTTP/1.1\" 200 41 \"-\" \"curl/8.7.1\"","service":"acquisitions-api","timestamp":"2026-01-13T08:42:05.710Z"}
{"level":"info","message":"::1 - - [13/Jan/2026:08:42:05 +0000] \"GET /api HTTP/1.1\" 200 41 \"-\" \"curl/8.7.1\"","service":"acquisitions-api","timestamp":"2026-01-13T08:42:05.720Z"}
{"level":"info","message":"::1 - - [13/Jan/2026:08:42:05 +0000] \"GET /api HTTP/1.1\" 200 41 \"-\" \"curl/8.7.1\"","service":"acquisitions-api","timestamp":"2026-01-13T08:42:05.729Z"}
{"level":"info","message":"::1 - - [13/Jan/2026:08:42:05 +0000] \"GET /api HTTP/1.1\" 200 41 \"-\" \"curl/8.7.1\"","service":"acquisitions-api","timestamp":"2026-01-13T08:42:05.740Z"}
{"level":"info","message":"::1 - - [13/Jan/2026:08:42:05 +0000] \"GET /api HTTP/1.1\" 200 41 \"-\" \"curl/8.7.1\"","service":"acquisitions-api","timestamp":"2026-01-13T08:42:05.749Z"}
{"level":"info","message":"::1 - - [13/Jan/2026:08:42:05 +0000] \"GET /api HTTP/1.1\" 200 41 \"-\" \"curl/8.7.1\"","service":"acquisitions-api","timestamp":"2026-01-13T08:42:05.759Z"}
{"level":"info","message":"::1 - - [13/Jan/2026:08:42:05 +0000] \"GET /api HTTP/1.1\" 200 41 \"-\" \"curl/8.7.1\"","service":"acquisitions-api","timestamp":"2026-01-13T08:42:05.769Z"}
{"level":"info","message":"::1 - - [13/Jan/2026:08:42:05 +0000] \"GET /api HTTP/1.1\" 200 41 \"-\" \"curl/8.7.1\"","service":"acquisitions-api","timestamp":"2026-01-13T08:42:05.779Z"}
{"level":"info","message":"::1 - - [13/Jan/2026:08:42:05 +0000] \"GET /api HTTP/1.1\" 200 41 \"-\" \"curl/8.7.1\"","service":"acquisitions-api","timestamp":"2026-01-13T08:42:05.789Z"}
{"level":"info","message":"::1 - - [13/Jan/2026:08:42:05 +0000] \"GET /api HTTP/1.1\" 200 41 \"-\" \"curl/8.7.1\"","service":"acquisitions-api","timestamp":"2026-01-13T08:42:05.799Z"}
{"level":"info","message":"::1 - - [13/Jan/2026:08:42:05 +0000] \"GET /api HTTP/1.1\" 200 41 \"-\" \"curl/8.7.1\"","service":"acquisitions-api","timestamp":"2026-01-13T08:42:05.810Z"}
{"level":"info","message":"::1 - - [13/Jan/2026:08:42:05 +0000] \"GET /api HTTP/1.1\" 200 41 \"-\" \"curl/8.7.1\"","service":"acquisitions-api","timestamp":"2026-01-13T08:42:05.820Z"}
{"level":"info","message":"::1 - - [13/Jan/2026:08:42:05 +0000] \"GET /api HTTP/1.1\" 200 41 \"-\" \"curl/8.7.1\"","service":"acquisitions-api","timestamp":"2026-01-13T08:42:05.829Z"}
{"level":"info","message":"::1 - - [13/Jan/2026:08:42:05 +0000] \"GET /api HTTP/1.1\" 200 41 \"-\" \"curl/8.7.1\"","service":"acquisitions-api","timestamp":"2026-01-13T08:42:05.839Z"}
{"level":"info","message":"::1 - - [13/Jan/2026:08:42:05 +0000] \"GET /api HTTP/1.1\" 200 41 \"-\" \"curl/8.7.1\"","service":"acquisitions-api","timestamp":"2026-01-13T08:42:05.848Z"}
{"level":"info","message":"::1 - - [13/Jan/2026:08:42:05 +0000] \"GET /api HTTP/1.1\" 200 41 \"-\" \"curl/8.7.1\"","service":"acquisitions-api","timestamp":"2026-01-13T08:42:05.857Z"}
{"level":"info","message":"::1 - - [13/Jan/2026:08:42:05 +0000] \"GET /api HTTP/1.1\" 200 41 \"-\" \"curl/8.7.1\"","service":"acquisitions-api","timestamp":"2026-01-13T08:42:05.868Z"}
{"level":"info","message":"::1 - - [13/Jan/2026:08:42:05 +0000] \"GET /api HTTP/1.1\" 200 41 \"-\" \"curl/8.7.1\"","service":"acquisitions-api","timestamp":"2026-01-13T08:42:05.877Z"}
{"level":"info","message":"::1 - - [13/Jan/2026:08:42:05 +0000] \"GET /api HTTP/1.1\" 200 41 \"-\" \"curl/8.7.1\"","service":"acquisitions-api","timestamp":"2026-01-13T08:42:05.888Z"}
{"level":"info","message":"::1 - - [13/Jan/2026:08:42:05 +0000] \"GET /api HTTP/1.1\" 200 41 \"-\" \"curl/8.7.1\"","service":"acquisitions-api","timestamp":"2026-01-13T08:42:05.897Z"}
{"level":"info","message":"::1 - - [13/Jan/2026:08:42:05 +0000] \"GET /api HTTP/1.1\" 200 41 \"-\" \"curl/8.7.1\"","service":"acquisitions-api","timestamp":"2026-01-13T08:42:05.906Z"}
{"level":"info","message":"::1 - - [13/Jan/2026:08:42:05 +0000] \"GET /api HTTP/1.1\" 200 41 \"-\" \"curl/8.7.1\"","service":"acquisitions-api","timestamp":"2026-01-13T08:42:05.916Z"}
{"level":"info","message":"::1 - - [13/Jan/2026:08:42:05 +0000] \"GET /api HTTP/1.1\" 200 41 \"-\" \"curl/8.7.1\"","service":"acquisitions-api","timestamp":"2026-01-13T08:42:05.927Z"}
{"level":"info","message":"::1 - - [13/Jan/2026:08:42:05 +0000] \"GET /api HTTP/1.1\" 200 41 \"-\" \"curl/8.7.1\"","service":"acquisitions-api","timestamp":"2026-01-13T08:42:05.937Z"}
{"level":"info","message":"::1 - - [13/Jan/2026:08:42:05 +0000] \"GET /api HTTP/1.1\" 200 41 \"-\" \"curl/8.7.1\"","service":"acquisitions-api","timestamp":"2026-01-13T08:42:05.947Z"}
{"level":"info","message":"::1 - - [13/Jan/2026:08:42:05 +0000] \"GET /api HTTP/1.1\" 200 41 \"-\" \"curl/8.7.1\"","service":"acquisitions-api","timestamp":"2026-01-13T08:42:05.957Z"}
{"level":"info","message":"::1 - - [13/Jan/2026:08:42:05 +0000] \"GET /api HTTP/1.1\" 200 41 \"-\" \"curl/8.7.1\"","service":"acquisitions-api","timestamp":"2026-01-13T08:42:05.966Z"}
{"level":"info","message":"::1 - - [13/Jan/2026:08:42:05 +0000] \"GET /api HTTP/1.1\" 200 41 \"-\" \"curl/8.7.1\"","service":"acquisitions-api","timestamp":"2026-01-13T08:42:05.977Z"}
{"level":"info","message":"::1 - - [13/Jan/2026:08:42:05 +0000] \"GET /api HTTP/1.1\" 200 41 \"-\" \"curl/8.7.1\"","service":"acquisitions-api","timestamp":"2026-01-13T08:42:05.987Z"}
{"level":"info","message":"::1 - - [13/Jan/2026:08:42:05 +0000] \"GET /api HTTP/1.1\" 200 41 \"-\" \"curl/8.7.1\"","service":"acquisitions-api","timestamp":"2026-01-13T08:42:05.997Z"}
{"level":"info","message":"::1 - - [13/Jan/2026:08:42:06 +0000] \"GET /api HTTP/1.1\" 200 41 \"-\" \"curl/8.7.1\"","service":"acquisitions-api","timestamp":"2026-01-13T08:42:06.006Z"}
{"level":"info","message":"::1 - - [13/Jan/2026:08:42:06 +0000] \"GET /api HTTP/1.1\" 200 41 \"-\" \"curl/8.7.1\"","service":"acquisitions-api","timestamp":"2026-01-13T08:42:06.017Z"}
{"level":"info","message":"::1 - - [13/Jan/2026:08:42:06 +0000] \"GET /api HTTP/1.1\" 200 41 \"-\" \"curl/8.7.1\"","service":"acquisitions-api","timestamp":"2026-01-13T08:42:06.026Z"}
{"level":"info","message":"::1 - - [13/Jan/2026:08:42:06 +0000] \"GET /api HTTP/1.1\" 200 41 \"-\" \"curl/8.7.1\"","service":"acquisitions-api","timestamp":"2026-01-13T08:42:06.037Z"}
{"level":"info","message":"::1 - - [13/Jan/2026:08:42:06 +0000] \"GET /api HTTP/1.1\" 200 41 \"-\" \"curl/8.7.1\"","service":"acquisitions-api","timestamp":"2026-01-13T08:42:06.046Z"}
{"level":"info","message":"::1 - - [13/Jan/2026:08:42:06 +0000] \"GET /api HTTP/1.1\" 200 41 \"-\" \"curl/8.7.1\"","service":"acquisitions-api","timestamp":"2026-01-13T08:42:06.057Z"}
{"level":"info","message":"::1 - - [13/Jan/2026:08:42:06 +0000] \"GET /api HTTP/1.1\" 200 41 \"-\" \"curl/8.7.1\"","service":"acquisitions-api","timestamp":"2026-01-13T08:42:06.068Z"}
{"level":"info","message":"::1 - - [13/Jan/2026:08:42:06 +0000] \"GET /api HTTP/1.1\" 200 41 \"-\" \"curl/8.7.1\"","service":"acquisitions-api","timestamp":"2026-01-13T08:42:06.077Z"}
{"level":"info","message":"::1 - - [13/Jan/2026:08:42:06 +0000] \"GET /api HTTP/1.1\" 200 41 \"-\" \"curl/8.7.1\"","service":"acquisitions-api","timestamp":"2026-01-13T08:42:06.086Z"}
{"level":"info","message":"::1 - - [13/Jan/2026:08:42:06 +0000] \"GET /api HTTP/1.1\" 200 41 \"-\" \"curl/8.7.1\"","service":"acquisitions-api","timestamp":"2026-01-13T08:42:06.096Z"}
{"level":"info","message":"::1 - - [13/Jan/2026:08:42:06 +0000] \"GET /api HTTP/1.1\" 200 41 \"-\" \"curl/8.7.1\"","service":"acquisitions-api","timestamp":"2026-01-13T08:42:06.107Z"}
{"level":"info","message":"::1 - - [13/Jan/2026:08:42:06 +0000] \"GET /api HTTP/1.1\" 200 41 \"-\" \"curl/8.7.1\"","service":"acquisitions-api","timestamp":"2026-01-13T08:42:06.116Z"}
{"level":"info","message":"::1 - - [13/Jan/2026:08:42:06 +0000] \"GET /api HTTP/1.1\" 200 41 \"-\" \"curl/8.7.1\"","service":"acquisitions-api","timestamp":"2026-01-13T08:42:06.127Z"}
{"level":"info","message":"::1 - - [13/Jan/2026:08:42:06 +0000] \"GET /api HTTP/1.1\" 200 41 \"-\" \"curl/8.7.1\"","service":"acquisitions-api","timestamp":"2026-01-13T08:42:06.139Z"}
{"level":"info","message":"::1 - - [13/Jan/2026:08:42:06 +0000] \"GET /api HTTP/1.1\" 200 41 \"-\" \"curl/8.7.1\"","service":"acquisitions-api","timestamp":"2026-01-13T08:42:06.150Z"}
{"level":"info","message":"::1 - - [13/Jan/2026:08:42:06 +0000] \"GET /api HTTP/1.1\" 200 41 \"-\" \"curl/8.7.1\"","service":"acquisitions-api","timestamp":"2026-01-13T08:42:06.161Z"}
{"level":"info","message":"::1 - - [13/Jan/2026:08:42:06 +0000] \"GET /api HTTP/1.1\" 200 41 \"-\" \"curl/8.7.1\"","service":"acquisitions-api","timestamp":"2026-01-13T08:42:06.172Z"}
{"level":"info","message":"::1 - - [13/Jan/2026:08:42:06 +0000] \"GET /api HTTP/1.1\" 200 41 \"-\" \"curl/8.7.1\"","service":"acquisitions-api","timestamp":"2026-01-13T08:42:06.182Z"}
{"level":"info","message":"::1 - - [13/Jan/2026:08:42:06 +0000] \"GET /api HTTP/1.1\" 200 41 \"-\" \"curl/8.7.1\"","service":"acquisitions-api","timestamp":"2026-01-13T08:42:06.193Z"}
{"level":"info","message":"::1 - - [13/Jan/2026:08:42:06 +0000] \"GET /api HTTP/1.1\" 200 41 \"-\" \"curl/8.7.1\"","service":"acquisitions-api","timestamp":"2026-01-13T08:42:06.202Z"}
{"level":"info","message":"::1 - - [13/Jan/2026:08:42:06 +0000] \"GET /api HTTP/1.1\" 200 41 \"-\" \"curl/8.7.1\"","service":"acquisitions-api","timestamp":"2026-01-13T08:42:06.212Z"}
{"level":"info","message":"::1 - - [13/Jan/2026:08:42:06 +0000] \"GET /api HTTP/1.1\" 200 41 \"-\" \"curl/8.7.1\"","service":"acquisitions-api","timestamp":"2026-01-13T08:42:06.223Z"}
{"level":"info","message":"::1 - - [13/Jan/2026:08:42:06 +0000] \"GET /api HTTP/1.1\" 200 41 \"-\" \"curl/8.7.1\"","service":"acquisitions-api","timestamp":"2026-01-13T08:42:06.232Z"}
{"level":"info","message":"::1 - - [13/Jan/2026:08:42:06 +0000] \"GET /api HTTP/1.1\" 200 41 \"-\" \"curl/8.7.1\"","service":"acquisitions-api","timestamp":"2026-01-13T08:42:06.243Z"}
{"level":"info","message":"::1 - - [13/Jan/2026:08:42:06 +0000] \"GET /api HTTP/1.1\" 200 41 \"-\" \"curl/8.7.1\"","service":"acquisitions-api","timestamp":"2026-01-13T08:42:06.253Z"}
{"level":"info","message":"::1 - - [13/Jan/2026:08:42:06 +0000] \"GET /api HTTP/1.1\" 200 41 \"-\" \"curl/8.7.1\"","service":"acquisitions-api","timestamp":"2026-01-13T08:42:06.263Z"}
{"level":"info","message":"::1 - - [13/Jan/2026:08:42:06 +0000] \"GET /api HTTP/1.1\" 200 41 \"-\" \"curl/8.7.1\"","service":"acquisitions-api","timestamp":"2026-01-13T08:42:06.273Z"}
{"level":"info","message":"::1 - - [13/Jan/2026:08:42:06 +0000] \"GET /api HTTP/1.1\" 200 41 \"-\" \"curl/8.7.1\"","service":"acquisitions-api","timestamp":"2026-01-13T08:42:06.283Z"}
{"level":"info","message":"::1 - - [13/Jan/2026:08:42:06 +0000] \"GET /api HTTP/1.1\" 200 41 \"-\" \"curl/8.7.1\"","service":"acquisitions-api","timestamp":"2026-01-13T08:42:06.292Z"}
{"level":"info","message":"::1 - - [13/Jan/2026:08:42:06 +0000] \"GET /api HTTP/1.1\" 200 41 \"-\" \"curl/8.7.1\"","service":"acquisitions-api","timestamp":"2026-01-13T08:42:06.303Z"}
{"level":"info","message":"::1 - - [13/Jan/2026:08:42:06 +0000] \"GET /api HTTP/1.1\" 200 41 \"-\" \"curl/8.7.1\"","service":"acquisitions-api","timestamp":"2026-01-13T08:42:06.313Z"}
{"level":"info","message":"::1 - - [13/Jan/2026:08:42:06 +0000] \"GET /api HTTP/1.1\" 200 41 \"-\" \"curl/8.7.1\"","service":"acquisitions-api","timestamp":"2026-01-13T08:42:06.323Z"}
{"level":"info","message":"::1 - - [13/Jan/2026:08:42:06 +0000] \"GET /api HTTP/1.1\" 200 41 \"-\" \"curl/8.7.1\"","service":"acquisitions-api","timestamp":"2026-01-13T08:42:06.333Z"}
{"level":"info","message":"::1 - - [13/Jan/2026:08:42:06 +0000] \"GET /api HTTP/1.1\" 200 41 \"-\" \"curl/8.7.1\"","service":"acquisitions-api","timestamp":"2026-01-13T08:42:06.343Z"}
{"level":"info","message":"::1 - - [13/Jan/2026:08:42:06 +0000] \"GET /api HTTP/1.1\" 200 41 \"-\" \"curl/8.7.1\"","service":"acquisitions-api","timestamp":"2026-01-13T08:42:06.353Z"}
{"level":"info","message":"::1 - - [13/Jan/2026:08:42:06 +0000] \"GET /api HTTP/1.1\" 200 41 \"-\" \"curl/8.7.1\"","service":"acquisitions-api","timestamp":"2026-01-13T08:42:06.363Z"}
{"level":"info","message":"::1 - - [13/Jan/2026:08:42:06 +0000] \"GET /api HTTP/1.1\" 200 41 \"-\" \"curl/8.7.1\"","service":"acquisitions-api","timestamp":"2026-01-13T08:42:06.373Z"}
{"level":"info","message":"::1 - - [13/Jan/2026:08:42:06 +0000] \"GET /api HTTP/1.1\" 200 41 \"-\" \"curl/8.7.1\"","service":"acquisitions-api","timestamp":"2026-01-13T08:42:06.383Z"}
{"level":"info","message":"::1 - - [13/Jan/2026:08:42:06 +0000] \"GET /api HTTP/1.1\" 200 41 \"-\" \"curl/8.7.1\"","service":"acquisitions-api","timestamp":"2026-01-13T08:42:06.393Z"}
{"level":"info","message":"::1 - - [13/Jan/2026:08:42:06 +0000] \"GET /api HTTP/1.1\" 200 41 \"-\" \"curl/8.7.1\"","service":"acquisitions-api","timestamp":"2026-01-13T08:42:06.405Z"}
{"level":"info","message":"::1 - - [13/Jan/2026:08:42:06 +0000] \"GET /api HTTP/1.1\" 200 41 \"-\" \"curl/8.7.1\"","service":"acquisitions-api","timestamp":"2026-01-13T08:42:06.415Z"}
{"level":"info","message":"::1 - - [13/Jan/2026:08:42:06 +0000] \"GET /api HTTP/1.1\" 200 41 \"-\" \"curl/8.7.1\"","service":"acquisitions-api","timestamp":"2026-01-13T08:42:06.425Z"}
{"level":"info","message":"::1 - - [13/Jan/2026:08:42:06 +0000] \"GET /api HTTP/1.1\" 200 41 \"-\" \"curl/8.7.1\"","service":"acquisitions-api","timestamp":"2026-01-13T08:42:06.435Z"}
{"level":"info","message":"::1 - - [13/Jan/2026:08:42:06 +0000] \"GET /api HTTP/1.1\" 200 41 \"-\" \"curl/8.7.1\"","service":"acquisitions-api","timestamp":"2026-01-13T08:42:06.444Z"}
{"level":"info","message":"::1 - - [13/Jan/2026:08:42:06 +0000] \"GET /api HTTP/1.1\" 200 41 \"-\" \"curl/8.7.1\"","service":"acquisitions-api","timestamp":"2026-01-13T08:42:06.455Z"}
{"level":"info","message":"::1 - - [13/Jan/2026:08:42:06 +0000] \"GET /api HTTP/1.1\" 200 41 \"-\" \"curl/8.7.1\"","service":"acquisitions-api","timestamp":"2026-01-13T08:42:06.466Z"}
{"level":"info","message":"::1 - - [13/Jan/2026:08:42:06 +0000] \"GET /api HTTP/1.1\" 200 41 \"-\" \"curl/8.7.1\"","service":"acquisitions-api","timestamp":"2026-01-13T08:42:06.475Z"}
{"level":"info","message":"::1 - - [13/Jan/2026:08:42:06 +0000] \"GET /api HTTP/1.1\" 200 41 \"-\" \"curl/8.7.1\"","service":"acquisitions-api","timestamp":"2026-01-13T08:42:06.485Z"}
{"level":"info","message":"::1 - - [13/Jan/2026:08:42:06 +0000] \"GET /api HTTP/1.1\" 200 41 \"-\" \"curl/8.7.1\"","service":"acquisitions-api","timestamp":"2026-01-13T08:42:06.496Z"}
{"level":"info","message":"::1 - - [13/Jan/2026:08:42:06 +0000] \"GET /api HTTP/1.1\" 200 41 \"-\" \"curl/8.7.1\"","service":"acquisitions-api","timestamp":"2026-01-13T08:42:06.506Z"}
{"level":"info","message":"::1 - - [13/Jan/2026:08:42:06 +0000] \"GET /api HTTP/1.1\" 200 41 \"-\" \"curl/8.7.1\"","service":"acquisitions-api","timestamp":"2026-01-13T08:42:06.516Z"}
{"level":"info","message":"::1 - - [13/Jan/2026:08:42:06 +0000] \"GET /api HTTP/1.1\" 200 41 \"-\" \"curl/8.7.1\"","service":"acquisitions-api","timestamp":"2026-01-13T08:42:06.526Z"}
{"level":"info","message":"::1 - - [13/Jan/2026:08:42:06 +0000] \"GET /api HTTP/1.1\" 200 41 \"-\" \"curl/8.7.1\"","service":"acquisitions-api","timestamp":"2026-01-13T08:42:06.535Z"}
{"level":"info","message":"::1 - - [13/Jan/2026:08:42:06 +0000] \"GET /api HTTP/1.1\" 200 41 \"-\" \"curl/8.7.1\"","service":"acquisitions-api","timestamp":"2026-01-13T08:42:06.547Z"}
{"level":"info","message":"::1 - - [13/Jan/2026:08:42:06 +0000] \"GET /api HTTP/1.1\" 200 41 \"-\" \"curl/8.7.1\"","service":"acquisitions-api","timestamp":"2026-01-13T08:42:06.556Z"}
{"level":"info","message":"::1 - - [13/Jan/2026:08:42:06 +0000] \"GET /api HTTP/1.1\" 200 41 \"-\" \"curl/8.7.1\"","service":"acquisitions-api","timestamp":"2026-01-13T08:42:06.566Z"}
{"level":"info","message":"::1 - - [13/Jan/2026:08:42:06 +0000] \"GET /api HTTP/1.1\" 200 41 \"-\" \"curl/8.7.1\"","service":"acquisitions-api","timestamp":"2026-01-13T08:42:06.577Z"}
{"level":"info","message":"::1 - - [13/Jan/2026:08:42:06 +0000] \"GET /api HTTP/1.1\" 200 41 \"-\" \"curl/8.7.1\"","service":"acquisitions-api","timestamp":"2026-01-13T08:42:06.587Z"}
{"level":"info","message":"::1 - - [13/Jan/2026:08:42:06 +0000] \"GET /api HTTP/1.1\" 200 41 \"-\" \"curl/8.7.1\"","service":"acquisitions-api","timestamp":"2026-01-13T08:42:06.597Z"}
{"level":"info","message":"::1 - - [13/Jan/2026:08:42:06 +0000] \"GET /api HTTP/1.1\" 200 41 \"-\" \"curl/8.7.1\"","service":"acquisitions-api","timestamp":"2026-01-13T08:42:06.608Z"}
{"level":"info","message":"::1 - - [13/Jan/2026:08:42:06 +0000] \"GET /api HTTP/1.1\" 200 41 \"-\" \"curl/8.7.1\"","service":"acquisitions-api","timestamp":"2026-01-13T08:42:06.618Z"}
{"level":"info","message":"::1 - - [13/Jan/2026:08:42:06 +0000] \"GET /api HTTP/1.1\" 200 41 \"-\" \"curl/8.7.1\"","service":"acquisitions-api","timestamp":"2026-01-13T08:42:06.628Z"}
{"level":"info","message":"::1 - - [13/Jan/2026:08:42:06 +0000] \"GET /api HTTP/1.1\" 200 41 \"-\" \"curl/8.7.1\"","service":"acquisitions-api","timestamp":"2026-01-13T08:42:06.638Z"}
{"level":"info","message":"::1 - - [13/Jan/2026:08:42:06 +0000] \"GET /api HTTP/1.1\" 200 41 \"-\" \"curl/8.7.1\"","service":"acquisitions-api","timestamp":"2026-01-13T08:42:06.648Z"}
{"level":"info","message":"::1 - - [13/Jan/2026:08:42:06 +0000] \"GET /api HTTP/1.1\" 200 41 \"-\" \"curl/8.7.1\"","service":"acquisitions-api","timestamp":"2026-01-13T08:42:06.659Z"}
{"level":"info","message":"::1 - - [13/Jan/2026:08:42:06 +0000] \"GET /api HTTP/1.1\" 200 41 \"-\" \"curl/8.7.1\"","service":"acquisitions-api","timestamp":"2026-01-13T08:42:06.669Z"}
{"level":"info","message":"::1 - - [13/Jan/2026:08:42:06 +0000] \"GET /api HTTP/1.1\" 200 41 \"-\" \"curl/8.7.1\"","service":"acquisitions-api","timestamp":"2026-01-13T08:42:06.679Z"}
{"level":"info","message":"::1 - - [13/Jan/2026:08:42:06 +0000] \"GET /api HTTP/1.1\" 200 41 \"-\" \"curl/8.7.1\"","service":"acquisitions-api","timestamp":"2026-01-13T08:42:06.689Z"}
{"level":"info","message":"::1 - - [13/Jan/2026:08:42:06 +0000] \"GET /api HTTP/1.1\" 200 41 \"-\" \"curl/8.7.1\"","service":"acquisitions-api","timestamp":"2026-01-13T08:42:06.699Z"}
{"level":"info","message":"::1 - - [13/Jan/2026:08:42:06 +0000] \"GET /api HTTP/1.1\" 200 41 \"-\" \"curl/8.7.1\"","service":"acquisitions-api","timestamp":"2026-01-13T08:42:06.710Z"}
{"level":"info","message":"::1 - - [13/Jan/2026:08:42:06 +0000] \"GET /api HTTP/1.1\" 200 41 \"-\" \"curl/8.7.1\"","service":"acquisitions-api","timestamp":"2026-01-13T08:42:06.720Z"}
{"level":"info","message":"::1 - - [13/Jan/2026:08:42:06 +0000] \"GET /api HTTP/1.1\" 200 41 \"-\" \"curl/8.7.1\"","service":"acquisitions-api","timestamp":"2026-01-13T08:42:06.729Z"}
{"level":"info","message":"::1 - - [13/Jan/2026:08:42:06 +0000] \"GET /api HTTP/1.1\" 200 41 \"-\" \"curl/8.7.1\"","service":"acquisitions-api","timestamp":"2026-01-13T08:42:06.740Z"}
{"level":"info","message":"::1 - - [13/Jan/2026:08:42:06 +0000] \"GET /api HTTP/1.1\" 200 41 \"-\" \"curl/8.7.1\"","service":"acquisitions-api","timestamp":"2026-01-13T08:42:06.749Z"}
{"level":"info","message":"::1 - - [13/Jan/2026:08:42:06 +0000] \"GET /api HTTP/1.1\" 200 41 \"-\" \"curl/8.7.1\"","service":"acquisitions-api","timestamp":"2026-01-13T08:42:06.759Z"}
{"level":"info","message":"::1 - - [13/Jan/2026:08:42:06 +0000] \"GET /api HTTP/1.1\" 200 41 \"-\" \"curl/8.7.1\"","service":"acquisitions-api","timestamp":"2026-01-13T08:42:06.770Z"}
{"level":"info","message":"::1 - - [13/Jan/2026:08:42:06 +0000] \"GET /api HTTP/1.1\" 200 41 \"-\" \"curl/8.7.1\"","service":"acquisitions-api","timestamp":"2026-01-13T08:42:06.780Z"}
{"level":"info","message":"::1 - - [13/Jan/2026:08:42:06 +0000] \"GET /api HTTP/1.1\" 200 41 \"-\" \"curl/8.7.1\"","service":"acquisitions-api","timestamp":"2026-01-13T08:42:06.790Z"}
{"level":"info","message":"::1 - - [13/Jan/2026:08:42:06 +0000] \"GET /api HTTP/1.1\" 200 41 \"-\" \"curl/8.7.1\"","service":"acquisitions-api","timestamp":"2026-01-13T08:42:06.799Z"}
{"level":"info","message":"::1 - - [13/Jan/2026:08:42:06 +0000] \"GET /api HTTP/1.1\" 200 41 \"-\" \"curl/8.7.1\"","service":"acquisitions-api","timestamp":"2026-01-13T08:42:06.816Z"}
{"level":"info","message":"::1 - - [13/Jan/2026:08:42:06 +0000] \"GET /api HTTP/1.1\" 200 41 \"-\" \"curl/8.7.1\"","service":"acquisitions-api","timestamp":"2026-01-13T08:42:06.827Z"}
{"level":"info","message":"::1 - - [13/Jan/2026:08:42:06 +0000] \"GET /api HTTP/1.1\" 200 41 \"-\" \"curl/8.7.1\"","service":"acquisitions-api","timestamp":"2026-01-13T08:42:06.837Z"}
{"level":"info","message":"::1 - - [13/Jan/2026:08:42:06 +0000] \"GET /api HTTP/1.1\" 200 41 \"-\" \"curl/8.7.1\"","service":"acquisitions-api","timestamp":"2026-01-13T08:42:06.847Z"}
{"level":"info","message":"::1 - - [13/Jan/2026:08:42:06 +0000] \"GET /api HTTP/1.1\" 200 41 \"-\" \"curl/8.7.1\"","service":"acquisitions-api","timestamp":"2026-01-13T08:42:06.858Z"}
{"level":"info","message":"::1 - - [13/Jan/2026:08:42:06 +0000] \"GET /api HTTP/1.1\" 200 41 \"-\" \"curl/8.7.1\"","service":"acquisitions-api","timestamp":"2026-01-13T08:42:06.869Z"}
{"level":"info","message":"::1 - - [13/Jan/2026:08:42:06 +0000] \"GET /api HTTP/1.1\" 200 41 \"-\" \"curl/8.7.1\"","service":"acquisitions-api","timestamp":"2026-01-13T08:42:06.879Z"}
{"level":"info","message":"::1 - - [13/Jan/2026:08:42:06 +0000] \"GET /api HTTP/1.1\" 200 41 \"-\" \"curl/8.7.1\"","service":"acquisitions-api","timestamp":"2026-01-13T08:42:06.889Z"}
{"level":"info","message":"::1 - - [13/Jan/2026:08:42:06 +0000] \"GET /api HTTP/1.1\" 200 41 \"-\" \"curl/8.7.1\"","service":"acquisitions-api","timestamp":"2026-01-13T08:42:06.900Z"}
{"level":"info","message":"::1 - - [13/Jan/2026:08:42:06 +0000] \"GET /api HTTP/1.1\" 200 41 \"-\" \"curl/8.7.1\"","service":"acquisitions-api","timestamp":"2026-01-13T08:42:06.910Z"}
{"level":"info","message":"::1 - - [13/Jan/2026:08:42:06 +0000] \"GET /api HTTP/1.1\" 200 41 \"-\" \"curl/8.7.1\"","service":"acquisitions-api","timestamp":"2026-01-13T08:42:06.919Z"}
{"level":"info","message":"::1 - - [13/Jan/2026:08:42:06 +0000] \"GET /api HTTP/1.1\" 200 41 \"-\" \"curl/8.7.1\"","service":"acquisitions-api","timestamp":"2026-01-13T08:42:06.929Z"}
{"level":"info","message":"::1 - - [13/Jan/2026:08:42:06 +0000] \"GET /api HTTP/1.1\" 200 41 \"-\" \"curl/8.7.1\"","service":"acquisitions-api","timestamp":"2026-01-13T08:42:06.940Z"}
{"level":"info","message":"::1 - - [13/Jan/2026:08:42:06 +0000] \"GET /api HTTP/1.1\" 200 41 \"-\" \"curl/8.7.1\"","service":"acquisitions-api","timestamp":"2026-01-13T08:42:06.951Z"}
{"level":"info","message":"::1 - - [13/Jan/2026:08:42:06 +0000] \"GET /api HTTP/1.1\" 200 41 \"-\" \"curl/8.7.1\"","service":"acquisitions-api","timestamp":"2026-01-13T08:42:06.961Z"}
{"level":"info","message":"::1 - - [13/Jan/2026:08:42:06 +0000] \"GET /api HTTP/1.1\" 200 41 \"-\" \"curl/8.7.1\"","service":"acquisitions-api","timestamp":"2026-01-13T08:42:06.971Z"}
{"level":"info","message":"::1 - - [13/Jan/2026:08:42:06 +0000] \"GET /api HTTP/1.1\" 200 41 \"-\" \"curl/8.7.1\"","service":"acquisitions-api","timestamp":"2026-01-13T08:42:06.982Z"}
{"level":"info","message":"::1 - - [13/Jan/2026:08:42:06 +0000] \"GET /api HTTP/1.1\" 200 41 \"-\" \"curl/8.7.1\"","service":"acquisitions-api","timestamp":"2026-01-13T08:42:06.992Z"}
{"level":"info","message":"::1 - - [13/Jan/2026:08:42:07 +0000] \"GET /api HTTP/1.1\" 200 41 \"-\" \"curl/8.7.1\"","service":"acquisitions-api","timestamp":"2026-01-13T08:42:07.002Z"}
{"level":"info","message":"::1 - - [13/Jan/2026:08:42:07 +0000] \"GET /api HTTP/1.1\" 200 41 \"-\" \"curl/8.7.1\"","service":"acquisitions-api","timestamp":"2026-01-13T08:42:07.012Z"}
{"level":"info","message":"::1 - - [13/Jan/2026:08:42:07 +0000] \"GET /api HTTP/1.1\" 200 41 \"-\" \"curl/8.7.1\"","service":"acquisitions-api","timestamp":"2026-01-13T08:42:07.022Z"}
{"level":"info","message":"::1 - - [13/Jan/2026:08:42:07 +0000] \"GET /api HTTP/1.1\" 200 41 \"-\" \"curl/8.7.1\"","service":"acquisitions-api","timestamp":"2026-01-13T08:42:07.033Z"}
{"level":"info","message":"::1 - - [13/Jan/2026:08:42:07 +0000] \"GET /api HTTP/1.1\" 200 41 \"-\" \"curl/8.7.1\"","service":"acquisitions-api","timestamp":"2026-01-13T08:42:07.043Z"}
{"level":"info","message":"::1 - - [13/Jan/2026:08:42:07 +0000] \"GET /api HTTP/1.1\" 200 41 \"-\" \"curl/8.7.1\"","service":"acquisitions-api","timestamp":"2026-01-13T08:42:07.053Z"}
{"level":"info","message":"::1 - - [13/Jan/2026:08:42:07 +0000] \"GET /api HTTP/1.1\" 200 41 \"-\" \"curl/8.7.1\"","service":"acquisitions-api","timestamp":"2026-01-13T08:42:07.063Z"}
{"level":"info","message":"::1 - - [13/Jan/2026:08:42:07 +0000] \"GET /api HTTP/1.1\" 200 41 \"-\" \"curl/8.7.1\"","service":"acquisitions-api","timestamp":"2026-01-13T08:42:07.073Z"}
{"level":"info","message":"::1 - - [13/Jan/2026:08:42:07 +0000] \"GET /api HTTP/1.1\" 200 41 \"-\" \"curl/8.7.1\"","service":"acquisitions-api","timestamp":"2026-01-13T08:42:07.083Z"}
{"level":"info","message":"::1 - - [13/Jan/2026:08:42:07 +0000] \"GET /api HTTP/1.1\" 200 41 \"-\" \"curl/8.7.1\"","service":"acquisitions-api","timestamp":"2026-01-13T08:42:07.092Z"}
{"level":"info","message":"::1 - - [13/Jan/2026:08:42:07 +0000] \"GET /api HTTP/1.1\" 200 41 \"-\" \"curl/8.7.1\"","service":"acquisitions-api","timestamp":"2026-01-13T08:42:07.102Z"}
{"level":"info","message":"::1 - - [13/Jan/2026:08:42:07 +0000] \"GET /api HTTP/1.1\" 200 41 \"-\" \"curl/8.7.1\"","service":"acquisitions-api","timestamp":"2026-01-13T08:42:07.112Z"}
{"level":"info","message":"::1 - - [13/Jan/2026:08:42:07 +0000] \"GET /api HTTP/1.1\" 200 41 \"-\" \"curl/8.7.1\"","service":"acquisitions-api","timestamp":"2026-01-13T08:42:07.122Z"}
{"level":"info","message":"::1 - - [13/Jan/2026:08:42:07 +0000] \"GET /api HTTP/1.1\" 200 41 \"-\" \"curl/8.7.1\"","service":"acquisitions-api","timestamp":"2026-01-13T08:42:07.131Z"}
{"level":"info","message":"::1 - - [13/Jan/2026:08:42:07 +0000] \"GET /api HTTP/1.1\" 200 41 \"-\" \"curl/8.7.1\"","service":"acquisitions-api","timestamp":"2026-01-13T08:42:07.141Z"}
{"level":"info","message":"::1 - - [13/Jan/2026:08:42:07 +0000] \"GET /api HTTP/1.1\" 200 41 \"-\" \"curl/8.7.1\"","service":"acquisitions-api","timestamp":"2026-01-13T08:42:07.153Z"}
{"level":"info","message":"::1 - - [13/Jan/2026:08:42:07 +0000] \"GET /api HTTP/1.1\" 200 41 \"-\" \"curl/8.7.1\"","service":"acquisitions-api","timestamp":"2026-01-13T08:42:07.162Z"}
{"level":"info","message":"::1 - - [13/Jan/2026:08:42:07 +0000] \"GET /api HTTP/1.1\" 200 41 \"-\" \"curl/8.7.1\"","service":"acquisitions-api","timestamp":"2026-01-13T08:42:07.172Z"}
{"level":"info","message":"::1 - - [13/Jan/2026:08:42:07 +0000] \"GET /api HTTP/1.1\" 200 41 \"-\" \"curl/8.7.1\"","service":"acquisitions-api","timestamp":"2026-01-13T08:42:07.182Z"}
{"level":"info","message":"::1 - - [13/Jan/2026:08:42:07 +0000] \"GET /api HTTP/1.1\" 200 41 \"-\" \"curl/8.7.1\"","service":"acquisitions-api","timestamp":"2026-01-13T08:42:07.192Z"}
{"level":"info","message":"::1 - - [13/Jan/2026:08:42:07 +0000] \"GET /api HTTP/1.1\" 200 41 \"-\" \"curl/8.7.1\"","service":"acquisitions-api","timestamp":"2026-01-13T08:42:07.202Z"}
{"level":"info","message":"::1 - - [13/Jan/2026:08:42:07 +0000] \"GET /api HTTP/1.1\" 200 41 \"-\" \"curl/8.7.1\"","service":"acquisitions-api","timestamp":"2026-01-13T08:42:07.213Z"}
{"level":"info","message":"::1 - - [13/Jan/2026:08:42:07 +0000] \"GET /api HTTP/1.1\" 200 41 \"-\" \"curl/8.7.1\"","service":"acquisitions-api","timestamp":"2026-01-13T08:42:07.223Z"}
{"level":"info","message":"::1 - - [13/Jan/2026:08:42:07 +0000] \"GET /api HTTP/1.1\" 200 41 \"-\" \"curl/8.7.1\"","service":"acquisitions-api","timestamp":"2026-01-13T08:42:07.233Z"}
{"level":"info","message":"::1 - - [13/Jan/2026:08:42:07 +0000] \"GET /api HTTP/1.1\" 200 41 \"-\" \"curl/8.7.1\"","service":"acquisitions-api","timestamp":"2026-01-13T08:42:07.243Z"}
{"level":"info","message":"::1 - - [13/Jan/2026:08:42:07 +0000] \"GET /api HTTP/1.1\" 200 41 \"-\" \"curl/8.7.1\"","service":"acquisitions-api","timestamp":"2026-01-13T08:42:07.253Z"}
{"level":"info","message":"::1 - - [13/Jan/2026:08:42:07 +0000] \"GET /api HTTP/1.1\" 200 41 \"-\" \"curl/8.7.1\"","service":"acquisitions-api","timestamp":"2026-01-13T08:42:07.262Z"}
{"level":"info","message":"::1 - - [13/Jan/2026:08:42:07 +0000] \"GET /api HTTP/1.1\" 200 41 \"-\" \"curl/8.7.1\"","service":"acquisitions-api","timestamp":"2026-01-13T08:42:07.273Z"}
{"level":"info","message":"::1 - - [13/Jan/2026:08:42:07 +0000] \"GET /api HTTP/1.1\" 200 41 \"-\" \"curl/8.7.1\"","service":"acquisitions-api","timestamp":"2026-01-13T08:42:07.282Z"}
{"level":"info","message":"::1 - - [13/Jan/2026:08:42:07 +0000] \"GET /api HTTP/1.1\" 200 41 \"-\" \"curl/8.7.1\"","service":"acquisitions-api","timestamp":"2026-01-13T08:42:07.293Z"}
{"level":"info","message":"::1 - - [13/Jan/2026:08:42:07 +0000] \"GET /api HTTP/1.1\" 200 41 \"-\" \"curl/8.7.1\"","service":"acquisitions-api","timestamp":"2026-01-13T08:42:07.302Z"}
{"level":"info","message":"::1 - - [13/Jan/2026:08:42:07 +0000] \"GET /api HTTP/1.1\" 200 41 \"-\" \"curl/8.7.1\"","service":"acquisitions-api","timestamp":"2026-01-13T08:42:07.312Z"}
{"level":"info","message":"::1 - - [13/Jan/2026:08:42:07 +0000] \"GET /api HTTP/1.1\" 200 41 \"-\" \"curl/8.7.1\"","service":"acquisitions-api","timestamp":"2026-01-13T08:42:07.323Z"}
{"level":"info","message":"::1 - - [13/Jan/2026:08:42:07 +0000] \"GET /api HTTP/1.1\" 200 41 \"-\" \"curl/8.7.1\"","service":"acquisitions-api","timestamp":"2026-01-13T08:42:07.332Z"}
{"level":"info","message":"::1 - - [13/Jan/2026:08:42:07 +0000] \"GET /api HTTP/1.1\" 200 41 \"-\" \"curl/8.7.1\"","service":"acquisitions-api","timestamp":"2026-01-13T08:42:07.342Z"}
{"level":"info","message":"::1 - - [13/Jan/2026:08:42:07 +0000] \"GET /api HTTP/1.1\" 200 41 \"-\" \"curl/8.7.1\"","service":"acquisitions-api","timestamp":"2026-01-13T08:42:07.352Z"}
{"level":"info","message":"::1 - - [13/Jan/2026:08:42:07 +0000] \"GET /api HTTP/1.1\" 200 41 \"-\" \"curl/8.7.1\"","service":"acquisitions-api","timestamp":"2026-01-13T08:42:07.361Z"}
{"level":"info","message":"::1 - - [13/Jan/2026:08:42:07 +0000] \"GET /api HTTP/1.1\" 200 41 \"-\" \"curl/8.7.1\"","service":"acquisitions-api","timestamp":"2026-01-13T08:42:07.372Z"}
{"level":"info","message":"::1 - - [13/Jan/2026:08:42:07 +0000] \"GET /api HTTP/1.1\" 200 41 \"-\" \"curl/8.7.1\"","service":"acquisitions-api","timestamp":"2026-01-13T08:42:07.381Z"}
{"level":"info","message":"::1 - - [13/Jan/2026:08:42:07 +0000] \"GET /api HTTP/1.1\" 200 41 \"-\" \"curl/8.7.1\"","service":"acquisitions-api","timestamp":"2026-01-13T08:42:07.391Z"}
{"level":"info","message":"::1 - - [13/Jan/2026:08:42:07 +0000] \"GET /api HTTP/1.1\" 200 41 \"-\" \"curl/8.7.1\"","service":"acquisitions-api","timestamp":"2026-01-13T08:42:07.401Z"}
{"level":"info","message":"::1 - - [13/Jan/2026:08:42:07 +0000] \"GET /api HTTP/1.1\" 200 41 \"-\" \"curl/8.7.1\"","service":"acquisitions-api","timestamp":"2026-01-13T08:42:07.411Z"}
{"level":"info","message":"::1 - - [13/Jan/2026:08:42:07 +0000] \"GET /api HTTP/1.1\" 200 41 \"-\" \"curl/8.7.1\"","service":"acquisitions-api","timestamp":"2026-01-13T08:42:07.420Z"}
{"level":"info","message":"::1 - - [13/Jan/2026:08:42:07 +0000] \"GET /api HTTP/1.1\" 200 41 \"-\" \"curl/8.7.1\"","service":"acquisitions-api","timestamp":"2026-01-13T08:42:07.430Z"}
{"level":"info","message":"::1 - - [13/Jan/2026:08:42:07 +0000] \"GET /api HTTP/1.1\" 200 41 \"-\" \"curl/8.7.1\"","service":"acquisitions-api","timestamp":"2026-01-13T08:42:07.441Z"}
{"level":"info","message":"::1 - - [13/Jan/2026:08:42:07 +0000] \"GET /api HTTP/1.1\" 200 41 \"-\" \"curl/8.7.1\"","service":"acquisitions-api","timestamp":"2026-01-13T08:42:07.450Z"}
{"level":"info","message":"::1 - - [13/Jan/2026:08:42:07 +0000] \"GET /api HTTP/1.1\" 200 41 \"-\" \"curl/8.7.1\"","service":"acquisitions-api","timestamp":"2026-01-13T08:42:07.468Z"}
{"level":"info","message":"::1 - - [13/Jan/2026:08:42:07 +0000] \"GET /api HTTP/1.1\" 200 41 \"-\" \"curl/8.7.1\"","service":"acquisitions-api","timestamp":"2026-01-13T08:42:07.486Z"}
{"level":"info","message":"::1 - - [13/Jan/2026:08:42:07 +0000] \"GET /api HTTP/1.1\" 200 41 \"-\" \"curl/8.7.1\"","service":"acquisitions-api","timestamp":"2026-01-13T08:42:07.498Z"}
{"level":"info","message":"::1 - - [13/Jan/2026:08:42:07 +0000] \"GET /api HTTP/1.1\" 200 41 \"-\" \"curl/8.7.1\"","service":"acquisitions-api","timestamp":"2026-01-13T08:42:07.507Z"}
{"level":"info","message":"::1 - - [13/Jan/2026:08:42:07 +0000] \"GET /api HTTP/1.1\" 200 41 \"-\" \"curl/8.7.1\"","service":"acquisitions-api","timestamp":"2026-01-13T08:42:07.518Z"}
{"level":"info","message":"::1 - - [13/Jan/2026:08:42:07 +0000] \"GET /api HTTP/1.1\" 200 41 \"-\" \"curl/8.7.1\"","service":"acquisitions-api","timestamp":"2026-01-13T08:42:07.527Z"}
{"level":"info","message":"::1 - - [13/Jan/2026:08:42:07 +0000] \"GET /api HTTP/1.1\" 200 41 \"-\" \"curl/8.7.1\"","service":"acquisitions-api","timestamp":"2026-01-13T08:42:07.537Z"}
{"level":"info","message":"::1 - - [13/Jan/2026:08:42:07 +0000] \"GET /api HTTP/1.1\" 200 41 \"-\" \"curl/8.7.1\"","service":"acquisitions-api","timestamp":"2026-01-13T08:42:07.548Z"}
{"level":"info","message":"::1 - - [13/Jan/2026:08:42:07 +0000] \"GET /api HTTP/1.1\" 200 41 \"-\" \"curl/8.7.1\"","service":"acquisitions-api","timestamp":"2026-01-13T08:42:07.558Z"}
{"level":"info","message":"::1 - - [13/Jan/2026:08:42:07 +0000] \"GET /api HTTP/1.1\" 200 41 \"-\" \"curl/8.7.1\"","service":"acquisitions-api","timestamp":"2026-01-13T08:42:07.567Z"}
{"level":"info","message":"::1 - - [13/Jan/2026:08:42:07 +0000] \"GET /api HTTP/1.1\" 200 41 \"-\" \"curl/8.7.1\"","service":"acquisitions-api","timestamp":"2026-01-13T08:42:07.576Z"}
{"level":"info","message":"::1 - - [13/Jan/2026:08:42:07 +0000] \"GET /api HTTP/1.1\" 200 41 \"-\" \"curl/8.7.1\"","service":"acquisitions-api","timestamp":"2026-01-13T08:42:07.585Z"}
{"level":"info","message":"::1 - - [13/Jan/2026:08:42:07 +0000] \"GET /api HTTP/1.1\" 200 41 \"-\" \"curl/8.7.1\"","service":"acquisitions-api","timestamp":"2026-01-13T08:42:07.596Z"}
{"level":"info","message":"::1 - - [13/Jan/2026:08:42:07 +0000] \"GET /api HTTP/1.1\" 200 41 \"-\" \"curl/8.7.1\"","service":"acquisitions-api","timestamp":"2026-01-13T08:42:07.607Z"}
{"level":"info","message":"::1 - - [13/Jan/2026:08:42:07 +0000] \"GET /api HTTP/1.1\" 200 41 \"-\" \"curl/8.7.1\"","service":"acquisitions-api","timestamp":"2026-01-13T08:42:07.617Z"}
{"level":"info","message":"::1 - - [13/Jan/2026:08:42:07 +0000] \"GET /api HTTP/1.1\" 200 41 \"-\" \"curl/8.7.1\"","service":"acquisitions-api","timestamp":"2026-01-13T08:42:07.627Z"}
{"level":"info","message":"::1 - - [13/Jan/2026:08:42:07 +0000] \"GET /api HTTP/1.1\" 200 41 \"-\" \"curl/8.7.1\"","service":"acquisitions-api","timestamp":"2026-01-13T08:42:07.638Z"}
{"level":"info","message":"::1 - - [13/Jan/2026:08:42:07 +0000] \"GET /api HTTP/1.1\" 200 41 \"-\" \"curl/8.7.1\"","service":"acquisitions-api","timestamp":"2026-01-13T08:42:07.647Z"}
{"level":"info","message":"::1 - - [13/Jan/2026:08:42:07 +0000] \"GET /api HTTP/1.1\" 200 41 \"-\" \"curl/8.7.1\"","service":"acquisitions-api","timestamp":"2026-01-13T08:42:07.658Z"}
{"level":"info","message":"::1 - - [13/Jan/2026:08:42:07 +0000] \"GET /api HTTP/1.1\" 200 41 \"-\" \"curl/8.7.1\"","service":"acquisitions-api","timestamp":"2026-01-13T08:42:07.668Z"}
{"level":"info","message":"::1 - - [13/Jan/2026:08:42:07 +0000] \"GET /api HTTP/1.1\" 200 41 \"-\" \"curl/8.7.1\"","service":"acquisitions-api","timestamp":"2026-01-13T08:42:07.679Z"}
{"level":"info","message":"::1 - - [13/Jan/2026:08:42:07 +0000] \"GET /api HTTP/1.1\" 200 41 \"-\" \"curl/8.7.1\"","service":"acquisitions-api","timestamp":"2026-01-13T08:42:07.689Z"}
{"level":"info","message":"::1 - - [13/Jan/2026:08:42:07 +0000] \"GET /api HTTP/1.1\" 200 41 \"-\" \"curl/8.7.1\"","service":"acquisitions-api","timestamp":"2026-01-13T08:42:07.700Z"}
{"level":"info","message":"::1 - - [13/Jan/2026:08:42:07 +0000] \"GET /api HTTP/1.1\" 200 41 \"-\" \"curl/8.7.1\"","service":"acquisitions-api","timestamp":"2026-01-13T08:42:07.710Z"}
{"level":"info","message":"::1 - - [13/Jan/2026:08:42:07 +0000] \"GET /api HTTP/1.1\" 200 41 \"-\" \"curl/8.7.1\"","service":"acquisitions-api","timestamp":"2026-01-13T08:42:07.720Z"}
{"level":"info","message":"::1 - - [13/Jan/2026:08:42:07 +0000] \"GET /api HTTP/1.1\" 200 41 \"-\" \"curl/8.7.1\"","service":"acquisitions-api","timestamp":"2026-01-13T08:42:07.730Z"}
{"level":"info","message":"::1 - - [13/Jan/2026:08:42:07 +0000] \"GET /api HTTP/1.1\" 200 41 \"-\" \"curl/8.7.1\"","service":"acquisitions-api","timestamp":"2026-01-13T08:42:07.741Z"}
{"level":"info","message":"::1 - - [13/Jan/2026:08:42:07 +0000] \"GET /api HTTP/1.1\" 200 41 \"-\" \"curl/8.7.1\"","service":"acquisitions-api","timestamp":"2026-01-13T08:42:07.751Z"}
{"level":"info","message":"::1 - - [13/Jan/2026:08:42:07 +0000] \"GET /api HTTP/1.1\" 200 41 \"-\" \"curl/8.7.1\"","service":"acquisitions-api","timestamp":"2026-01-13T08:42:07.760Z"}
{"level":"info","message":"::1 - - [13/Jan/2026:08:42:07 +0000] \"GET /api HTTP/1.1\" 200 41 \"-\" \"curl/8.7.1\"","service":"acquisitions-api","timestamp":"2026-01-13T08:42:07.770Z"}
{"level":"info","message":"::1 - - [13/Jan/2026:08:42:07 +0000] \"GET /api HTTP/1.1\" 200 41 \"-\" \"curl/8.7.1\"","service":"acquisitions-api","timestamp":"2026-01-13T08:42:07.781Z"}
{"level":"info","message":"::1 - - [13/Jan/2026:08:42:07 +0000] \"GET /api HTTP/1.1\" 200 41 \"-\" \"curl/8.7.1\"","service":"acquisitions-api","timestamp":"2026-01-13T08:42:07.790Z"}
{"level":"info","message":"::1 - - [13/Jan/2026:08:42:07 +0000] \"GET /api HTTP/1.1\" 200 41 \"-\" \"curl/8.7.1\"","service":"acquisitions-api","timestamp":"2026-01-13T08:42:07.800Z"}
{"level":"info","message":"::1 - - [13/Jan/2026:08:42:07 +0000] \"GET /api HTTP/1.1\" 200 41 \"-\" \"curl/8.7.1\"","service":"acquisitions-api","timestamp":"2026-01-13T08:42:07.810Z"}
{"level":"info","message":"::1 - - [13/Jan/2026:08:42:07 +0000] \"GET /api HTTP/1.1\" 200 41 \"-\" \"curl/8.7.1\"","service":"acquisitions-api","timestamp":"2026-01-13T08:42:07.820Z"}
{"level":"info","message":"::1 - - [13/Jan/2026:08:42:07 +0000] \"GET /api HTTP/1.1\" 200 41 \"-\" \"curl/8.7.1\"","service":"acquisitions-api","timestamp":"2026-01-13T08:42:07.830Z"}
{"level":"info","message":"::1 - - [13/Jan/2026:08:42:07 +0000] \"GET /api HTTP/1.1\" 200 41 \"-\" \"curl/8.7.1\"","service":"acquisitions-api","timestamp":"2026-01-13T08:42:07.841Z"}
{"level":"info","message":"::1 - - [13/Jan/2026:08:42:07 +0000] \"GET /api HTTP/1.1\" 200 41 \"-\" \"curl/8.7.1\"","service":"acquisitions-api","timestamp":"2026-01-13T08:42:07.851Z"}
{"level":"info","message":"::1 - - [13/Jan/2026:08:42:07 +0000] \"GET /api HTTP/1.1\" 200 41 \"-\" \"curl/8.7.1\"","service":"acquisitions-api","timestamp":"2026-01-13T08:42:07.861Z"}
{"level":"info","message":"::1 - - [13/Jan/2026:08:42:07 +0000] \"GET /api HTTP/1.1\" 200 41 \"-\" \"curl/8.7.1\"","service":"acquisitions-api","timestamp":"2026-01-13T08:42:07.877Z"}
{"level":"info","message":"::1 - - [13/Jan/2026:08:42:07 +0000] \"GET /api HTTP/1.1\" 200 41 \"-\" \"curl/8.7.1\"","service":"acquisitions-api","timestamp":"2026-01-13T08:42:07.888Z"}
{"level":"info","message":"::1 - - [13/Jan/2026:08:42:07 +0000] \"GET /api HTTP/1.1\" 200 41 \"-\" \"curl/8.7.1\"","service":"acquisitions-api","timestamp":"2026-01-13T08:42:07.898Z"}
{"level":"info","message":"::1 - - [13/Jan/2026:08:42:07 +0000] \"GET /api HTTP/1.1\" 200 41 \"-\" \"curl/8.7.1\"","service":"acquisitions-api","timestamp":"2026-01-13T08:42:07.908Z"}
{"level":"info","message":"::1 - - [13/Jan/2026:08:42:07 +0000] \"GET /api HTTP/1.1\" 200 41 \"-\" \"curl/8.7.1\"","service":"acquisitions-api","timestamp":"2026-01-13T08:42:07.918Z"}
{"level":"info","message":"::1 - - [13/Jan/2026:08:42:07 +0000] \"GET /api HTTP/1.1\" 200 41 \"-\" \"curl/8.7.1\"","service":"acquisitions-api","timestamp":"2026-01-13T08:42:07.929Z"}
{"level":"info","message":"::1 - - [13/Jan/2026:08:42:07 +0000] \"GET /api HTTP/1.1\" 200 41 \"-\" \"curl/8.7.1\"","service":"acquisitions-api","timestamp":"2026-01-13T08:42:07.939Z"}
{"level":"info","message":"::1 - - [13/Jan/2026:08:42:07 +0000] \"GET /api HTTP/1.1\" 200 41 \"-\" \"curl/8.7.1\"","service":"acquisitions-api","timestamp":"2026-01-13T08:42:07.949Z"}
{"level":"info","message":"::1 - - [13/Jan/2026:08:42:07 +0000] \"GET /api HTTP/1.1\" 200 41 \"-\" \"curl/8.7.1\"","service":"acquisitions-api","timestamp":"2026-01-13T08:42:07.959Z"}
{"level":"info","message":"::1 - - [13/Jan/2026:08:42:07 +0000] \"GET /api HTTP/1.1\" 200 41 \"-\" \"curl/8.7.1\"","service":"acquisitions-api","timestamp":"2026-01-13T08:42:07.969Z"}
{"level":"info","message":"::1 - - [13/Jan/2026:08:42:07 +0000] \"GET /api HTTP/1.1\" 200 41 \"-\" \"curl/8.7.1\"","service":"acquisitions-api","timestamp":"2026-01-13T08:42:07.979Z"}
{"level":"info","message":"::1 - - [13/Jan/2026:08:42:07 +0000] \"GET /api HTTP/1.1\" 200 41 \"-\" \"curl/8.7.1\"","service":"acquisitions-api","timestamp":"2026-01-13T08:42:07.990Z"}
{"level":"info","message":"::1 - - [13/Jan/2026:08:42:08 +0000] \"GET /api HTTP/1.1\" 200 41 \"-\" \"curl/8.7.1\"","service":"acquisitions-api","timestamp":"2026-01-13T08:42:08.000Z"}
{"level":"info","message":"::1 - - [13/Jan/2026:08:42:08 +0000] \"GET /api HTTP/1.1\" 200 41 \"-\" \"curl/8.7.1\"","service":"acquisitions-api","timestamp":"2026-01-13T08:42:08.010Z"}
{"level":"info","message":"::1 - - [13/Jan/2026:08:42:08 +0000] \"GET /api HTTP/1.1\" 200 41 \"-\" \"curl/8.7.1\"","service":"acquisitions-api","timestamp":"2026-01-13T08:42:08.019Z"}
{"level":"info","message":"::1 - - [13/Jan/2026:08:42:08 +0000] \"GET /api HTTP/1.1\" 200 41 \"-\" \"curl/8.7.1\"","service":"acquisitions-api","timestamp":"2026-01-13T08:42:08.030Z"}
{"level":"info","message":"::1 - - [13/Jan/2026:08:42:08 +0000] \"GET /api HTTP/1.1\" 200 41 \"-\" \"curl/8.7.1\"","service":"acquisitions-api","timestamp":"2026-01-13T08:42:08.040Z"}
{"level":"info","message":"::1 - - [13/Jan/2026:08:42:08 +0000] \"GET /api HTTP/1.1\" 200 41 \"-\" \"curl/8.7.1\"","service":"acquisitions-api","timestamp":"2026-01-13T08:42:08.050Z"}
{"level":"info","message":"::1 - - [13/Jan/2026:08:42:08 +0000] \"GET /api HTTP/1.1\" 200 41 \"-\" \"curl/8.7.1\"","service":"acquisitions-api","timestamp":"2026-01-13T08:42:08.059Z"}
{"level":"info","message":"::1 - - [13/Jan/2026:08:42:08 +0000] \"GET /api HTTP/1.1\" 200 41 \"-\" \"curl/8.7.1\"","service":"acquisitions-api","timestamp":"2026-01-13T08:42:08.070Z"}
{"level":"info","message":"::1 - - [13/Jan/2026:08:42:08 +0000] \"GET /api HTTP/1.1\" 200 41 \"-\" \"curl/8.7.1\"","service":"acquisitions-api","timestamp":"2026-01-13T08:42:08.079Z"}
{"level":"info","message":"::1 - - [13/Jan/2026:08:42:08 +0000] \"GET /api HTTP/1.1\" 200 41 \"-\" \"curl/8.7.1\"","service":"acquisitions-api","timestamp":"2026-01-13T08:42:08.090Z"}
{"level":"info","message":"::1 - - [13/Jan/2026:08:42:08 +0000] \"GET /api HTTP/1.1\" 200 41 \"-\" \"curl/8.7.1\"","service":"acquisitions-api","timestamp":"2026-01-13T08:42:08.100Z"}
{"level":"info","message":"::1 - - [13/Jan/2026:08:42:08 +0000] \"GET /api HTTP/1.1\" 200 41 \"-\" \"curl/8.7.1\"","service":"acquisitions-api","timestamp":"2026-01-13T08:42:08.110Z"}
{"level":"info","message":"::1 - - [13/Jan/2026:08:42:08 +0000] \"GET /api HTTP/1.1\" 200 41 \"-\" \"curl/8.7.1\"","service":"acquisitions-api","timestamp":"2026-01-13T08:42:08.119Z"}
{"level":"info","message":"::1 - - [13/Jan/2026:08:42:08 +0000] \"GET /api HTTP/1.1\" 200 41 \"-\" \"curl/8.7.1\"","service":"acquisitions-api","timestamp":"2026-01-13T08:42:08.130Z"}
{"level":"info","message":"::1 - - [13/Jan/2026:08:42:08 +0000] \"GET /api HTTP/1.1\" 200 41 \"-\" \"curl/8.7.1\"","service":"acquisitions-api","timestamp":"2026-01-13T08:42:08.141Z"}
{"level":"info","message":"::1 - - [13/Jan/2026:08:42:08 +0000] \"GET /api HTTP/1.1\" 200 41 \"-\" \"curl/8.7.1\"","service":"acquisitions-api","timestamp":"2026-01-13T08:42:08.150Z"}
{"level":"info","message":"::1 - - [13/Jan/2026:08:42:08 +0000] \"GET /api HTTP/1.1\" 200 41 \"-\" \"curl/8.7.1\"","service":"acquisitions-api","timestamp":"2026-01-13T08:42:08.161Z"}
{"level":"info","message":"::1 - - [13/Jan/2026:08:42:08 +0000] \"GET /api HTTP/1.1\" 200 41 \"-\" \"curl/8.7.1\"","service":"acquisitions-api","timestamp":"2026-01-13T08:42:08.171Z"}
{"level":"info","message":"::1 - - [13/Jan/2026:08:42:08 +0000] \"GET /api HTTP/1.1\" 200 41 \"-\" \"curl/8.7.1\"","service":"acquisitions-api","timestamp":"2026-01-13T08:42:08.182Z"}
{"level":"info","message":"::1 - - [13/Jan/2026:08:42:08 +0000] \"GET /api HTTP/1.1\" 200 41 \"-\" \"curl/8.7.1\"","service":"acquisitions-api","timestamp":"2026-01-13T08:42:08.191Z"}
{"level":"info","message":"::1 - - [13/Jan/2026:08:42:08 +0000] \"GET /api HTTP/1.1\" 200 41 \"-\" \"curl/8.7.1\"","service":"acquisitions-api","timestamp":"2026-01-13T08:42:08.201Z"}
{"level":"info","message":"::1 - - [13/Jan/2026:08:42:08 +0000] \"GET /api HTTP/1.1\" 200 41 \"-\" \"curl/8.7.1\"","service":"acquisitions-api","timestamp":"2026-01-13T08:42:08.211Z"}
{"level":"info","message":"::1 - - [13/Jan/2026:08:42:08 +0000] \"GET /api HTTP/1.1\" 200 41 \"-\" \"curl/8.7.1\"","service":"acquisitions-api","timestamp":"2026-01-13T08:42:08.221Z"}
{"level":"info","message":"::1 - - [13/Jan/2026:08:42:08 +0000] \"GET /api HTTP/1.1\" 200 41 \"-\" \"curl/8.7.1\"","service":"acquisitions-api","timestamp":"2026-01-13T08:42:08.230Z"}
{"level":"info","message":"::1 - - [13/Jan/2026:08:42:08 +0000] \"GET /api HTTP/1.1\" 200 41 \"-\" \"curl/8.7.1\"","service":"acquisitions-api","timestamp":"2026-01-13T08:42:08.241Z"}
{"level":"info","message":"::1 - - [13/Jan/2026:08:42:08 +0000] \"GET /api HTTP/1.1\" 200 41 \"-\" \"curl/8.7.1\"","service":"acquisitions-api","timestamp":"2026-01-13T08:42:08.250Z"}
{"level":"info","message":"::1 - - [13/Jan/2026:08:42:08 +0000] \"GET /api HTTP/1.1\" 200 41 \"-\" \"curl/8.7.1\"","service":"acquisitions-api","timestamp":"2026-01-13T08:42:08.260Z"}
{"level":"info","message":"::1 - - [13/Jan/2026:08:42:08 +0000] \"GET /api HTTP/1.1\" 200 41 \"-\" \"curl/8.7.1\"","service":"acquisitions-api","timestamp":"2026-01-13T08:42:08.270Z"}
{"level":"info","message":"::1 - - [13/Jan/2026:08:42:08 +0000] \"GET /api HTTP/1.1\" 200 41 \"-\" \"curl/8.7.1\"","service":"acquisitions-api","timestamp":"2026-01-13T08:42:08.280Z"}
{"level":"info","message":"::1 - - [13/Jan/2026:08:42:08 +0000] \"GET /api HTTP/1.1\" 200 41 \"-\" \"curl/8.7.1\"","service":"acquisitions-api","timestamp":"2026-01-13T08:42:08.291Z"}
{"level":"info","message":"::1 - - [13/Jan/2026:08:42:08 +0000] \"GET /api HTTP/1.1\" 200 41 \"-\" \"curl/8.7.1\"","service":"acquisitions-api","timestamp":"2026-01-13T08:42:08.300Z"}
{"level":"info","message":"::1 - - [13/Jan/2026:08:42:08 +0000] \"GET /api HTTP/1.1\" 200 41 \"-\" \"curl/8.7.1\"","service":"acquisitions-api","timestamp":"2026-01-13T08:42:08.310Z"}
{"level":"info","message":"::1 - - [13/Jan/2026:08:42:08 +0000] \"GET /api HTTP/1.1\" 200 41 \"-\" \"curl/8.7.1\"","service":"acquisitions-api","timestamp":"2026-01-13T08:42:08.321Z"}
{"level":"info","message":"::1 - - [13/Jan/2026:08:42:08 +0000] \"GET /api HTTP/1.1\" 200 41 \"-\" \"curl/8.7.1\"","service":"acquisitions-api","timestamp":"2026-01-13T08:42:08.331Z"}
{"level":"info","message":"::1 - - [13/Jan/2026:08:42:08 +0000] \"GET /api HTTP/1.1\" 200 41 \"-\" \"curl/8.7.1\"","service":"acquisitions-api","timestamp":"2026-01-13T08:42:08.342Z"}
{"level":"info","message":"::1 - - [13/Jan/2026:08:42:08 +0000] \"GET /api HTTP/1.1\" 200 41 \"-\" \"curl/8.7.1\"","service":"acquisitions-api","timestamp":"2026-01-13T08:42:08.352Z"}
{"level":"info","message":"::1 - - [13/Jan/2026:08:42:08 +0000] \"GET /api HTTP/1.1\" 200 41 \"-\" \"curl/8.7.1\"","service":"acquisitions-api","timestamp":"2026-01-13T08:42:08.362Z"}
{"level":"info","message":"::1 - - [13/Jan/2026:08:42:08 +0000] \"GET /api HTTP/1.1\" 200 41 \"-\" \"curl/8.7.1\"","service":"acquisitions-api","timestamp":"2026-01-13T08:42:08.372Z"}
{"level":"info","message":"::1 - - [13/Jan/2026:08:42:08 +0000] \"GET /api HTTP/1.1\" 200 41 \"-\" \"curl/8.7.1\"","service":"acquisitions-api","timestamp":"2026-01-13T08:42:08.382Z"}
{"level":"info","message":"::1 - - [13/Jan/2026:08:42:08 +0000] \"GET /api HTTP/1.1\" 200 41 \"-\" \"curl/8.7.1\"","service":"acquisitions-api","timestamp":"2026-01-13T08:42:08.392Z"}
{"level":"info","message":"::1 - - [13/Jan/2026:08:42:08 +0000] \"GET /api HTTP/1.1\" 200 41 \"-\" \"curl/8.7.1\"","service":"acquisitions-api","timestamp":"2026-01-13T08:42:08.402Z"}
{"level":"info","message":"::1 - - [13/Jan/2026:08:42:08 +0000] \"GET /api HTTP/1.1\" 200 41 \"-\" \"curl/8.7.1\"","service":"acquisitions-api","timestamp":"2026-01-13T08:42:08.412Z"}
{"level":"info","message":"::1 - - [13/Jan/2026:08:42:08 +0000] \"GET /api HTTP/1.1\" 200 41 \"-\" \"curl/8.7.1\"","service":"acquisitions-api","timestamp":"2026-01-13T08:42:08.423Z"}
{"level":"info","message":"::1 - - [13/Jan/2026:08:42:08 +0000] \"GET /api HTTP/1.1\" 200 41 \"-\" \"curl/8.7.1\"","service":"acquisitions-api","timestamp":"2026-01-13T08:42:08.432Z"}
{"level":"info","message":"::1 - - [13/Jan/2026:08:42:08 +0000] \"GET /api HTTP/1.1\" 200 41 \"-\" \"curl/8.7.1\"","service":"acquisitions-api","timestamp":"2026-01-13T08:42:08.442Z"}
{"level":"info","message":"::1 - - [13/Jan/2026:08:42:08 +0000] \"GET /api HTTP/1.1\" 200 41 \"-\" \"curl/8.7.1\"","service":"acquisitions-api","timestamp":"2026-01-13T08:42:08.452Z"}
{"level":"info","message":"::1 - - [13/Jan/2026:08:42:08 +0000] \"GET /api HTTP/1.1\" 200 41 \"-\" \"curl/8.7.1\"","service":"acquisitions-api","timestamp":"2026-01-13T08:42:08.462Z"}
{"level":"info","message":"::1 - - [13/Jan/2026:08:42:08 +0000] \"GET /api HTTP/1.1\" 200 41 \"-\" \"curl/8.7.1\"","service":"acquisitions-api","timestamp":"2026-01-13T08:42:08.472Z"}
{"level":"info","message":"::1 - - [13/Jan/2026:08:42:08 +0000] \"GET /api HTTP/1.1\" 200 41 \"-\" \"curl/8.7.1\"","service":"acquisitions-api","timestamp":"2026-01-13T08:42:08.483Z"}
{"level":"info","message":"::1 - - [13/Jan/2026:08:42:08 +0000] \"GET /api HTTP/1.1\" 200 41 \"-\" \"curl/8.7.1\"","service":"acquisitions-api","timestamp":"2026-01-13T08:42:08.494Z"}
{"level":"info","message":"::1 - - [13/Jan/2026:08:42:08 +0000] \"GET /api HTTP/1.1\" 200 41 \"-\" \"curl/8.7.1\"","service":"acquisitions-api","timestamp":"2026-01-13T08:42:08.503Z"}
{"level":"info","message":"::1 - - [13/Jan/2026:08:42:08 +0000] \"GET /api HTTP/1.1\" 200 41 \"-\" \"curl/8.7.1\"","service":"acquisitions-api","timestamp":"2026-01-13T08:42:08.513Z"}
{"level":"info","message":"::1 - - [13/Jan/2026:08:42:08 +0000] \"GET /api HTTP/1.1\" 200 41 \"-\" \"curl/8.7.1\"","service":"acquisitions-api","timestamp":"2026-01-13T08:42:08.524Z"}
{"level":"info","message":"::1 - - [13/Jan/2026:08:42:08 +0000] \"GET /api HTTP/1.1\" 200 41 \"-\" \"curl/8.7.1\"","service":"acquisitions-api","timestamp":"2026-01-13T08:42:08.534Z"}
{"level":"info","message":"::1 - - [13/Jan/2026:08:42:08 +0000] \"GET /api HTTP/1.1\" 200 41 \"-\" \"curl/8.7.1\"","service":"acquisitions-api","timestamp":"2026-01-13T08:42:08.544Z"}
{"level":"info","message":"::1 - - [13/Jan/2026:08:42:08 +0000] \"GET /api HTTP/1.1\" 200 41 \"-\" \"curl/8.7.1\"","service":"acquisitions-api","timestamp":"2026-01-13T08:42:08.553Z"}
{"level":"info","message":"::1 - - [13/Jan/2026:08:42:08 +0000] \"GET /api HTTP/1.1\" 200 41 \"-\" \"curl/8.7.1\"","service":"acquisitions-api","timestamp":"2026-01-13T08:42:08.564Z"}
{"level":"info","message":"::1 - - [13/Jan/2026:08:42:08 +0000] \"GET /api HTTP/1.1\" 200 41 \"-\" \"curl/8.7.1\"","service":"acquisitions-api","timestamp":"2026-01-13T08:42:08.574Z"}
{"level":"info","message":"::1 - - [13/Jan/2026:08:42:08 +0000] \"GET /api HTTP/1.1\" 200 41 \"-\" \"curl/8.7.1\"","service":"acquisitions-api","timestamp":"2026-01-13T08:42:08.583Z"}
{"level":"info","message":"::1 - - [13/Jan/2026:08:42:08 +0000] \"GET /api HTTP/1.1\" 200 41 \"-\" \"curl/8.7.1\"","service":"acquisitions-api","timestamp":"2026-01-13T08:42:08.594Z"}
{"level":"info","message":"::1 - - [13/Jan/2026:08:42:08 +0000] \"GET /api HTTP/1.1\" 200 41 \"-\" \"curl/8.7.1\"","service":"acquisitions-api","timestamp":"2026-01-13T08:42:08.604Z"}
{"level":"info","message":"::1 - - [13/Jan/2026:08:42:08 +0000] \"GET /api HTTP/1.1\" 200 41 \"-\" \"curl/8.7.1\"","service":"acquisitions-api","timestamp":"2026-01-13T08:42:08.614Z"}
{"level":"info","message":"::1 - - [13/Jan/2026:08:42:08 +0000] \"GET /api HTTP/1.1\" 200 41 \"-\" \"curl/8.7.1\"","service":"acquisitions-api","timestamp":"2026-01-13T08:42:08.624Z"}
{"level":"info","message":"::1 - - [13/Jan/2026:08:42:08 +0000] \"GET /api HTTP/1.1\" 200 41 \"-\" \"curl/8.7.1\"","service":"acquisitions-api","timestamp":"2026-01-13T08:42:08.633Z"}
{"level":"info","message":"::1 - - [13/Jan/2026:08:42:08 +0000] \"GET /api HTTP/1.1\" 200 41 \"-\" \"curl/8.7.1\"","service":"acquisitions-api","timestamp":"2026-01-13T08:42:08.645Z"}
{"level":"info","message":"::1 - - [13/Jan/2026:08:42:08 +0000] \"GET /api HTTP/1.1\" 200 41 \"-\" \"curl/8.7.1\"","service":"acquisitions-api","timestamp":"2026-01-13T08:42:08.655Z"}
{"level":"info","message":"::1 - - [13/Jan/2026:08:42:08 +0000] \"GET /api HTTP/1.1\" 200 41 \"-\" \"curl/8.7.1\"","service":"acquisitions-api","timestamp":"2026-01-13T08:42:08.665Z"}
{"level":"info","message":"::1 - - [13/Jan/2026:08:42:08 +0000] \"GET /api HTTP/1.1\" 200 41 \"-\" \"curl/8.7.1\"","service":"acquisitions-api","timestamp":"2026-01-13T08:42:08.675Z"}
{"level":"info","message":"::1 - - [13/Jan/2026:08:42:08 +0000] \"GET /api HTTP/1.1\" 200 41 \"-\" \"curl/8.7.1\"","service":"acquisitions-api","timestamp":"2026-01-13T08:42:08.685Z"}
{"level":"info","message":"::1 - - [13/Jan/2026:08:42:08 +0000] \"GET /api HTTP/1.1\" 200 41 \"-\" \"curl/8.7.1\"","service":"acquisitions-api","timestamp":"2026-01-13T08:42:08.695Z"}
{"level":"info","message":"::1 - - [13/Jan/2026:08:42:08 +0000] \"GET /api HTTP/1.1\" 200 41 \"-\" \"curl/8.7.1\"","service":"acquisitions-api","timestamp":"2026-01-13T08:42:08.705Z"}
{"level":"info","message":"::1 - - [13/Jan/2026:08:42:08 +0000] \"GET /api HTTP/1.1\" 200 41 \"-\" \"curl/8.7.1\"","service":"acquisitions-api","timestamp":"2026-01-13T08:42:08.716Z"}
{"level":"info","message":"::1 - - [13/Jan/2026:08:42:08 +0000] \"GET /api HTTP/1.1\" 200 41 \"-\" \"curl/8.7.1\"","service":"acquisitions-api","timestamp":"2026-01-13T08:42:08.725Z"}
{"level":"info","message":"::1 - - [13/Jan/2026:08:42:08 +0000] \"GET /api HTTP/1.1\" 200 41 \"-\" \"curl/8.7.1\"","service":"acquisitions-api","timestamp":"2026-01-13T08:42:08.735Z"}
{"level":"info","message":"::1 - - [13/Jan/2026:08:42:08 +0000] \"GET /api HTTP/1.1\" 200 41 \"-\" \"curl/8.7.1\"","service":"acquisitions-api","timestamp":"2026-01-13T08:42:08.744Z"}
{"level":"info","message":"::1 - - [13/Jan/2026:08:42:08 +0000] \"GET /api HTTP/1.1\" 200 41 \"-\" \"curl/8.7.1\"","service":"acquisitions-api","timestamp":"2026-01-13T08:42:08.755Z"}
{"level":"info","message":"::1 - - [13/Jan/2026:08:42:08 +0000] \"GET /api HTTP/1.1\" 200 41 \"-\" \"curl/8.7.1\"","service":"acquisitions-api","timestamp":"2026-01-13T08:42:08.766Z"}
{"level":"info","message":"::1 - - [13/Jan/2026:08:42:08 +0000] \"GET /api HTTP/1.1\" 200 41 \"-\" \"curl/8.7.1\"","service":"acquisitions-api","timestamp":"2026-01-13T08:42:08.776Z"}
{"level":"info","message":"::1 - - [13/Jan/2026:08:42:08 +0000] \"GET /api HTTP/1.1\" 200 41 \"-\" \"curl/8.7.1\"","service":"acquisitions-api","timestamp":"2026-01-13T08:42:08.787Z"}
{"level":"info","message":"::1 - - [13/Jan/2026:08:42:08 +0000] \"GET /api HTTP/1.1\" 200 41 \"-\" \"curl/8.7.1\"","service":"acquisitions-api","timestamp":"2026-01-13T08:42:08.797Z"}
{"level":"info","message":"::1 - - [13/Jan/2026:08:42:08 +0000] \"GET /api HTTP/1.1\" 200 41 \"-\" \"curl/8.7.1\"","service":"acquisitions-api","timestamp":"2026-01-13T08:42:08.808Z"}
{"level":"info","message":"::1 - - [13/Jan/2026:08:42:08 +0000] \"GET /api HTTP/1.1\" 200 41 \"-\" \"curl/8.7.1\"","service":"acquisitions-api","timestamp":"2026-01-13T08:42:08.819Z"}
{"level":"info","message":"::1 - - [13/Jan/2026:08:42:08 +0000] \"GET /api HTTP/1.1\" 200 41 \"-\" \"curl/8.7.1\"","service":"acquisitions-api","timestamp":"2026-01-13T08:42:08.830Z"}
{"level":"info","message":"::1 - - [13/Jan/2026:08:42:08 +0000] \"GET /api HTTP/1.1\" 200 41 \"-\" \"curl/8.7.1\"","service":"acquisitions-api","timestamp":"2026-01-13T08:42:08.840Z"}
{"level":"info","message":"::1 - - [13/Jan/2026:08:42:08 +0000] \"GET /api HTTP/1.1\" 200 41 \"-\" \"curl/8.7.1\"","service":"acquisitions-api","timestamp":"2026-01-13T08:42:08.851Z"}
{"level":"info","message":"::1 - - [13/Jan/2026:08:42:08 +0000] \"GET /api HTTP/1.1\" 200 41 \"-\" \"curl/8.7.1\"","service":"acquisitions-api","timestamp":"2026-01-13T08:42:08.862Z"}
{"level":"info","message":"::1 - - [13/Jan/2026:08:42:08 +0000] \"GET /api HTTP/1.1\" 200 41 \"-\" \"curl/8.7.1\"","service":"acquisitions-api","timestamp":"2026-01-13T08:42:08.873Z"}
{"level":"info","message":"::1 - - [13/Jan/2026:08:42:08 +0000] \"GET /api HTTP/1.1\" 200 41 \"-\" \"curl/8.7.1\"","service":"acquisitions-api","timestamp":"2026-01-13T08:42:08.884Z"}
{"level":"info","message":"::1 - - [13/Jan/2026:08:42:08 +0000] \"GET /api HTTP/1.1\" 200 41 \"-\" \"curl/8.7.1\"","service":"acquisitions-api","timestamp":"2026-01-13T08:42:08.895Z"}
{"level":"info","message":"::1 - - [13/Jan/2026:08:42:08 +0000] \"GET /api HTTP/1.1\" 200 41 \"-\" \"curl/8.7.1\"","service":"acquisitions-api","timestamp":"2026-01-13T08:42:08.906Z"}
{"level":"info","message":"::1 - - [13/Jan/2026:08:42:08 +0000] \"GET /api HTTP/1.1\" 200 41 \"-\" \"curl/8.7.1\"","service":"acquisitions-api","timestamp":"2026-01-13T08:42:08.916Z"}
{"level":"info","message":"::1 - - [13/Jan/2026:08:42:08 +0000] \"GET /api HTTP/1.1\" 200 41 \"-\" \"curl/8.7.1\"","service":"acquisitions-api","timestamp":"2026-01-13T08:42:08.928Z"}
{"level":"info","message":"::1 - - [13/Jan/2026:08:42:08 +0000] \"GET /api HTTP/1.1\" 200 41 \"-\" \"curl/8.7.1\"","service":"acquisitions-api","timestamp":"2026-01-13T08:42:08.939Z"}
{"level":"info","message":"::1 - - [13/Jan/2026:08:42:08 +0000] \"GET /api HTTP/1.1\" 200 41 \"-\" \"curl/8.7.1\"","service":"acquisitions-api","timestamp":"2026-01-13T08:42:08.950Z"}
{"level":"info","message":"::1 - - [13/Jan/2026:08:42:08 +0000] \"GET /api HTTP/1.1\" 200 41 \"-\" \"curl/8.7.1\"","service":"acquisitions-api","timestamp":"2026-01-13T08:42:08.961Z"}
{"level":"info","message":"::1 - - [13/Jan/2026:08:42:08 +0000] \"GET /api HTTP/1.1\" 200 41 \"-\" \"curl/8.7.1\"","service":"acquisitions-api","timestamp":"2026-01-13T08:42:08.972Z"}
{"level":"info","message":"::1 - - [13/Jan/2026:08:42:08 +0000] \"GET /api HTTP/1.1\" 200 41 \"-\" \"curl/8.7.1\"","service":"acquisitions-api","timestamp":"2026-01-13T08:42:08.983Z"}
{"level":"info","message":"::1 - - [13/Jan/2026:08:42:08 +0000] \"GET /api HTTP/1.1\" 200 41 \"-\" \"curl/8.7.1\"","service":"acquisitions-api","timestamp":"2026-01-13T08:42:08.993Z"}
{"level":"info","message":"::1 - - [13/Jan/2026:08:42:09 +0000] \"GET /api HTTP/1.1\" 200 41 \"-\" \"curl/8.7.1\"","service":"acquisitions-api","timestamp":"2026-01-13T08:42:09.005Z"}
{"level":"info","message":"::1 - - [13/Jan/2026:08:42:09 +0000] \"GET /api HTTP/1.1\" 200 41 \"-\" \"curl/8.7.1\"","service":"acquisitions-api","timestamp":"2026-01-13T08:42:09.015Z"}
{"level":"info","message":"::1 - - [13/Jan/2026:08:42:09 +0000] \"GET /api HTTP/1.1\" 200 41 \"-\" \"curl/8.7.1\"","service":"acquisitions-api","timestamp":"2026-01-13T08:42:09.026Z"}
{"level":"info","message":"::1 - - [13/Jan/2026:08:42:09 +0000] \"GET /api HTTP/1.1\" 200 41 \"-\" \"curl/8.7.1\"","service":"acquisitions-api","timestamp":"2026-01-13T08:42:09.037Z"}
{"level":"info","message":"::1 - - [13/Jan/2026:08:42:09 +0000] \"GET /api HTTP/1.1\" 200 41 \"-\" \"curl/8.7.1\"","service":"acquisitions-api","timestamp":"2026-01-13T08:42:09.048Z"}
{"level":"info","message":"::1 - - [13/Jan/2026:08:42:09 +0000] \"GET /api HTTP/1.1\" 200 41 \"-\" \"curl/8.7.1\"","service":"acquisitions-api","timestamp":"2026-01-13T08:42:09.059Z"}
{"level":"info","message":"::1 - - [13/Jan/2026:08:42:09 +0000] \"GET /api HTTP/1.1\" 200 41 \"-\" \"curl/8.7.1\"","service":"acquisitions-api","timestamp":"2026-01-13T08:42:09.070Z"}
{"level":"info","message":"::1 - - [13/Jan/2026:08:42:09 +0000] \"GET /api HTTP/1.1\" 200 41 \"-\" \"curl/8.7.1\"","service":"acquisitions-api","timestamp":"2026-01-13T08:42:09.081Z"}
{"level":"info","message":"::1 - - [13/Jan/2026:08:42:09 +0000] \"GET /api HTTP/1.1\" 200 41 \"-\" \"curl/8.7.1\"","service":"acquisitions-api","timestamp":"2026-01-13T08:42:09.092Z"}
{"level":"info","message":"::1 - - [13/Jan/2026:08:42:09 +0000] \"GET /api HTTP/1.1\" 200 41 \"-\" \"curl/8.7.1\"","service":"acquisitions-api","timestamp":"2026-01-13T08:42:09.103Z"}
{"level":"info","message":"::1 - - [13/Jan/2026:08:42:09 +0000] \"GET /api HTTP/1.1\" 200 41 \"-\" \"curl/8.7.1\"","service":"acquisitions-api","timestamp":"2026-01-13T08:42:09.115Z"}
{"level":"info","message":"::1 - - [13/Jan/2026:08:42:09 +0000] \"GET /api HTTP/1.1\" 200 41 \"-\" \"curl/8.7.1\"","service":"acquisitions-api","timestamp":"2026-01-13T08:42:09.126Z"}
{"level":"info","message":"::1 - - [13/Jan/2026:08:42:09 +0000] \"GET /api HTTP/1.1\" 200 41 \"-\" \"curl/8.7.1\"","service":"acquisitions-api","timestamp":"2026-01-13T08:42:09.136Z"}
{"level":"info","message":"::1 - - [13/Jan/2026:08:42:09 +0000] \"GET /api HTTP/1.1\" 200 41 \"-\" \"curl/8.7.1\"","service":"acquisitions-api","timestamp":"2026-01-13T08:42:09.148Z"}
{"level":"info","message":"::1 - - [13/Jan/2026:08:42:09 +0000] \"GET /api HTTP/1.1\" 200 41 \"-\" \"curl/8.7.1\"","service":"acquisitions-api","timestamp":"2026-01-13T08:42:09.159Z"}
{"level":"info","message":"::1 - - [13/Jan/2026:08:42:09 +0000] \"GET /api HTTP/1.1\" 200 41 \"-\" \"curl/8.7.1\"","service":"acquisitions-api","timestamp":"2026-01-13T08:42:09.169Z"}
{"level":"info","message":"::1 - - [13/Jan/2026:08:42:09 +0000] \"GET /api HTTP/1.1\" 200 41 \"-\" \"curl/8.7.1\"","service":"acquisitions-api","timestamp":"2026-01-13T08:42:09.180Z"}
{"level":"info","message":"::1 - - [13/Jan/2026:08:42:09 +0000] \"GET /api HTTP/1.1\" 200 41 \"-\" \"curl/8.7.1\"","service":"acquisitions-api","timestamp":"2026-01-13T08:42:09.191Z"}
{"level":"info","message":"::1 - - [13/Jan/2026:08:42:09 +0000] \"GET /api HTTP/1.1\" 200 41 \"-\" \"curl/8.7.1\"","service":"acquisitions-api","timestamp":"2026-01-13T08:42:09.202Z"}
{"level":"info","message":"::1 - - [13/Jan/2026:08:42:09 +0000] \"GET /api HTTP/1.1\" 200 41 \"-\" \"curl/8.7.1\"","service":"acquisitions-api","timestamp":"2026-01-13T08:42:09.213Z"}
{"level":"info","message":"::1 - - [13/Jan/2026:08:42:09 +0000] \"GET /api HTTP/1.1\" 200 41 \"-\" \"curl/8.7.1\"","service":"acquisitions-api","timestamp":"2026-01-13T08:42:09.224Z"}
{"level":"info","message":"::1 - - [13/Jan/2026:08:42:09 +0000] \"GET /api HTTP/1.1\" 200 41 \"-\" \"curl/8.7.1\"","service":"acquisitions-api","timestamp":"2026-01-13T08:42:09.234Z"}
{"level":"info","message":"::1 - - [13/Jan/2026:08:42:09 +0000] \"GET /api HTTP/1.1\" 200 41 \"-\" \"curl/8.7.1\"","service":"acquisitions-api","timestamp":"2026-01-13T08:42:09.245Z"}
{"level":"info","message":"::1 - - [13/Jan/2026:08:42:09 +0000] \"GET /api HTTP/1.1\" 200 41 \"-\" \"curl/8.7.1\"","service":"acquisitions-api","timestamp":"2026-01-13T08:42:09.256Z"}
{"level":"info","message":"::1 - - [13/Jan/2026:08:42:09 +0000] \"GET /api HTTP/1.1\" 200 41 \"-\" \"curl/8.7.1\"","service":"acquisitions-api","timestamp":"2026-01-13T08:42:09.266Z"}
{"level":"info","message":"::1 - - [13/Jan/2026:08:42:09 +0000] \"GET /api HTTP/1.1\" 200 41 \"-\" \"curl/8.7.1\"","service":"acquisitions-api","timestamp":"2026-01-13T08:42:09.276Z"}
{"level":"info","message":"::1 - - [13/Jan/2026:08:42:09 +0000] \"GET /api HTTP/1.1\" 200 41 \"-\" \"curl/8.7.1\"","service":"acquisitions-api","timestamp":"2026-01-13T08:42:09.286Z"}
{"level":"info","message":"::1 - - [13/Jan/2026:08:42:09 +0000] \"GET /api HTTP/1.1\" 200 41 \"-\" \"curl/8.7.1\"","service":"acquisitions-api","timestamp":"2026-01-13T08:42:09.297Z"}
{"level":"info","message":"::1 - - [13/Jan/2026:08:42:09 +0000] \"GET /api HTTP/1.1\" 200 41 \"-\" \"curl/8.7.1\"","service":"acquisitions-api","timestamp":"2026-01-13T08:42:09.307Z"}
{"level":"info","message":"::1 - - [13/Jan/2026:08:42:09 +0000] \"GET /api HTTP/1.1\" 200 41 \"-\" \"curl/8.7.1\"","service":"acquisitions-api","timestamp":"2026-01-13T08:42:09.318Z"}
{"level":"info","message":"::1 - - [13/Jan/2026:08:42:09 +0000] \"GET /api HTTP/1.1\" 200 41 \"-\" \"curl/8.7.1\"","service":"acquisitions-api","timestamp":"2026-01-13T08:42:09.329Z"}
{"level":"info","message":"::1 - - [13/Jan/2026:08:42:09 +0000] \"GET /api HTTP/1.1\" 200 41 \"-\" \"curl/8.7.1\"","service":"acquisitions-api","timestamp":"2026-01-13T08:42:09.339Z"}
{"level":"info","message":"::1 - - [13/Jan/2026:08:42:09 +0000] \"GET /api HTTP/1.1\" 200 41 \"-\" \"curl/8.7.1\"","service":"acquisitions-api","timestamp":"2026-01-13T08:42:09.349Z"}
{"level":"info","message":"::1 - - [13/Jan/2026:08:42:09 +0000] \"GET /api HTTP/1.1\" 200 41 \"-\" \"curl/8.7.1\"","service":"acquisitions-api","timestamp":"2026-01-13T08:42:09.359Z"}
{"level":"info","message":"::1 - - [13/Jan/2026:08:42:09 +0000] \"GET /api HTTP/1.1\" 200 41 \"-\" \"curl/8.7.1\"","service":"acquisitions-api","timestamp":"2026-01-13T08:42:09.370Z"}
{"level":"info","message":"::1 - - [13/Jan/2026:08:42:09 +0000] \"GET /api HTTP/1.1\" 200 41 \"-\" \"curl/8.7.1\"","service":"acquisitions-api","timestamp":"2026-01-13T08:42:09.380Z"}
{"level":"info","message":"::1 - - [13/Jan/2026:08:42:09 +0000] \"GET /api HTTP/1.1\" 200 41 \"-\" \"curl/8.7.1\"","service":"acquisitions-api","timestamp":"2026-01-13T08:42:09.391Z"}
{"level":"info","message":"::1 - - [13/Jan/2026:08:42:09 +0000] \"GET /api HTTP/1.1\" 200 41 \"-\" \"curl/8.7.1\"","service":"acquisitions-api","timestamp":"2026-01-13T08:42:09.401Z"}
{"level":"info","message":"::1 - - [13/Jan/2026:08:42:09 +0000] \"GET /api HTTP/1.1\" 200 41 \"-\" \"curl/8.7.1\"","service":"acquisitions-api","timestamp":"2026-01-13T08:42:09.411Z"}
{"level":"info","message":"::1 - - [13/Jan/2026:08:42:09 +0000] \"GET /api HTTP/1.1\" 200 41 \"-\" \"curl/8.7.1\"","service":"acquisitions-api","timestamp":"2026-01-13T08:42:09.421Z"}
{"level":"info","message":"::1 - - [13/Jan/2026:08:42:09 +0000] \"GET /api HTTP/1.1\" 200 41 \"-\" \"curl/8.7.1\"","service":"acquisitions-api","timestamp":"2026-01-13T08:42:09.431Z"}
{"level":"info","message":"::1 - - [13/Jan/2026:08:42:09 +0000] \"GET /api HTTP/1.1\" 200 41 \"-\" \"curl/8.7.1\"","service":"acquisitions-api","timestamp":"2026-01-13T08:42:09.441Z"}
{"level":"info","message":"::1 - - [13/Jan/2026:08:42:09 +0000] \"GET /api HTTP/1.1\" 200 41 \"-\" \"curl/8.7.1\"","service":"acquisitions-api","timestamp":"2026-01-13T08:42:09.452Z"}
{"level":"info","message":"::1 - - [13/Jan/2026:08:42:09 +0000] \"GET /api HTTP/1.1\" 200 41 \"-\" \"curl/8.7.1\"","service":"acquisitions-api","timestamp":"2026-01-13T08:42:09.463Z"}
{"level":"info","message":"::1 - - [13/Jan/2026:08:42:09 +0000] \"GET /api HTTP/1.1\" 200 41 \"-\" \"curl/8.7.1\"","service":"acquisitions-api","timestamp":"2026-01-13T08:42:09.473Z"}
{"level":"info","message":"::1 - - [13/Jan/2026:08:42:09 +0000] \"GET /api HTTP/1.1\" 200 41 \"-\" \"curl/8.7.1\"","service":"acquisitions-api","timestamp":"2026-01-13T08:42:09.484Z"}
{"level":"info","message":"::1 - - [13/Jan/2026:08:42:09 +0000] \"GET /api HTTP/1.1\" 200 41 \"-\" \"curl/8.7.1\"","service":"acquisitions-api","timestamp":"2026-01-13T08:42:09.495Z"}
{"level":"info","message":"::1 - - [13/Jan/2026:08:42:09 +0000] \"GET /api HTTP/1.1\" 200 41 \"-\" \"curl/8.7.1\"","service":"acquisitions-api","timestamp":"2026-01-13T08:42:09.505Z"}
{"level":"info","message":"::1 - - [13/Jan/2026:08:42:09 +0000] \"GET /api HTTP/1.1\" 200 41 \"-\" \"curl/8.7.1\"","service":"acquisitions-api","timestamp":"2026-01-13T08:42:09.515Z"}
{"level":"info","message":"::1 - - [13/Jan/2026:08:42:09 +0000] \"GET /api HTTP/1.1\" 200 41 \"-\" \"curl/8.7.1\"","service":"acquisitions-api","timestamp":"2026-01-13T08:42:09.525Z"}
{"level":"info","message":"::1 - - [13/Jan/2026:08:42:09 +0000] \"GET /api HTTP/1.1\" 200 41 \"-\" \"curl/8.7.1\"","service":"acquisitions-api","timestamp":"2026-01-13T08:42:09.535Z"}
{"level":"info","message":"::1 - - [13/Jan/2026:08:42:09 +0000] \"GET /api HTTP/1.1\" 200 41 \"-\" \"curl/8.7.1\"","service":"acquisitions-api","timestamp":"2026-01-13T08:42:09.547Z"}
{"level":"info","message":"::1 - - [13/Jan/2026:08:42:09 +0000] \"GET /api HTTP/1.1\" 200 41 \"-\" \"curl/8.7.1\"","service":"acquisitions-api","timestamp":"2026-01-13T08:42:09.557Z"}
{"level":"info","message":"::1 - - [13/Jan/2026:08:42:09 +0000] \"GET /api HTTP/1.1\" 200 41 \"-\" \"curl/8.7.1\"","service":"acquisitions-api","timestamp":"2026-01-13T08:42:09.568Z"}
{"level":"info","message":"::1 - - [13/Jan/2026:08:42:09 +0000] \"GET /api HTTP/1.1\" 200 41 \"-\" \"curl/8.7.1\"","service":"acquisitions-api","timestamp":"2026-01-13T08:42:09.579Z"}
{"level":"info","message":"::1 - - [13/Jan/2026:08:42:09 +0000] \"GET /api HTTP/1.1\" 200 41 \"-\" \"curl/8.7.1\"","service":"acquisitions-api","timestamp":"2026-01-13T08:42:09.589Z"}
{"level":"info","message":"::1 - - [13/Jan/2026:08:42:09 +0000] \"GET /api HTTP/1.1\" 200 41 \"-\" \"curl/8.7.1\"","service":"acquisitions-api","timestamp":"2026-01-13T08:42:09.600Z"}
{"level":"info","message":"::1 - - [13/Jan/2026:08:42:09 +0000] \"GET /api HTTP/1.1\" 200 41 \"-\" \"curl/8.7.1\"","service":"acquisitions-api","timestamp":"2026-01-13T08:42:09.610Z"}
{"level":"info","message":"::1 - - [13/Jan/2026:08:42:09 +0000] \"GET /api HTTP/1.1\" 200 41 \"-\" \"curl/8.7.1\"","service":"acquisitions-api","timestamp":"2026-01-13T08:42:09.621Z"}
{"level":"info","message":"::1 - - [13/Jan/2026:08:42:09 +0000] \"GET /api HTTP/1.1\" 200 41 \"-\" \"curl/8.7.1\"","service":"acquisitions-api","timestamp":"2026-01-13T08:42:09.631Z"}
{"level":"info","message":"::1 - - [13/Jan/2026:08:42:09 +0000] \"GET /api HTTP/1.1\" 200 41 \"-\" \"curl/8.7.1\"","service":"acquisitions-api","timestamp":"2026-01-13T08:42:09.643Z"}
{"level":"info","message":"::1 - - [13/Jan/2026:08:42:09 +0000] \"GET /api HTTP/1.1\" 200 41 \"-\" \"curl/8.7.1\"","service":"acquisitions-api","timestamp":"2026-01-13T08:42:09.653Z"}
{"level":"info","message":"::1 - - [13/Jan/2026:08:42:09 +0000] \"GET /api HTTP/1.1\" 200 41 \"-\" \"curl/8.7.1\"","service":"acquisitions-api","timestamp":"2026-01-13T08:42:09.664Z"}
{"level":"info","message":"::1 - - [13/Jan/2026:08:42:09 +0000] \"GET /api HTTP/1.1\" 200 41 \"-\" \"curl/8.7.1\"","service":"acquisitions-api","timestamp":"2026-01-13T08:42:09.675Z"}
{"level":"info","message":"::1 - - [13/Jan/2026:08:42:09 +0000] \"GET /api HTTP/1.1\" 200 41 \"-\" \"curl/8.7.1\"","service":"acquisitions-api","timestamp":"2026-01-13T08:42:09.685Z"}
{"level":"info","message":"::1 - - [13/Jan/2026:08:42:09 +0000] \"GET /api HTTP/1.1\" 200 41 \"-\" \"curl/8.7.1\"","service":"acquisitions-api","timestamp":"2026-01-13T08:42:09.696Z"}
{"level":"info","message":"::1 - - [13/Jan/2026:08:42:09 +0000] \"GET /api HTTP/1.1\" 200 41 \"-\" \"curl/8.7.1\"","service":"acquisitions-api","timestamp":"2026-01-13T08:42:09.707Z"}
{"level":"info","message":"::1 - - [13/Jan/2026:08:42:09 +0000] \"GET /api HTTP/1.1\" 200 41 \"-\" \"curl/8.7.1\"","service":"acquisitions-api","timestamp":"2026-01-13T08:42:09.718Z"}
{"level":"info","message":"::1 - - [13/Jan/2026:08:42:09 +0000] \"GET /api HTTP/1.1\" 200 41 \"-\" \"curl/8.7.1\"","service":"acquisitions-api","timestamp":"2026-01-13T08:42:09.728Z"}
{"level":"info","message":"::1 - - [13/Jan/2026:08:42:09 +0000] \"GET /api HTTP/1.1\" 200 41 \"-\" \"curl/8.7.1\"","service":"acquisitions-api","timestamp":"2026-01-13T08:42:09.738Z"}
{"level":"info","message":"::1 - - [13/Jan/2026:08:42:09 +0000] \"GET /api HTTP/1.1\" 200 41 \"-\" \"curl/8.7.1\"","service":"acquisitions-api","timestamp":"2026-01-13T08:42:09.749Z"}
{"level":"info","message":"::1 - - [13/Jan/2026:08:42:09 +0000] \"GET /api HTTP/1.1\" 200 41 \"-\" \"curl/8.7.1\"","service":"acquisitions-api","timestamp":"2026-01-13T08:42:09.760Z"}
{"level":"info","message":"::1 - - [13/Jan/2026:08:42:09 +0000] \"GET /api HTTP/1.1\" 200 41 \"-\" \"curl/8.7.1\"","service":"acquisitions-api","timestamp":"2026-01-13T08:42:09.769Z"}
{"level":"info","message":"::1 - - [13/Jan/2026:08:42:09 +0000] \"GET /api HTTP/1.1\" 200 41 \"-\" \"curl/8.7.1\"","service":"acquisitions-api","timestamp":"2026-01-13T08:42:09.780Z"}
{"level":"info","message":"::1 - - [13/Jan/2026:08:42:09 +0000] \"GET /api HTTP/1.1\" 200 41 \"-\" \"curl/8.7.1\"","service":"acquisitions-api","timestamp":"2026-01-13T08:42:09.790Z"}
{"level":"info","message":"::1 - - [13/Jan/2026:08:42:09 +0000] \"GET /api HTTP/1.1\" 200 41 \"-\" \"curl/8.7.1\"","service":"acquisitions-api","timestamp":"2026-01-13T08:42:09.800Z"}
{"level":"info","message":"::1 - - [13/Jan/2026:08:42:09 +0000] \"GET /api HTTP/1.1\" 200 41 \"-\" \"curl/8.7.1\"","service":"acquisitions-api","timestamp":"2026-01-13T08:42:09.810Z"}
{"level":"info","message":"::1 - - [13/Jan/2026:08:42:09 +0000] \"GET /api HTTP/1.1\" 200 41 \"-\" \"curl/8.7.1\"","service":"acquisitions-api","timestamp":"2026-01-13T08:42:09.821Z"}
{"level":"info","message":"::1 - - [13/Jan/2026:08:42:09 +0000] \"GET /api HTTP/1.1\" 200 41 \"-\" \"curl/8.7.1\"","service":"acquisitions-api","timestamp":"2026-01-13T08:42:09.831Z"}
{"level":"info","message":"::1 - - [13/Jan/2026:08:42:09 +0000] \"GET /api HTTP/1.1\" 200 41 \"-\" \"curl/8.7.1\"","service":"acquisitions-api","timestamp":"2026-01-13T08:42:09.849Z"}
{"level":"info","message":"::1 - - [13/Jan/2026:08:42:09 +0000] \"GET /api HTTP/1.1\" 200 41 \"-\" \"curl/8.7.1\"","service":"acquisitions-api","timestamp":"2026-01-13T08:42:09.874Z"}
{"level":"info","message":"::1 - - [13/Jan/2026:08:42:09 +0000] \"GET /api HTTP/1.1\" 200 41 \"-\" \"curl/8.7.1\"","service":"acquisitions-api","timestamp":"2026-01-13T08:42:09.884Z"}
{"level":"info","message":"::1 - - [13/Jan/2026:08:42:09 +0000] \"GET /api HTTP/1.1\" 200 41 \"-\" \"curl/8.7.1\"","service":"acquisitions-api","timestamp":"2026-01-13T08:42:09.894Z"}
{"level":"info","message":"::1 - - [13/Jan/2026:08:42:09 +0000] \"GET /api HTTP/1.1\" 200 41 \"-\" \"curl/8.7.1\"","service":"acquisitions-api","timestamp":"2026-01-13T08:42:09.905Z"}
{"level":"info","message":"::1 - - [13/Jan/2026:08:42:09 +0000] \"GET /api HTTP/1.1\" 200 41 \"-\" \"curl/8.7.1\"","service":"acquisitions-api","timestamp":"2026-01-13T08:42:09.915Z"}
{"level":"info","message":"::1 - - [13/Jan/2026:08:42:09 +0000] \"GET /api HTTP/1.1\" 200 41 \"-\" \"curl/8.7.1\"","service":"acquisitions-api","timestamp":"2026-01-13T08:42:09.925Z"}
{"level":"info","message":"::1 - - [13/Jan/2026:08:42:09 +0000] \"GET /api HTTP/1.1\" 200 41 \"-\" \"curl/8.7.1\"","service":"acquisitions-api","timestamp":"2026-01-13T08:42:09.935Z"}
{"level":"info","message":"::1 - - [13/Jan/2026:08:42:09 +0000] \"GET /api HTTP/1.1\" 200 41 \"-\" \"curl/8.7.1\"","service":"acquisitions-api","timestamp":"2026-01-13T08:42:09.946Z"}
{"level":"info","message":"::1 - - [13/Jan/2026:08:42:09 +0000] \"GET /api HTTP/1.1\" 200 41 \"-\" \"curl/8.7.1\"","service":"acquisitions-api","timestamp":"2026-01-13T08:42:09.956Z"}
{"level":"info","message":"::1 - - [13/Jan/2026:08:42:09 +0000] \"GET /api HTTP/1.1\" 200 41 \"-\" \"curl/8.7.1\"","service":"acquisitions-api","timestamp":"2026-01-13T08:42:09.967Z"}
{"level":"info","message":"::1 - - [13/Jan/2026:08:42:09 +0000] \"GET /api HTTP/1.1\" 200 41 \"-\" \"curl/8.7.1\"","service":"acquisitions-api","timestamp":"2026-01-13T08:42:09.977Z"}
{"level":"info","message":"::1 - - [13/Jan/2026:08:42:09 +0000] \"GET /api HTTP/1.1\" 200 41 \"-\" \"curl/8.7.1\"","service":"acquisitions-api","timestamp":"2026-01-13T08:42:09.987Z"}
{"level":"info","message":"::1 - - [13/Jan/2026:08:42:09 +0000] \"GET /api HTTP/1.1\" 200 41 \"-\" \"curl/8.7.1\"","service":"acquisitions-api","timestamp":"2026-01-13T08:42:09.997Z"}
{"level":"info","message":"::1 - - [13/Jan/2026:08:42:10 +0000] \"GET /api HTTP/1.1\" 200 41 \"-\" \"curl/8.7.1\"","service":"acquisitions-api","timestamp":"2026-01-13T08:42:10.008Z"}
{"level":"info","message":"::1 - - [13/Jan/2026:08:42:10 +0000] \"GET /api HTTP/1.1\" 200 41 \"-\" \"curl/8.7.1\"","service":"acquisitions-api","timestamp":"2026-01-13T08:42:10.018Z"}
{"level":"info","message":"::1 - - [13/Jan/2026:08:42:10 +0000] \"GET /api HTTP/1.1\" 200 41 \"-\" \"curl/8.7.1\"","service":"acquisitions-api","timestamp":"2026-01-13T08:42:10.030Z"}
{"level":"info","message":"::1 - - [13/Jan/2026:08:42:10 +0000] \"GET /api HTTP/1.1\" 200 41 \"-\" \"curl/8.7.1\"","service":"acquisitions-api","timestamp":"2026-01-13T08:42:10.041Z"}
{"level":"info","message":"::1 - - [13/Jan/2026:08:42:10 +0000] \"GET /api HTTP/1.1\" 200 41 \"-\" \"curl/8.7.1\"","service":"acquisitions-api","timestamp":"2026-01-13T08:42:10.051Z"}
{"level":"info","message":"::1 - - [13/Jan/2026:08:42:10 +0000] \"GET /api HTTP/1.1\" 200 41 \"-\" \"curl/8.7.1\"","service":"acquisitions-api","timestamp":"2026-01-13T08:42:10.063Z"}
{"level":"info","message":"::1 - - [13/Jan/2026:08:42:10 +0000] \"GET /api HTTP/1.1\" 200 41 \"-\" \"curl/8.7.1\"","service":"acquisitions-api","timestamp":"2026-01-13T08:42:10.073Z"}
{"level":"info","message":"::1 - - [13/Jan/2026:08:42:10 +0000] \"GET /api HTTP/1.1\" 200 41 \"-\" \"curl/8.7.1\"","service":"acquisitions-api","timestamp":"2026-01-13T08:42:10.083Z"}
{"level":"info","message":"::1 - - [13/Jan/2026:08:42:10 +0000] \"GET /api HTTP/1.1\" 200 41 \"-\" \"curl/8.7.1\"","service":"acquisitions-api","timestamp":"2026-01-13T08:42:10.094Z"}
{"level":"info","message":"::1 - - [13/Jan/2026:08:42:10 +0000] \"GET /api HTTP/1.1\" 200 41 \"-\" \"curl/8.7.1\"","service":"acquisitions-api","timestamp":"2026-01-13T08:42:10.103Z"}
{"level":"info","message":"::1 - - [13/Jan/2026:08:42:10 +0000] \"GET /api HTTP/1.1\" 200 41 \"-\" \"curl/8.7.1\"","service":"acquisitions-api","timestamp":"2026-01-13T08:42:10.113Z"}
{"level":"info","message":"::1 - - [13/Jan/2026:08:42:10 +0000] \"GET /api HTTP/1.1\" 200 41 \"-\" \"curl/8.7.1\"","service":"acquisitions-api","timestamp":"2026-01-13T08:42:10.125Z"}
{"level":"info","message":"::1 - - [13/Jan/2026:08:42:10 +0000] \"GET /api HTTP/1.1\" 200 41 \"-\" \"curl/8.7.1\"","service":"acquisitions-api","timestamp":"2026-01-13T08:42:10.134Z"}
{"level":"info","message":"::1 - - [13/Jan/2026:08:42:10 +0000] \"GET /api HTTP/1.1\" 200 41 \"-\" \"curl/8.7.1\"","service":"acquisitions-api","timestamp":"2026-01-13T08:42:10.145Z"}
{"level":"info","message":"::1 - - [13/Jan/2026:08:42:10 +0000] \"GET /api HTTP/1.1\" 200 41 \"-\" \"curl/8.7.1\"","service":"acquisitions-api","timestamp":"2026-01-13T08:42:10.155Z"}
{"level":"info","message":"::1 - - [13/Jan/2026:08:42:10 +0000] \"GET /api HTTP/1.1\" 200 41 \"-\" \"curl/8.7.1\"","service":"acquisitions-api","timestamp":"2026-01-13T08:42:10.164Z"}
{"level":"info","message":"::1 - - [13/Jan/2026:08:42:10 +0000] \"GET /api HTTP/1.1\" 200 41 \"-\" \"curl/8.7.1\"","service":"acquisitions-api","timestamp":"2026-01-13T08:42:10.175Z"}
{"level":"info","message":"::1 - - [13/Jan/2026:08:42:10 +0000] \"GET /api HTTP/1.1\" 200 41 \"-\" \"curl/8.7.1\"","service":"acquisitions-api","timestamp":"2026-01-13T08:42:10.185Z"}
{"level":"info","message":"::1 - - [13/Jan/2026:08:42:10 +0000] \"GET /api HTTP/1.1\" 200 41 \"-\" \"curl/8.7.1\"","service":"acquisitions-api","timestamp":"2026-01-13T08:42:10.196Z"}
{"level":"info","message":"::1 - - [13/Jan/2026:08:42:10 +0000] \"GET /api HTTP/1.1\" 200 41 \"-\" \"curl/8.7.1\"","service":"acquisitions-api","timestamp":"2026-01-13T08:42:10.206Z"}
{"level":"info","message":"::1 - - [13/Jan/2026:08:42:10 +0000] \"GET /api HTTP/1.1\" 200 41 \"-\" \"curl/8.7.1\"","service":"acquisitions-api","timestamp":"2026-01-13T08:42:10.216Z"}
{"level":"info","message":"::1 - - [13/Jan/2026:08:42:10 +0000] \"GET /api HTTP/1.1\" 200 41 \"-\" \"curl/8.7.1\"","service":"acquisitions-api","timestamp":"2026-01-13T08:42:10.226Z"}
{"level":"info","message":"::1 - - [13/Jan/2026:08:42:10 +0000] \"GET /api HTTP/1.1\" 200 41 \"-\" \"curl/8.7.1\"","service":"acquisitions-api","timestamp":"2026-01-13T08:42:10.236Z"}
{"level":"info","message":"::1 - - [13/Jan/2026:08:42:10 +0000] \"GET /api HTTP/1.1\" 200 41 \"-\" \"curl/8.7.1\"","service":"acquisitions-api","timestamp":"2026-01-13T08:42:10.246Z"}
{"level":"info","message":"::1 - - [13/Jan/2026:08:42:10 +0000] \"GET /api HTTP/1.1\" 200 41 \"-\" \"curl/8.7.1\"","service":"acquisitions-api","timestamp":"2026-01-13T08:42:10.257Z"}
{"level":"info","message":"::1 - - [13/Jan/2026:08:42:10 +0000] \"GET /api HTTP/1.1\" 200 41 \"-\" \"curl/8.7.1\"","service":"acquisitions-api","timestamp":"2026-01-13T08:42:10.267Z"}
{"level":"info","message":"::1 - - [13/Jan/2026:08:42:10 +0000] \"GET /api HTTP/1.1\" 200 41 \"-\" \"curl/8.7.1\"","service":"acquisitions-api","timestamp":"2026-01-13T08:42:10.277Z"}
{"level":"info","message":"::1 - - [13/Jan/2026:08:42:10 +0000] \"GET /api HTTP/1.1\" 200 41 \"-\" \"curl/8.7.1\"","service":"acquisitions-api","timestamp":"2026-01-13T08:42:10.287Z"}
{"level":"info","message":"::1 - - [13/Jan/2026:08:42:10 +0000] \"GET /api HTTP/1.1\" 200 41 \"-\" \"curl/8.7.1\"","service":"acquisitions-api","timestamp":"2026-01-13T08:42:10.297Z"}
{"level":"info","message":"::1 - - [13/Jan/2026:08:42:10 +0000] \"GET /api HTTP/1.1\" 200 41 \"-\" \"curl/8.7.1\"","service":"acquisitions-api","timestamp":"2026-01-13T08:42:10.308Z"}
{"level":"info","message":"::1 - - [13/Jan/2026:08:42:10 +0000] \"GET /api HTTP/1.1\" 200 41 \"-\" \"curl/8.7.1\"","service":"acquisitions-api","timestamp":"2026-01-13T08:42:10.319Z"}
{"level":"info","message":"::1 - - [13/Jan/2026:08:46:21 +0000] \"GET /health HTTP/1.1\" 200 75 \"-\" \"PostmanRuntime/7.51.0\"","service":"acquisitions-api","timestamp":"2026-01-13T08:46:21.875Z"}
{"level":"info","message":"::1 - - [13/Jan/2026:08:46:22 +0000] \"GET /health HTTP/1.1\" 200 75 \"-\" \"PostmanRuntime/7.51.0\"","service":"acquisitions-api","timestamp":"2026-01-13T08:46:22.363Z"}
{"level":"info","message":"::1 - - [13/Jan/2026:08:46:27 +0000] \"GET /health HTTP/1.1\" 200 75 \"-\" \"PostmanRuntime/7.51.0\"","service":"acquisitions-api","timestamp":"2026-01-13T08:46:27.560Z"}
{"level":"info","message":"::1 - - [13/Jan/2026:08:46:28 +0000] \"GET /health HTTP/1.1\" 200 75 \"-\" \"PostmanRuntime/7.51.0\"","service":"acquisitions-api","timestamp":"2026-01-13T08:46:28.073Z"}
{"level":"info","message":"::1 - - [13/Jan/2026:08:46:28 +0000] \"GET /health HTTP/1.1\" 200 76 \"-\" \"PostmanRuntime/7.51.0\"","service":"acquisitions-api","timestamp":"2026-01-13T08:46:28.671Z"}
{"level":"info","message":"::1 - - [13/Jan/2026:08:46:29 +0000] \"GET /health HTTP/1.1\" 200 76 \"-\" \"PostmanRuntime/7.51.0\"","service":"acquisitions-api","timestamp":"2026-01-13T08:46:29.136Z"}
{"level":"info","message":"::1 - - [13/Jan/2026:08:46:29 +0000] \"GET /health HTTP/1.1\" 200 76 \"-\" \"PostmanRuntime/7.51.0\"","service":"acquisitions-api","timestamp":"2026-01-13T08:46:29.613Z"}
{"level":"info","message":"::1 - - [13/Jan/2026:08:46:30 +0000] \"GET /health HTTP/1.1\" 200 76 \"-\" \"PostmanRuntime/7.51.0\"","service":"acquisitions-api","timestamp":"2026-01-13T08:46:30.117Z"}
{"level":"info","message":"::1 - - [13/Jan/2026:08:46:30 +0000] \"GET /health HTTP/1.1\" 200 76 \"-\" \"PostmanRuntime/7.51.0\"","service":"acquisitions-api","timestamp":"2026-01-13T08:46:30.539Z"}
{"level":"info","message":"::1 - - [13/Jan/2026:08:46:30 +0000] \"GET /health HTTP/1.1\" 200 76 \"-\" \"PostmanRuntime/7.51.0\"","service":"acquisitions-api","timestamp":"2026-01-13T08:46:30.942Z"}
{"level":"info","message":"::1 - - [13/Jan/2026:08:46:31 +0000] \"GET /health HTTP/1.1\" 200 76 \"-\" \"PostmanRuntime/7.51.0\"","service":"acquisitions-api","timestamp":"2026-01-13T08:46:31.344Z"}
{"level":"info","message":"::1 - - [13/Jan/2026:08:46:31 +0000] \"GET /health HTTP/1.1\" 200 76 \"-\" \"PostmanRuntime/7.51.0\"","service":"acquisitions-api","timestamp":"2026-01-13T08:46:31.644Z"}
{"ip":"::1","level":"warn","message":"Bot request blocked","path":"/api","service":"acquisitions-api","timestamp":"2026-01-13T08:46:40.517Z","userAgent":"curl/8.7.1"}
{"level":"info","message":"::1 - - [13/Jan/2026:08:46:40 +0000] \"GET /api HTTP/1.1\" 403 68 \"-\" \"curl/8.7.1\"","service":"acquisitions-api","timestamp":"2026-01-13T08:46:40.518Z"}
{"ip":"::1","level":"warn","message":"Bot request blocked","path":"/api","service":"acquisitions-api","timestamp":"2026-01-13T08:46:40.541Z","userAgent":"curl/8.7.1"}
{"level":"info","message":"::1 - - [13/Jan/2026:08:46:40 +0000] \"GET /api HTTP/1.1\" 403 68 \"-\" \"curl/8.7.1\"","service":"acquisitions-api","timestamp":"2026-01-13T08:46:40.541Z"}
{"ip":"::1","level":"warn","message":"Bot request blocked","path":"/api","service":"acquisitions-api","timestamp":"2026-01-13T08:46:40.555Z","userAgent":"curl/8.7.1"}
{"level":"info","message":"::1 - - [13/Jan/2026:08:46:40 +0000] \"GET /api HTTP/1.1\" 403 68 \"-\" \"curl/8.7.1\"","service":"acquisitions-api","timestamp":"2026-01-13T08:46:40.555Z"}
{"ip":"::1","level":"warn","message":"Bot request blocked","path":"/api","service":"acquisitions-api","timestamp":"2026-01-13T08:46:40.569Z","userAgent":"curl/8.7.1"}
{"level":"info","message":"::1 - - [13/Jan/2026:08:46:40 +0000] \"GET /api HTTP/1.1\" 403 68 \"-\" \"curl/8.7.1\"","service":"acquisitions-api","timestamp":"2026-01-13T08:46:40.569Z"}
{"ip":"::1","level":"warn","message":"Bot request blocked","path":"/api","service":"acquisitions-api","timestamp":"2026-01-13T08:46:40.581Z","userAgent":"curl/8.7.1"}
{"level":"info","message":"::1 - - [13/Jan/2026:08:46:40 +0000] \"GET /api HTTP/1.1\" 403 68 \"-\" \"curl/8.7.1\"","service":"acquisitions-api","timestamp":"2026-01-13T08:46:40.582Z"}
{"ip":"::1","level":"warn","message":"Bot request blocked","path":"/api","service":"acquisitions-api","timestamp":"2026-01-13T08:46:40.593Z","userAgent":"curl/8.7.1"}
{"level":"info","message":"::1 - - [13/Jan/2026:08:46:40 +0000] \"GET /api HTTP/1.1\" 403 68 \"-\" \"curl/8.7.1\"","service":"acquisitions-api","timestamp":"2026-01-13T08:46:40.593Z"}
{"ip":"::1","level":"warn","message":"Bot request blocked","path":"/api","service":"acquisitions-api","timestamp":"2026-01-13T08:46:40.605Z","userAgent":"curl/8.7.1"}
{"level":"info","message":"::1 - - [13/Jan/2026:08:46:40 +0000] \"GET /api HTTP/1.1\" 403 68 \"-\" \"curl/8.7.1\"","service":"acquisitions-api","timestamp":"2026-01-13T08:46:40.605Z"}
{"ip":"::1","level":"warn","message":"Bot request blocked","path":"/api","service":"acquisitions-api","timestamp":"2026-01-13T08:46:40.617Z","userAgent":"curl/8.7.1"}
{"level":"info","message":"::1 - - [13/Jan/2026:08:46:40 +0000] \"GET /api HTTP/1.1\" 403 68 \"-\" \"curl/8.7.1\"","service":"acquisitions-api","timestamp":"2026-01-13T08:46:40.617Z"}
{"ip":"::1","level":"warn","message":"Bot request blocked","path":"/api","service":"acquisitions-api","timestamp":"2026-01-13T08:46:40.628Z","userAgent":"curl/8.7.1"}
{"level":"info","message":"::1 - - [13/Jan/2026:08:46:40 +0000] \"GET /api HTTP/1.1\" 403 68 \"-\" \"curl/8.7.1\"","service":"acquisitions-api","timestamp":"2026-01-13T08:46:40.628Z"}
{"ip":"::1","level":"warn","message":"Bot request blocked","path":"/api","service":"acquisitions-api","timestamp":"2026-01-13T08:46:40.639Z","userAgent":"curl/8.7.1"}
{"level":"info","message":"::1 - - [13/Jan/2026:08:46:40 +0000] \"GET /api HTTP/1.1\" 403 68 \"-\" \"curl/8.7.1\"","service":"acquisitions-api","timestamp":"2026-01-13T08:46:40.640Z"}
{"level":"info","message":"::1 - - [13/Jan/2026:14:03:20 +0000] \"GET /health HTTP/1.1\" 200 79 \"-\" \"PostmanRuntime/7.51.0\"","service":"acquisitions-api","timestamp":"2026-01-13T14:03:20.212Z"}
{"ip":"::1","level":"warn","message":"Bot request blocked","path":"/api","service":"acquisitions-api","timestamp":"2026-01-13T14:07:01.449Z","userAgent":"curl/8.7.1"}
{"level":"info","message":"::1 - - [13/Jan/2026:14:07:01 +0000] \"GET /api HTTP/1.1\" 403 68 \"-\" \"curl/8.7.1\"","service":"acquisitions-api","timestamp":"2026-01-13T14:07:01.453Z"}
{"ip":"::1","level":"warn","message":"Bot request blocked","path":"/api","service":"acquisitions-api","timestamp":"2026-01-13T14:07:01.468Z","userAgent":"curl/8.7.1"}
{"level":"info","message":"::1 - - [13/Jan/2026:14:07:01 +0000] \"GET /api HTTP/1.1\" 403 68 \"-\" \"curl/8.7.1\"","service":"acquisitions-api","timestamp":"2026-01-13T14:07:01.469Z"}
{"ip":"::1","level":"warn","message":"Bot request blocked","path":"/api","service":"acquisitions-api","timestamp":"2026-01-13T14:07:01.483Z","userAgent":"curl/8.7.1"}
{"level":"info","message":"::1 - - [13/Jan/2026:14:07:01 +0000] \"GET /api HTTP/1.1\" 403 68 \"-\" \"curl/8.7.1\"","service":"acquisitions-api","timestamp":"2026-01-13T14:07:01.483Z"}
{"ip":"::1","level":"warn","message":"Bot request blocked","path":"/api","service":"acquisitions-api","timestamp":"2026-01-13T14:07:01.497Z","userAgent":"curl/8.7.1"}
{"level":"info","message":"::1 - - [13/Jan/2026:14:07:01 +0000] \"GET /api HTTP/1.1\" 403 68 \"-\" \"curl/8.7.1\"","service":"acquisitions-api","timestamp":"2026-01-13T14:07:01.497Z"}
{"ip":"::1","level":"warn","message":"Bot request blocked","path":"/api","service":"acquisitions-api","timestamp":"2026-01-13T14:07:01.510Z","userAgent":"curl/8.7.1"}
{"level":"info","message":"::1 - - [13/Jan/2026:14:07:01 +0000] \"GET /api HTTP/1.1\" 403 68 \"-\" \"curl/8.7.1\"","service":"acquisitions-api","timestamp":"2026-01-13T14:07:01.511Z"}
{"level":"info","message":"::1 - - [13/Jan/2026:14:07:27 +0000] \"GET /api HTTP/1.1\" 200 41 \"-\" \"curl/8.7.1\"","service":"acquisitions-api","timestamp":"2026-01-13T14:07:27.782Z"}
{"level":"info","message":"::1 - - [13/Jan/2026:14:07:27 +0000] \"GET /api HTTP/1.1\" 200 41 \"-\" \"curl/8.7.1\"","service":"acquisitions-api","timestamp":"2026-01-13T14:07:27.806Z"}
{"level":"info","message":"::1 - - [13/Jan/2026:14:07:27 +0000] \"GET /api HTTP/1.1\" 200 41 \"-\" \"curl/8.7.1\"","service":"acquisitions-api","timestamp":"2026-01-13T14:07:27.823Z"}
{"level":"info","message":"::1 - - [13/Jan/2026:14:07:27 +0000] \"GET /api HTTP/1.1\" 200 41 \"-\" \"curl/8.7.1\"","service":"acquisitions-api","timestamp":"2026-01-13T14:07:27.836Z"}
{"level":"info","message":"::1 - - [13/Jan/2026:14:07:27 +0000] \"GET /api HTTP/1.1\" 200 41 \"-\" \"curl/8.7.1\"","service":"acquisitions-api","timestamp":"2026-01-13T14:07:27.851Z"}
{"level":"info","message":"::1 - - [13/Jan/2026:14:07:41 +0000] \"GET /api HTTP/1.1\" 200 41 \"-\" \"Mozilla/5.0\"","service":"acquisitions-api","timestamp":"2026-01-13T14:07:41.638Z"}
{"level":"info","message":"::1 - - [13/Jan/2026:14:07:49 +0000] \"GET /api HTTP/1.1\" 200 41 \"-\" \"Mozilla/5.0\"","service":"acquisitions-api","timestamp":"2026-01-13T14:07:49.653Z"}
{"level":"info","message":"::1 - - [13/Jan/2026:14:07:49 +0000] \"GET /api HTTP/1.1\" 200 41 \"-\" \"Mozilla/5.0\"","service":"acquisitions-api","timestamp":"2026-01-13T14:07:49.680Z"}
{"level":"info","message":"::1 - - [13/Jan/2026:14:07:49 +0000] \"GET /api HTTP/1.1\" 200 41 \"-\" \"Mozilla/5.0\"","service":"acquisitions-api","timestamp":"2026-01-13T14:07:49.697Z"}
{"level":"info","message":"::1 - - [13/Jan/2026:14:07:49 +0000] \"GET /api HTTP/1.1\" 200 41 \"-\" \"Mozilla/5.0\"","service":"acquisitions-api","timestamp":"2026-01-13T14:07:49.710Z"}
{"level":"info","message":"::1 - - [13/Jan/2026:14:07:49 +0000] \"GET /api HTTP/1.1\" 200 41 \"-\" \"Mozilla/5.0\"","service":"acquisitions-api","timestamp":"2026-01-13T14:07:49.723Z"}
{"level":"info","message":"::1 - - [13/Jan/2026:14:08:45 +0000] \"GET /api HTTP/1.1\" 200 41 \"-\" \"Mozilla/5.0\"","service":"acquisitions-api","timestamp":"2026-01-13T14:08:45.998Z"}
{"level":"info","message":"::1 - - [13/Jan/2026:14:08:46 +0000] \"GET /api HTTP/1.1\" 200 41 \"-\" \"Mozilla/5.0\"","service":"acquisitions-api","timestamp":"2026-01-13T14:08:46.086Z"}
{"ip":"::1","level":"warn","message":"Rate limit exceeded","path":"/api","service":"acquisitions-api","timestamp":"2026-01-13T14:08:46.177Z","userAgent":"Mozilla/5.0"}
{"level":"info","message":"::1 - - [13/Jan/2026:14:08:46 +0000] \"GET /api HTTP/1.1\" 403 51 \"-\" \"Mozilla/5.0\"","service":"acquisitions-api","timestamp":"2026-01-13T14:08:46.178Z"}
{"ip":"::1","level":"warn","message":"Rate limit exceeded","path":"/api","service":"acquisitions-api","timestamp":"2026-01-13T14:08:46.202Z","userAgent":"Mozilla/5.0"}
{"level":"info","message":"::1 - - [13/Jan/2026:14:08:46 +0000] \"GET /api HTTP/1.1\" 403 51 \"-\" \"Mozilla/5.0\"","service":"acquisitions-api","timestamp":"2026-01-13T14:08:46.203Z"}
{"ip":"::1","level":"warn","message":"Rate limit exceeded","path":"/api","service":"acquisitions-api","timestamp":"2026-01-13T14:08:46.221Z","userAgent":"Mozilla/5.0"}
{"level":"info","message":"::1 - - [13/Jan/2026:14:08:46 +0000] \"GET /api HTTP/1.1\" 403 51 \"-\" \"Mozilla/5.0\"","service":"acquisitions-api","timestamp":"2026-01-13T14:08:46.221Z"}
{"level":"info","message":"::1 - - [13/Jan/2026:14:09:31 +0000] \"GET /health HTTP/1.1\" 200 75 \"-\" \"PostmanRuntime/7.51.0\"","service":"acquisitions-api","timestamp":"2026-01-13T14:09:31.438Z"}
{"level":"info","message":"::1 - - [13/Jan/2026:14:09:31 +0000] \"GET /health HTTP/1.1\" 200 75 \"-\" \"PostmanRuntime/7.51.0\"","service":"acquisitions-api","timestamp":"2026-01-13T14:09:31.967Z"}
{"level":"info","message":"::1 - - [13/Jan/2026:14:09:32 +0000] \"GET /health HTTP/1.1\" 200 75 \"-\" \"PostmanRuntime/7.51.0\"","service":"acquisitions-api","timestamp":"2026-01-13T14:09:32.519Z"}
{"level":"info","message":"::1 - - [13/Jan/2026:14:09:33 +0000] \"GET /health HTTP/1.1\" 200 75 \"-\" \"PostmanRuntime/7.51.0\"","service":"acquisitions-api","timestamp":"2026-01-13T14:09:33.041Z"}
{"level":"info","message":"::1 - - [13/Jan/2026:14:09:33 +0000] \"GET /health HTTP/1.1\" 200 75 \"-\" \"PostmanRuntime/7.51.0\"","service":"acquisitions-api","timestamp":"2026-01-13T14:09:33.559Z"}
{"level":"info","message":"::1 - - [13/Jan/2026:14:09:36 +0000] \"GET /health HTTP/1.1\" 200 74 \"-\" \"PostmanRuntime/7.51.0\"","service":"acquisitions-api","timestamp":"2026-01-13T14:09:36.292Z"}
{"level":"info","message":"::1 - - [13/Jan/2026:14:09:36 +0000] \"GET /health HTTP/1.1\" 200 76 \"-\" \"PostmanRuntime/7.51.0\"","service":"acquisitions-api","timestamp":"2026-01-13T14:09:36.842Z"}
{"level":"info","message":"::1 - - [13/Jan/2026:14:09:37 +0000] \"GET /health HTTP/1.1\" 200 76 \"-\" \"PostmanRuntime/7.51.0\"","service":"acquisitions-api","timestamp":"2026-01-13T14:09:37.267Z"}
{"level":"info","message":"::1 - - [13/Jan/2026:14:09:37 +0000] \"GET /health HTTP/1.1\" 200 76 \"-\" \"PostmanRuntime/7.51.0\"","service":"acquisitions-api","timestamp":"2026-01-13T14:09:37.894Z"}
{"level":"info","message":"::1 - - [13/Jan/2026:14:09:38 +0000] \"GET /health HTTP/1.1\" 200 76 \"-\" \"PostmanRuntime/7.51.0\"","service":"acquisitions-api","timestamp":"2026-01-13T14:09:38.523Z"}
{"level":"info","message":"::1 - - [13/Jan/2026:14:09:39 +0000] \"GET /health HTTP/1.1\" 200 76 \"-\" \"PostmanRuntime/7.51.0\"","service":"acquisitions-api","timestamp":"2026-01-13T14:09:39.127Z"}
{"level":"info","message":"::1 - - [13/Jan/2026:14:09:53 +0000] \"GET /api HTTP/1.1\" 200 41 \"-\" \"Mozilla/5.0\"","service":"acquisitions-api","timestamp":"2026-01-13T14:09:53.197Z"}
{"level":"info","message":"::1 - - [13/Jan/2026:14:09:53 +0000] \"GET /api HTTP/1.1\" 200 41 \"-\" \"Mozilla/5.0\"","service":"acquisitions-api","timestamp":"2026-01-13T14:09:53.230Z"}
{"level":"info","message":"::1 - - [13/Jan/2026:14:09:53 +0000] \"GET /api HTTP/1.1\" 200 41 \"-\" \"Mozilla/5.0\"","service":"acquisitions-api","timestamp":"2026-01-13T14:09:53.255Z"}
{"level":"info","message":"::1 - - [13/Jan/2026:14:09:53 +0000] \"GET /api HTTP/1.1\" 200 41 \"-\" \"Mozilla/5.0\"","service":"acquisitions-api","timestamp":"2026-01-13T14:09:53.267Z"}
{"level":"info","message":"::1 - - [13/Jan/2026:14:09:53 +0000] \"GET /api HTTP/1.1\" 200 41 \"-\" \"Mozilla/5.0\"","service":"acquisitions-api","timestamp":"2026-01-13T14:09:53.279Z"}
{"level":"info","message":"::1 - - [13/Jan/2026:14:10:36 +0000] \"GET /api HTTP/1.1\" 200 41 \"-\" \"Mozilla/5.0\"","service":"acquisitions-api","timestamp":"2026-01-13T14:10:36.601Z"}
{"level":"info","message":"::1 - - [13/Jan/2026:14:10:36 +0000] \"GET /api HTTP/1.1\" 200 41 \"-\" \"Mozilla/5.0\"","service":"acquisitions-api","timestamp":"2026-01-13T14:10:36.692Z"}
{"ip":"::1","level":"warn","message":"Rate limit exceeded","path":"/api","service":"acquisitions-api","timestamp":"2026-01-13T14:10:36.781Z","userAgent":"Mozilla/5.0"}
{"level":"info","message":"::1 - - [13/Jan/2026:14:10:36 +0000] \"GET /api HTTP/1.1\" 403 51 \"-\" \"Mozilla/5.0\"","service":"acquisitions-api","timestamp":"2026-01-13T14:10:36.781Z"}
{"ip":"::1","level":"warn","message":"Rate limit exceeded","path":"/api","service":"acquisitions-api","timestamp":"2026-01-13T14:10:36.805Z","userAgent":"Mozilla/5.0"}
{"level":"info","message":"::1 - - [13/Jan/2026:14:10:36 +0000] \"GET /api HTTP/1.1\" 403 51 \"-\" \"Mozilla/5.0\"","service":"acquisitions-api","timestamp":"2026-01-13T14:10:36.806Z"}
{"ip":"::1","level":"warn","message":"Rate limit exceeded","path":"/api","service":"acquisitions-api","timestamp":"2026-01-13T14:10:36.823Z","userAgent":"Mozilla/5.0"}
{"level":"info","message":"::1 - - [13/Jan/2026:14:10:36 +0000] \"GET /api HTTP/1.1\" 403 51 \"-\" \"Mozilla/5.0\"","service":"acquisitions-api","timestamp":"2026-01-13T14:10:36.824Z"}
{"ip":"::1","level":"warn","message":"Rate limit exceeded","path":"/health","service":"acquisitions-api","timestamp":"2026-01-13T14:10:50.613Z","userAgent":"PostmanRuntime/7.51.0"}
{"level":"info","message":"::1 - - [13/Jan/2026:14:10:50 +0000] \"GET /health HTTP/1.1\" 403 51 \"-\" \"PostmanRuntime/7.51.0\"","service":"acquisitions-api","timestamp":"2026-01-13T14:10:50.615Z"}
{"ip":"::1","level":"warn","message":"Rate limit exceeded","path":"/health","service":"acquisitions-api","timestamp":"2026-01-13T14:10:51.154Z","userAgent":"PostmanRuntime/7.51.0"}
{"level":"info","message":"::1 - - [13/Jan/2026:14:10:51 +0000] \"GET /health HTTP/1.1\" 403 51 \"-\" \"PostmanRuntime/7.51.0\"","service":"acquisitions-api","timestamp":"2026-01-13T14:10:51.155Z"}
{"ip":"::1","level":"warn","message":"Rate limit exceeded","path":"/health","service":"acquisitions-api","timestamp":"2026-01-13T14:10:51.823Z","userAgent":"PostmanRuntime/7.51.0"}
{"level":"info","message":"::1 - - [13/Jan/2026:14:10:51 +0000] \"GET /health HTTP/1.1\" 403 51 \"-\" \"PostmanRuntime/7.51.0\"","service":"acquisitions-api","timestamp":"2026-01-13T14:10:51.825Z"}
{"ip":"::1","level":"warn","message":"Rate limit exceeded","path":"/health","service":"acquisitions-api","timestamp":"2026-01-13T14:10:52.394Z","userAgent":"PostmanRuntime/7.51.0"}
{"level":"info","message":"::1 - - [13/Jan/2026:14:10:52 +0000] \"GET /health HTTP/1.1\" 403 51 \"-\" \"PostmanRuntime/7.51.0\"","service":"acquisitions-api","timestamp":"2026-01-13T14:10:52.396Z"}
{"level":"info","message":"::1 - - [13/Jan/2026:14:11:06 +0000] \"GET /health HTTP/1.1\" 200 74 \"-\" \"PostmanRuntime/7.51.0\"","service":"acquisitions-api","timestamp":"2026-01-13T14:11:06.185Z"}
{"level":"info","message":"::1 - - [13/Jan/2026:14:11:06 +0000] \"GET /health HTTP/1.1\" 200 75 \"-\" \"PostmanRuntime/7.51.0\"","service":"acquisitions-api","timestamp":"2026-01-13T14:11:06.845Z"}
{"level":"info","message":"::1 - - [13/Jan/2026:14:11:07 +0000] \"GET /health HTTP/1.1\" 200 73 \"-\" \"PostmanRuntime/7.51.0\"","service":"acquisitions-api","timestamp":"2026-01-13T14:11:07.436Z"}
{"level":"info","message":"::1 - - [13/Jan/2026:14:11:08 +0000] \"GET /health HTTP/1.1\" 200 75 \"-\" \"PostmanRuntime/7.51.0\"","service":"acquisitions-api","timestamp":"2026-01-13T14:11:08.094Z"}
{"level":"info","message":"::1 - - [13/Jan/2026:14:11:08 +0000] \"GET /health HTTP/1.1\" 200 75 \"-\" \"PostmanRuntime/7.51.0\"","service":"acquisitions-api","timestamp":"2026-01-13T14:11:08.631Z"}
{"level":"info","message":"::1 - - [13/Jan/2026:14:11:09 +0000] \"GET /health HTTP/1.1\" 200 72 \"-\" \"PostmanRuntime/7.51.0\"","service":"acquisitions-api","timestamp":"2026-01-13T14:11:09.211Z"}
{"level":"info","message":"::1 - - [13/Jan/2026:14:11:09 +0000] \"GET /health HTTP/1.1\" 200 74 \"-\" \"PostmanRuntime/7.51.0\"","service":"acquisitions-api","timestamp":"2026-01-13T14:11:09.760Z"}
{"level":"info","message":"::1 - - [13/Jan/2026:14:11:11 +0000] \"GET /health HTTP/1.1\" 200 74 \"-\" \"PostmanRuntime/7.51.0\"","service":"acquisitions-api","timestamp":"2026-01-13T14:11:11.910Z"}
{"level":"info","message":"::1 - - [13/Jan/2026:14:11:18 +0000] \"GET /api HTTP/1.1\" 200 41 \"-\" \"Mozilla/5.0\"","service":"acquisitions-api","timestamp":"2026-01-13T14:11:18.809Z"}
{"level":"info","message":"::1 - - [13/Jan/2026:14:11:18 +0000] \"GET /api HTTP/1.1\" 200 41 \"-\" \"Mozilla/5.0\"","service":"acquisitions-api","timestamp":"2026-01-13T14:11:18.832Z"}
{"level":"info","message":"::1 - - [13/Jan/2026:14:11:18 +0000] \"GET /api HTTP/1.1\" 200 41 \"-\" \"Mozilla/5.0\"","service":"acquisitions-api","timestamp":"2026-01-13T14:11:18.847Z"}
{"level":"info","message":"::1 - - [13/Jan/2026:14:11:18 +0000] \"GET /api HTTP/1.1\" 200 41 \"-\" \"Mozilla/5.0\"","service":"acquisitions-api","timestamp":"2026-01-13T14:11:18.859Z"}
{"level":"info","message":"::1 - - [13/Jan/2026:14:11:18 +0000] \"GET /api HTTP/1.1\" 200 41 \"-\" \"Mozilla/5.0\"","service":"acquisitions-api","timestamp":"2026-01-13T14:11:18.872Z"}
{"level":"info","message":"::1 - - [13/Jan/2026:14:11:21 +0000] \"GET /api HTTP/1.1\" 200 41 \"-\" \"Mozilla/5.0\"","service":"acquisitions-api","timestamp":"2026-01-13T14:11:21.950Z"}
{"level":"info","message":"::1 - - [13/Jan/2026:14:11:21 +0000] \"GET /api HTTP/1.1\" 200 41 \"-\" \"Mozilla/5.0\"","service":"acquisitions-api","timestamp":"2026-01-13T14:11:21.976Z"}
{"level":"info","message":"::1 - - [13/Jan/2026:14:11:21 +0000] \"GET /api HTTP/1.1\" 200 41 \"-\" \"Mozilla/5.0\"","service":"acquisitions-api","timestamp":"2026-01-13T14:11:21.991Z"}
{"level":"info","message":"::1 - - [13/Jan/2026:14:11:22 +0000] \"GET /api HTTP/1.1\" 200 41 \"-\" \"Mozilla/5.0\"","service":"acquisitions-api","timestamp":"2026-01-13T14:11:22.006Z"}
{"level":"info","message":"::1 - - [13/Jan/2026:14:11:22 +0000] \"GET /api HTTP/1.1\" 200 41 \"-\" \"Mozilla/5.0\"","service":"acquisitions-api","timestamp":"2026-01-13T14:11:22.018Z"}
{"level":"info","message":"::1 - - [13/Jan/2026:14:11:23 +0000] \"GET /api HTTP/1.1\" 200 41 \"-\" \"Mozilla/5.0\"","service":"acquisitions-api","timestamp":"2026-01-13T14:11:23.286Z"}
{"level":"info","message":"::1 - - [13/Jan/2026:14:11:23 +0000] \"GET /api HTTP/1.1\" 200 41 \"-\" \"Mozilla/5.0\"","service":"acquisitions-api","timestamp":"2026-01-13T14:11:23.314Z"}
{"level":"info","message":"::1 - - [13/Jan/2026:14:11:23 +0000] \"GET /api HTTP/1.1\" 200 41 \"-\" \"Mozilla/5.0\"","service":"acquisitions-api","timestamp":"2026-01-13T14:11:23.335Z"}
{"level":"info","message":"::1 - - [13/Jan/2026:14:11:23 +0000] \"GET /api HTTP/1.1\" 200 41 \"-\" \"Mozilla/5.0\"","service":"acquisitions-api","timestamp":"2026-01-13T14:11:23.349Z"}
{"level":"info","message":"::1 - - [13/Jan/2026:14:11:23 +0000] \"GET /api HTTP/1.1\" 200 41 \"-\" \"Mozilla/5.0\"","service":"acquisitions-api","timestamp":"2026-01-13T14:11:23.363Z"}
{"level":"info","message":"::1 - - [13/Jan/2026:14:11:28 +0000] \"GET /api HTTP/1.1\" 200 41 \"-\" \"Mozilla/5.0\"","service":"acquisitions-api","timestamp":"2026-01-13T14:11:28.813Z"}
{"level":"info","message":"::1 - - [13/Jan/2026:14:11:28 +0000] \"GET /api HTTP/1.1\" 200 41 \"-\" \"Mozilla/5.0\"","service":"acquisitions-api","timestamp":"2026-01-13T14:11:28.841Z"}
{"level":"info","message":"::1 - - [13/Jan/2026:14:11:28 +0000] \"GET /api HTTP/1.1\" 200 41 \"-\" \"Mozilla/5.0\"","service":"acquisitions-api","timestamp":"2026-01-13T14:11:28.855Z"}
{"level":"info","message":"::1 - - [13/Jan/2026:14:11:28 +0000] \"GET /api HTTP/1.1\" 200 41 \"-\" \"Mozilla/5.0\"","service":"acquisitions-api","timestamp":"2026-01-13T14:11:28.868Z"}
{"level":"info","message":"::1 - - [13/Jan/2026:14:11:28 +0000] \"GET /api HTTP/1.1\" 200 41 \"-\" \"Mozilla/5.0\"","service":"acquisitions-api","timestamp":"2026-01-13T14:11:28.882Z"}
{"level":"info","message":"::1 - - [13/Jan/2026:14:11:28 +0000] \"GET /api HTTP/1.1\" 200 41 \"-\" \"Mozilla/5.0\"","service":"acquisitions-api","timestamp":"2026-01-13T14:11:28.895Z"}
{"level":"info","message":"::1 - - [13/Jan/2026:14:11:28 +0000] \"GET /api HTTP/1.1\" 200 41 \"-\" \"Mozilla/5.0\"","service":"acquisitions-api","timestamp":"2026-01-13T14:11:28.907Z"}
{"level":"info","message":"::1 - - [13/Jan/2026:14:11:28 +0000] \"GET /api HTTP/1.1\" 200 41 \"-\" \"Mozilla/5.0\"","service":"acquisitions-api","timestamp":"2026-01-13T14:11:28.918Z"}
{"level":"info","message":"::1 - - [13/Jan/2026:14:11:28 +0000] \"GET /api HTTP/1.1\" 200 41 \"-\" \"Mozilla/5.0\"","service":"acquisitions-api","timestamp":"2026-01-13T14:11:28.930Z"}
{"level":"info","message":"::1 - - [13/Jan/2026:14:11:28 +0000] \"GET /api HTTP/1.1\" 200 41 \"-\" \"Mozilla/5.0\"","service":"acquisitions-api","timestamp":"2026-01-13T14:11:28.939Z"}
{"level":"info","message":"::1 - - [13/Jan/2026:14:11:28 +0000] \"GET /api HTTP/1.1\" 200 41 \"-\" \"Mozilla/5.0\"","service":"acquisitions-api","timestamp":"2026-01-13T14:11:28.949Z"}
{"level":"info","message":"::1 - - [13/Jan/2026:14:11:28 +0000] \"GET /api HTTP/1.1\" 200 41 \"-\" \"Mozilla/5.0\"","service":"acquisitions-api","timestamp":"2026-01-13T14:11:28.958Z"}
{"level":"info","message":"::1 - - [13/Jan/2026:14:11:28 +0000] \"GET /api HTTP/1.1\" 200 41 \"-\" \"Mozilla/5.0\"","service":"acquisitions-api","timestamp":"2026-01-13T14:11:28.972Z"}
{"level":"info","message":"::1 - - [13/Jan/2026:14:11:28 +0000] \"GET /api HTTP/1.1\" 200 41 \"-\" \"Mozilla/5.0\"","service":"acquisitions-api","timestamp":"2026-01-13T14:11:28.981Z"}
{"level":"info","message":"::1 - - [13/Jan/2026:14:11:28 +0000] \"GET /api HTTP/1.1\" 200 41 \"-\" \"Mozilla/5.0\"","service":"acquisitions-api","timestamp":"2026-01-13T14:11:28.990Z"}
{"level":"info","message":"::1 - - [13/Jan/2026:14:11:29 +0000] \"GET /api HTTP/1.1\" 200 41 \"-\" \"Mozilla/5.0\"","service":"acquisitions-api","timestamp":"2026-01-13T14:11:29.000Z"}
{"level":"info","message":"::1 - - [13/Jan/2026:14:11:29 +0000] \"GET /api HTTP/1.1\" 200 41 \"-\" \"Mozilla/5.0\"","service":"acquisitions-api","timestamp":"2026-01-13T14:11:29.009Z"}
{"level":"info","message":"::1 - - [13/Jan/2026:14:11:29 +0000] \"GET /api HTTP/1.1\" 200 41 \"-\" \"Mozilla/5.0\"","service":"acquisitions-api","timestamp":"2026-01-13T14:11:29.019Z"}
{"level":"info","message":"::1 - - [13/Jan/2026:14:11:29 +0000] \"GET /api HTTP/1.1\" 200 41 \"-\" \"Mozilla/5.0\"","service":"acquisitions-api","timestamp":"2026-01-13T14:11:29.029Z"}
{"level":"info","message":"::1 - - [13/Jan/2026:14:11:29 +0000] \"GET /api HTTP/1.1\" 200 41 \"-\" \"Mozilla/5.0\"","service":"acquisitions-api","timestamp":"2026-01-13T14:11:29.038Z"}
{"level":"info","message":"::1 - - [13/Jan/2026:14:11:29 +0000] \"GET /api HTTP/1.1\" 200 41 \"-\" \"Mozilla/5.0\"","service":"acquisitions-api","timestamp":"2026-01-13T14:11:29.048Z"}
{"level":"info","message":"::1 - - [13/Jan/2026:14:11:29 +0000] \"GET /api HTTP/1.1\" 200 41 \"-\" \"Mozilla/5.0\"","service":"acquisitions-api","timestamp":"2026-01-13T14:11:29.057Z"}
{"level":"info","message":"::1 - - [13/Jan/2026:14:11:29 +0000] \"GET /api HTTP/1.1\" 200 41 \"-\" \"Mozilla/5.0\"","service":"acquisitions-api","timestamp":"2026-01-13T14:11:29.068Z"}
{"level":"info","message":"::1 - - [13/Jan/2026:14:11:29 +0000] \"GET /api HTTP/1.1\" 200 41 \"-\" \"Mozilla/5.0\"","service":"acquisitions-api","timestamp":"2026-01-13T14:11:29.078Z"}
{"level":"info","message":"::1 - - [13/Jan/2026:14:11:29 +0000] \"GET /api HTTP/1.1\" 200 41 \"-\" \"Mozilla/5.0\"","service":"acquisitions-api","timestamp":"2026-01-13T14:11:29.087Z"}
{"level":"info","message":"::1 - - [13/Jan/2026:14:11:29 +0000] \"GET /api HTTP/1.1\" 200 41 \"-\" \"Mozilla/5.0\"","service":"acquisitions-api","timestamp":"2026-01-13T14:11:29.097Z"}
{"level":"info","message":"::1 - - [13/Jan/2026:14:11:29 +0000] \"GET /api HTTP/1.1\" 200 41 \"-\" \"Mozilla/5.0\"","service":"acquisitions-api","timestamp":"2026-01-13T14:11:29.106Z"}
{"level":"info","message":"::1 - - [13/Jan/2026:14:11:29 +0000] \"GET /api HTTP/1.1\" 200 41 \"-\" \"Mozilla/5.0\"","service":"acquisitions-api","timestamp":"2026-01-13T14:11:29.117Z"}
{"level":"info","message":"::1 - - [13/Jan/2026:14:11:29 +0000] \"GET /api HTTP/1.1\" 200 41 \"-\" \"Mozilla/5.0\"","service":"acquisitions-api","timestamp":"2026-01-13T14:11:29.128Z"}
{"level":"info","message":"::1 - - [13/Jan/2026:14:11:29 +0000] \"GET /api HTTP/1.1\" 200 41 \"-\" \"Mozilla/5.0\"","service":"acquisitions-api","timestamp":"2026-01-13T14:11:29.136Z"}
{"level":"info","message":"::1 - - [13/Jan/2026:14:11:29 +0000] \"GET /api HTTP/1.1\" 200 41 \"-\" \"Mozilla/5.0\"","service":"acquisitions-api","timestamp":"2026-01-13T14:11:29.146Z"}
{"level":"info","message":"::1 - - [13/Jan/2026:14:11:29 +0000] \"GET /api HTTP/1.1\" 200 41 \"-\" \"Mozilla/5.0\"","service":"acquisitions-api","timestamp":"2026-01-13T14:11:29.155Z"}
{"level":"info","message":"::1 - - [13/Jan/2026:14:11:29 +0000] \"GET /api HTTP/1.1\" 200 41 \"-\" \"Mozilla/5.0\"","service":"acquisitions-api","timestamp":"2026-01-13T14:11:29.166Z"}
{"level":"info","message":"::1 - - [13/Jan/2026:14:11:29 +0000] \"GET /api HTTP/1.1\" 200 41 \"-\" \"Mozilla/5.0\"","service":"acquisitions-api","timestamp":"2026-01-13T14:11:29.175Z"}
{"level":"info","message":"::1 - - [13/Jan/2026:14:11:29 +0000] \"GET /api HTTP/1.1\" 200 41 \"-\" \"Mozilla/5.0\"","service":"acquisitions-api","timestamp":"2026-01-13T14:11:29.184Z"}
{"level":"info","message":"::1 - - [13/Jan/2026:14:11:29 +0000] \"GET /api HTTP/1.1\" 200 41 \"-\" \"Mozilla/5.0\"","service":"acquisitions-api","timestamp":"2026-01-13T14:11:29.194Z"}
{"level":"info","message":"::1 - - [13/Jan/2026:14:11:29 +0000] \"GET /api HTTP/1.1\" 200 41 \"-\" \"Mozilla/5.0\"","service":"acquisitions-api","timestamp":"2026-01-13T14:11:29.202Z"}
{"level":"info","message":"::1 - - [13/Jan/2026:14:11:29 +0000] \"GET /api HTTP/1.1\" 200 41 \"-\" \"Mozilla/5.0\"","service":"acquisitions-api","timestamp":"2026-01-13T14:11:29.213Z"}
{"level":"info","message":"::1 - - [13/Jan/2026:14:11:29 +0000] \"GET /api HTTP/1.1\" 200 41 \"-\" \"Mozilla/5.0\"","service":"acquisitions-api","timestamp":"2026-01-13T14:11:29.223Z"}
{"level":"info","message":"::1 - - [13/Jan/2026:14:11:29 +0000] \"GET /api HTTP/1.1\" 200 41 \"-\" \"Mozilla/5.0\"","service":"acquisitions-api","timestamp":"2026-01-13T14:11:29.232Z"}
{"level":"info","message":"::1 - - [13/Jan/2026:14:11:29 +0000] \"GET /api HTTP/1.1\" 200 41 \"-\" \"Mozilla/5.0\"","service":"acquisitions-api","timestamp":"2026-01-13T14:11:29.241Z"}
{"level":"info","message":"::1 - - [13/Jan/2026:14:11:29 +0000] \"GET /api HTTP/1.1\" 200 41 \"-\" \"Mozilla/5.0\"","service":"acquisitions-api","timestamp":"2026-01-13T14:11:29.251Z"}
{"level":"info","message":"::1 - - [13/Jan/2026:14:11:29 +0000] \"GET /api HTTP/1.1\" 200 41 \"-\" \"Mozilla/5.0\"","service":"acquisitions-api","timestamp":"2026-01-13T14:11:29.262Z"}
{"level":"info","message":"::1 - - [13/Jan/2026:14:11:29 +0000] \"GET /api HTTP/1.1\" 200 41 \"-\" \"Mozilla/5.0\"","service":"acquisitions-api","timestamp":"2026-01-13T14:11:29.271Z"}
{"level":"info","message":"::1 - - [13/Jan/2026:14:11:29 +0000] \"GET /api HTTP/1.1\" 200 41 \"-\" \"Mozilla/5.0\"","service":"acquisitions-api","timestamp":"2026-01-13T14:11:29.280Z"}
{"level":"info","message":"::1 - - [13/Jan/2026:14:11:29 +0000] \"GET /api HTTP/1.1\" 200 41 \"-\" \"Mozilla/5.0\"","service":"acquisitions-api","timestamp":"2026-01-13T14:11:29.289Z"}
{"level":"info","message":"::1 - - [13/Jan/2026:14:11:29 +0000] \"GET /api HTTP/1.1\" 200 41 \"-\" \"Mozilla/5.0\"","service":"acquisitions-api","timestamp":"2026-01-13T14:11:29.298Z"}
{"level":"info","message":"::1 - - [13/Jan/2026:14:11:29 +0000] \"GET /api HTTP/1.1\" 200 41 \"-\" \"Mozilla/5.0\"","service":"acquisitions-api","timestamp":"2026-01-13T14:11:29.309Z"}
{"level":"info","message":"::1 - - [13/Jan/2026:14:11:29 +0000] \"GET /api HTTP/1.1\" 200 41 \"-\" \"Mozilla/5.0\"","service":"acquisitions-api","timestamp":"2026-01-13T14:11:29.319Z"}
{"level":"info","message":"::1 - - [13/Jan/2026:14:11:29 +0000] \"GET /api HTTP/1.1\" 200 41 \"-\" \"Mozilla/5.0\"","service":"acquisitions-api","timestamp":"2026-01-13T14:11:29.327Z"}
{"level":"info","message":"::1 - - [13/Jan/2026:14:11:39 +0000] \"GET /api HTTP/1.1\" 200 41 \"-\" \"Mozilla/5.0\"","service":"acquisitions-api","timestamp":"2026-01-13T14:11:39.515Z"}
{"level":"info","message":"::1 - - [13/Jan/2026:14:11:39 +0000] \"GET /api HTTP/1.1\" 200 41 \"-\" \"Mozilla/5.0\"","service":"acquisitions-api","timestamp":"2026-01-13T14:11:39.540Z"}
{"level":"info","message":"::1 - - [13/Jan/2026:14:11:39 +0000] \"GET /api HTTP/1.1\" 200 41 \"-\" \"Mozilla/5.0\"","service":"acquisitions-api","timestamp":"2026-01-13T14:11:39.555Z"}
{"level":"info","message":"::1 - - [13/Jan/2026:14:11:39 +0000] \"GET /api HTTP/1.1\" 200 41 \"-\" \"Mozilla/5.0\"","service":"acquisitions-api","timestamp":"2026-01-13T14:11:39.569Z"}
{"level":"info","message":"::1 - - [13/Jan/2026:14:11:39 +0000] \"GET /api HTTP/1.1\" 200 41 \"-\" \"Mozilla/5.0\"","service":"acquisitions-api","timestamp":"2026-01-13T14:11:39.582Z"}
{"level":"info","message":"::1 - - [13/Jan/2026:14:11:39 +0000] \"GET /api HTTP/1.1\" 200 41 \"-\" \"Mozilla/5.0\"","service":"acquisitions-api","timestamp":"2026-01-13T14:11:39.595Z"}
{"level":"info","message":"::1 - - [13/Jan/2026:14:11:39 +0000] \"GET /api HTTP/1.1\" 200 41 \"-\" \"Mozilla/5.0\"","service":"acquisitions-api","timestamp":"2026-01-13T14:11:39.607Z"}
{"level":"info","message":"::1 - - [13/Jan/2026:14:11:39 +0000] \"GET /api HTTP/1.1\" 200 41 \"-\" \"Mozilla/5.0\"","service":"acquisitions-api","timestamp":"2026-01-13T14:11:39.619Z"}
{"level":"info","message":"::1 - - [13/Jan/2026:14:11:39 +0000] \"GET /api HTTP/1.1\" 200 41 \"-\" \"Mozilla/5.0\"","service":"acquisitions-api","timestamp":"2026-01-13T14:11:39.631Z"}
{"level":"info","message":"::1 - - [13/Jan/2026:14:11:39 +0000] \"GET /api HTTP/1.1\" 200 41 \"-\" \"Mozilla/5.0\"","service":"acquisitions-api","timestamp":"2026-01-13T14:11:39.641Z"}
{"level":"info","message":"::1 - - [13/Jan/2026:14:11:39 +0000] \"GET /api HTTP/1.1\" 200 41 \"-\" \"Mozilla/5.0\"","service":"acquisitions-api","timestamp":"2026-01-13T14:11:39.653Z"}
{"level":"info","message":"::1 - - [13/Jan/2026:14:11:39 +0000] \"GET /api HTTP/1.1\" 200 41 \"-\" \"Mozilla/5.0\"","service":"acquisitions-api","timestamp":"2026-01-13T14:11:39.664Z"}
{"level":"info","message":"::1 - - [13/Jan/2026:14:11:39 +0000] \"GET /api HTTP/1.1\" 200 41 \"-\" \"Mozilla/5.0\"","service":"acquisitions-api","timestamp":"2026-01-13T14:11:39.675Z"}
{"level":"info","message":"::1 - - [13/Jan/2026:14:11:39 +0000] \"GET /api HTTP/1.1\" 200 41 \"-\" \"Mozilla/5.0\"","service":"acquisitions-api","timestamp":"2026-01-13T14:11:39.686Z"}
{"level":"info","message":"::1 - - [13/Jan/2026:14:11:39 +0000] \"GET /api HTTP/1.1\" 200 41 \"-\" \"Mozilla/5.0\"","service":"acquisitions-api","timestamp":"2026-01-13T14:11:39.697Z"}
{"level":"info","message":"::1 - - [13/Jan/2026:14:11:39 +0000] \"GET /api HTTP/1.1\" 200 41 \"-\" \"Mozilla/5.0\"","service":"acquisitions-api","timestamp":"2026-01-13T14:11:39.707Z"}
{"level":"info","message":"::1 - - [13/Jan/2026:14:11:39 +0000] \"GET /api HTTP/1.1\" 200 41 \"-\" \"Mozilla/5.0\"","service":"acquisitions-api","timestamp":"2026-01-13T14:11:39.718Z"}
{"level":"info","message":"::1 - - [13/Jan/2026:14:11:39 +0000] \"GET /api HTTP/1.1\" 200 41 \"-\" \"Mozilla/5.0\"","service":"acquisitions-api","timestamp":"2026-01-13T14:11:39.728Z"}
{"level":"info","message":"::1 - - [13/Jan/2026:14:11:39 +0000] \"GET /api HTTP/1.1\" 200 41 \"-\" \"Mozilla/5.0\"","service":"acquisitions-api","timestamp":"2026-01-13T14:11:39.738Z"}
{"level":"info","message":"::1 - - [13/Jan/2026:14:11:39 +0000] \"GET /api HTTP/1.1\" 200 41 \"-\" \"Mozilla/5.0\"","service":"acquisitions-api","timestamp":"2026-01-13T14:11:39.748Z"}
{"level":"info","message":"::1 - - [13/Jan/2026:14:11:39 +0000] \"GET /api HTTP/1.1\" 200 41 \"-\" \"Mozilla/5.0\"","service":"acquisitions-api","timestamp":"2026-01-13T14:11:39.759Z"}
{"level":"info","message":"::1 - - [13/Jan/2026:14:11:39 +0000] \"GET /api HTTP/1.1\" 200 41 \"-\" \"Mozilla/5.0\"","service":"acquisitions-api","timestamp":"2026-01-13T14:11:39.769Z"}
{"level":"info","message":"::1 - - [13/Jan/2026:14:11:39 +0000] \"GET /api HTTP/1.1\" 200 41 \"-\" \"Mozilla/5.0\"","service":"acquisitions-api","timestamp":"2026-01-13T14:11:39.779Z"}
{"level":"info","message":"::1 - - [13/Jan/2026:14:11:39 +0000] \"GET /api HTTP/1.1\" 200 41 \"-\" \"Mozilla/5.0\"","service":"acquisitions-api","timestamp":"2026-01-13T14:11:39.789Z"}
{"level":"info","message":"::1 - - [13/Jan/2026:14:11:39 +0000] \"GET /api HTTP/1.1\" 200 41 \"-\" \"Mozilla/5.0\"","service":"acquisitions-api","timestamp":"2026-01-13T14:11:39.798Z"}
{"level":"info","message":"::1 - - [13/Jan/2026:14:11:39 +0000] \"GET /api HTTP/1.1\" 200 41 \"-\" \"Mozilla/5.0\"","service":"acquisitions-api","timestamp":"2026-01-13T14:11:39.810Z"}
{"level":"info","message":"::1 - - [13/Jan/2026:14:11:39 +0000] \"GET /api HTTP/1.1\" 200 41 \"-\" \"Mozilla/5.0\"","service":"acquisitions-api","timestamp":"2026-01-13T14:11:39.820Z"}
{"level":"info","message":"::1 - - [13/Jan/2026:14:11:39 +0000] \"GET /api HTTP/1.1\" 200 41 \"-\" \"Mozilla/5.0\"","service":"acquisitions-api","timestamp":"2026-01-13T14:11:39.830Z"}
{"level":"info","message":"::1 - - [13/Jan/2026:14:11:39 +0000] \"GET /api HTTP/1.1\" 200 41 \"-\" \"Mozilla/5.0\"","service":"acquisitions-api","timestamp":"2026-01-13T14:11:39.841Z"}
{"level":"info","message":"::1 - - [13/Jan/2026:14:11:39 +0000] \"GET /api HTTP/1.1\" 200 41 \"-\" \"Mozilla/5.0\"","service":"acquisitions-api","timestamp":"2026-01-13T14:11:39.850Z"}
{"level":"info","message":"::1 - - [13/Jan/2026:14:11:39 +0000] \"GET /api HTTP/1.1\" 200 41 \"-\" \"Mozilla/5.0\"","service":"acquisitions-api","timestamp":"2026-01-13T14:11:39.860Z"}
{"level":"info","message":"::1 - - [13/Jan/2026:14:11:39 +0000] \"GET /api HTTP/1.1\" 200 41 \"-\" \"Mozilla/5.0\"","service":"acquisitions-api","timestamp":"2026-01-13T14:11:39.870Z"}
{"level":"info","message":"::1 - - [13/Jan/2026:14:11:39 +0000] \"GET /api HTTP/1.1\" 200 41 \"-\" \"Mozilla/5.0\"","service":"acquisitions-api","timestamp":"2026-01-13T14:11:39.881Z"}
{"level":"info","message":"::1 - - [13/Jan/2026:14:11:39 +0000] \"GET /api HTTP/1.1\" 200 41 \"-\" \"Mozilla/5.0\"","service":"acquisitions-api","timestamp":"2026-01-13T14:11:39.890Z"}
{"level":"info","message":"::1 - - [13/Jan/2026:14:11:39 +0000] \"GET /api HTTP/1.1\" 200 41 \"-\" \"Mozilla/5.0\"","service":"acquisitions-api","timestamp":"2026-01-13T14:11:39.900Z"}
{"level":"info","message":"::1 - - [13/Jan/2026:14:11:39 +0000] \"GET /api HTTP/1.1\" 200 41 \"-\" \"Mozilla/5.0\"","service":"acquisitions-api","timestamp":"2026-01-13T14:11:39.911Z"}
{"level":"info","message":"::1 - - [13/Jan/2026:14:11:39 +0000] \"GET /api HTTP/1.1\" 200 41 \"-\" \"Mozilla/5.0\"","service":"acquisitions-api","timestamp":"2026-01-13T14:11:39.921Z"}
{"level":"info","message":"::1 - - [13/Jan/2026:14:11:39 +0000] \"GET /api HTTP/1.1\" 200 41 \"-\" \"Mozilla/5.0\"","service":"acquisitions-api","timestamp":"2026-01-13T14:11:39.931Z"}
{"level":"info","message":"::1 - - [13/Jan/2026:14:11:39 +0000] \"GET /api HTTP/1.1\" 200 41 \"-\" \"Mozilla/5.0\"","service":"acquisitions-api","timestamp":"2026-01-13T14:11:39.942Z"}
{"level":"info","message":"::1 - - [13/Jan/2026:14:11:39 +0000] \"GET /api HTTP/1.1\" 200 41 \"-\" \"Mozilla/5.0\"","service":"acquisitions-api","timestamp":"2026-01-13T14:11:39.952Z"}
{"level":"info","message":"::1 - - [13/Jan/2026:14:11:39 +0000] \"GET /api HTTP/1.1\" 200 41 \"-\" \"Mozilla/5.0\"","service":"acquisitions-api","timestamp":"2026-01-13T14:11:39.963Z"}
{"level":"info","message":"::1 - - [13/Jan/2026:14:11:39 +0000] \"GET /api HTTP/1.1\" 200 41 \"-\" \"Mozilla/5.0\"","service":"acquisitions-api","timestamp":"2026-01-13T14:11:39.973Z"}
{"level":"info","message":"::1 - - [13/Jan/2026:14:11:39 +0000] \"GET /api HTTP/1.1\" 200 41 \"-\" \"Mozilla/5.0\"","service":"acquisitions-api","timestamp":"2026-01-13T14:11:39.982Z"}
{"level":"info","message":"::1 - - [13/Jan/2026:14:11:39 +0000] \"GET /api HTTP/1.1\" 200 41 \"-\" \"Mozilla/5.0\"","service":"acquisitions-api","timestamp":"2026-01-13T14:11:39.992Z"}
{"level":"info","message":"::1 - - [13/Jan/2026:14:11:40 +0000] \"GET /api HTTP/1.1\" 200 41 \"-\" \"Mozilla/5.0\"","service":"acquisitions-api","timestamp":"2026-01-13T14:11:40.003Z"}
{"level":"info","message":"::1 - - [13/Jan/2026:14:11:40 +0000] \"GET /api HTTP/1.1\" 200 41 \"-\" \"Mozilla/5.0\"","service":"acquisitions-api","timestamp":"2026-01-13T14:11:40.013Z"}
{"level":"info","message":"::1 - - [13/Jan/2026:14:11:40 +0000] \"GET /api HTTP/1.1\" 200 41 \"-\" \"Mozilla/5.0\"","service":"acquisitions-api","timestamp":"2026-01-13T14:11:40.023Z"}
{"level":"info","message":"::1 - - [13/Jan/2026:14:11:40 +0000] \"GET /api HTTP/1.1\" 200 41 \"-\" \"Mozilla/5.0\"","service":"acquisitions-api","timestamp":"2026-01-13T14:11:40.032Z"}
{"level":"info","message":"::1 - - [13/Jan/2026:14:11:40 +0000] \"GET /api HTTP/1.1\" 200 41 \"-\" \"Mozilla/5.0\"","service":"acquisitions-api","timestamp":"2026-01-13T14:11:40.042Z"}
{"level":"info","message":"::1 - - [13/Jan/2026:14:11:40 +0000] \"GET /api HTTP/1.1\" 200 41 \"-\" \"Mozilla/5.0\"","service":"acquisitions-api","timestamp":"2026-01-13T14:11:40.052Z"}
{"level":"info","message":"::1 - - [13/Jan/2026:14:12:29 +0000] \"GET /api HTTP/1.1\" 200 41 \"-\" \"Mozilla/5.0\"","service":"acquisitions-api","timestamp":"2026-01-13T14:12:29.269Z"}
{"level":"info","message":"::1 - - [13/Jan/2026:14:12:29 +0000] \"GET /api HTTP/1.1\" 200 41 \"-\" \"Mozilla/5.0\"","service":"acquisitions-api","timestamp":"2026-01-13T14:12:29.359Z"}
{"ip":"::1","level":"warn","message":"Rate limit exceeded","path":"/api","service":"acquisitions-api","timestamp":"2026-01-13T14:12:29.442Z","userAgent":"Mozilla/5.0"}
{"level":"info","message":"::1 - - [13/Jan/2026:14:12:29 +0000] \"GET /api HTTP/1.1\" 403 51 \"-\" \"Mozilla/5.0\"","service":"acquisitions-api","timestamp":"2026-01-13T14:12:29.443Z"}
{"ip":"::1","level":"warn","message":"Rate limit exceeded","path":"/api","service":"acquisitions-api","timestamp":"2026-01-13T14:12:29.475Z","userAgent":"Mozilla/5.0"}
{"level":"info","message":"::1 - - [13/Jan/2026:14:12:29 +0000] \"GET /api HTTP/1.1\" 403 51 \"-\" \"Mozilla/5.0\"","service":"acquisitions-api","timestamp":"2026-01-13T14:12:29.476Z"}
{"ip":"::1","level":"warn","message":"Rate limit exceeded","path":"/api","service":"acquisitions-api","timestamp":"2026-01-13T14:12:29.494Z","userAgent":"Mozilla/5.0"}
{"level":"info","message":"::1 - - [13/Jan/2026:14:12:29 +0000] \"GET /api HTTP/1.1\" 403 51 \"-\" \"Mozilla/5.0\"","service":"acquisitions-api","timestamp":"2026-01-13T14:12:29.495Z"}
{"ip":"::1","level":"warn","message":"Rate limit exceeded","path":"/api","service":"acquisitions-api","timestamp":"2026-01-13T14:12:29.511Z","userAgent":"Mozilla/5.0"}
{"level":"info","message":"::1 - - [13/Jan/2026:14:12:29 +0000] \"GET /api HTTP/1.1\" 403 51 \"-\" \"Mozilla/5.0\"","service":"acquisitions-api","timestamp":"2026-01-13T14:12:29.512Z"}
{"ip":"::1","level":"warn","message":"Rate limit exceeded","path":"/api","service":"acquisitions-api","timestamp":"2026-01-13T14:12:29.529Z","userAgent":"Mozilla/5.0"}
{"level":"info","message":"::1 - - [13/Jan/2026:14:12:29 +0000] \"GET /api HTTP/1.1\" 403 51 \"-\" \"Mozilla/5.0\"","service":"acquisitions-api","timestamp":"2026-01-13T14:12:29.529Z"}
{"ip":"::1","level":"warn","message":"Rate limit exceeded","path":"/api","service":"acquisitions-api","timestamp":"2026-01-13T14:12:29.543Z","userAgent":"Mozilla/5.0"}
{"level":"info","message":"::1 - - [13/Jan/2026:14:12:29 +0000] \"GET /api HTTP/1.1\" 403 51 \"-\" \"Mozilla/5.0\"","service":"acquisitions-api","timestamp":"2026-01-13T14:12:29.544Z"}
{"ip":"::1","level":"warn","message":"Rate limit exceeded","path":"/api","service":"acquisitions-api","timestamp":"2026-01-13T14:12:29.559Z","userAgent":"Mozilla/5.0"}
{"level":"info","message":"::1 - - [13/Jan/2026:14:12:29 +0000] \"GET /api HTTP/1.1\" 403 51 \"-\" \"Mozilla/5.0\"","service":"acquisitions-api","timestamp":"2026-01-13T14:12:29.560Z"}
{"ip":"::1","level":"warn","message":"Rate limit exceeded","path":"/api","service":"acquisitions-api","timestamp":"2026-01-13T14:12:29.573Z","userAgent":"Mozilla/5.0"}
{"level":"info","message":"::1 - - [13/Jan/2026:14:12:29 +0000] \"GET /api HTTP/1.1\" 403 51 \"-\" \"Mozilla/5.0\"","service":"acquisitions-api","timestamp":"2026-01-13T14:12:29.574Z"}
{"ip":"::1","level":"warn","message":"Rate limit exceeded","path":"/api","service":"acquisitions-api","timestamp":"2026-01-13T14:12:29.585Z","userAgent":"Mozilla/5.0"}
{"level":"info","message":"::1 - - [13/Jan/2026:14:12:29 +0000] \"GET /api HTTP/1.1\" 403 51 \"-\" \"Mozilla/5.0\"","service":"acquisitions-api","timestamp":"2026-01-13T14:12:29.586Z"}
{"ip":"::1","level":"warn","message":"Rate limit exceeded","path":"/api","service":"acquisitions-api","timestamp":"2026-01-13T14:12:29.596Z","userAgent":"Mozilla/5.0"}
{"level":"info","message":"::1 - - [13/Jan/2026:14:12:29 +0000] \"GET /api HTTP/1.1\" 403 51 \"-\" \"Mozilla/5.0\"","service":"acquisitions-api","timestamp":"2026-01-13T14:12:29.596Z"}
{"ip":"::1","level":"warn","message":"Rate limit exceeded","path":"/api","service":"acquisitions-api","timestamp":"2026-01-13T14:12:29.608Z","userAgent":"Mozilla/5.0"}
{"level":"info","message":"::1 - - [13/Jan/2026:14:12:29 +0000] \"GET /api HTTP/1.1\" 403 51 \"-\" \"Mozilla/5.0\"","service":"acquisitions-api","timestamp":"2026-01-13T14:12:29.608Z"}
{"ip":"::1","level":"warn","message":"Rate limit exceeded","path":"/api","service":"acquisitions-api","timestamp":"2026-01-13T14:12:29.618Z","userAgent":"Mozilla/5.0"}
{"level":"info","message":"::1 - - [13/Jan/2026:14:12:29 +0000] \"GET /api HTTP/1.1\" 403 51 \"-\" \"Mozilla/5.0\"","service":"acquisitions-api","timestamp":"2026-01-13T14:12:29.619Z"}
{"ip":"::1","level":"warn","message":"Rate limit exceeded","path":"/api","service":"acquisitions-api","timestamp":"2026-01-13T14:12:29.631Z","userAgent":"Mozilla/5.0"}
{"level":"info","message":"::1 - - [13/Jan/2026:14:12:29 +0000] \"GET /api HTTP/1.1\" 403 51 \"-\" \"Mozilla/5.0\"","service":"acquisitions-api","timestamp":"2026-01-13T14:12:29.631Z"}
{"ip":"::1","level":"warn","message":"Rate limit exceeded","path":"/api","service":"acquisitions-api","timestamp":"2026-01-13T14:12:29.641Z","userAgent":"Mozilla/5.0"}
{"level":"info","message":"::1 - - [13/Jan/2026:14:12:29 +0000] \"GET /api HTTP/1.1\" 403 51 \"-\" \"Mozilla/5.0\"","service":"acquisitions-api","timestamp":"2026-01-13T14:12:29.641Z"}
{"ip":"::1","level":"warn","message":"Rate limit exceeded","path":"/api","service":"acquisitions-api","timestamp":"2026-01-13T14:12:29.651Z","userAgent":"Mozilla/5.0"}
{"level":"info","message":"::1 - - [13/Jan/2026:14:12:29 +0000] \"GET /api HTTP/1.1\" 403 51 \"-\" \"Mozilla/5.0\"","service":"acquisitions-api","timestamp":"2026-01-13T14:12:29.651Z"}
{"ip":"::1","level":"warn","message":"Rate limit exceeded","path":"/api","service":"acquisitions-api","timestamp":"2026-01-13T14:12:29.660Z","userAgent":"Mozilla/5.0"}
{"level":"info","message":"::1 - - [13/Jan/2026:14:12:29 +0000] \"GET /api HTTP/1.1\" 403 51 \"-\" \"Mozilla/5.0\"","service":"acquisitions-api","timestamp":"2026-01-13T14:12:29.661Z"}
{"ip":"::1","level":"warn","message":"Rate limit exceeded","path":"/api","service":"acquisitions-api","timestamp":"2026-01-13T14:12:29.670Z","userAgent":"Mozilla/5.0"}
{"level":"info","message":"::1 - - [13/Jan/2026:14:12:29 +0000] \"GET /api HTTP/1.1\" 403 51 \"-\" \"Mozilla/5.0\"","service":"acquisitions-api","timestamp":"2026-01-13T14:12:29.670Z"}
{"ip":"::1","level":"warn","message":"Rate limit exceeded","path":"/api","service":"acquisitions-api","timestamp":"2026-01-13T14:12:29.682Z","userAgent":"Mozilla/5.0"}
{"level":"info","message":"::1 - - [13/Jan/2026:14:12:29 +0000] \"GET /api HTTP/1.1\" 403 51 \"-\" \"Mozilla/5.0\"","service":"acquisitions-api","timestamp":"2026-01-13T14:12:29.682Z"}
{"ip":"::1","level":"warn","message":"Rate limit exceeded","path":"/api","service":"acquisitions-api","timestamp":"2026-01-13T14:12:29.691Z","userAgent":"Mozilla/5.0"}
{"level":"info","message":"::1 - - [13/Jan/2026:14:12:29 +0000] \"GET /api HTTP/1.1\" 403 51 \"-\" \"Mozilla/5.0\"","service":"acquisitions-api","timestamp":"2026-01-13T14:12:29.692Z"}
{"ip":"::1","level":"warn","message":"Rate limit exceeded","path":"/api","service":"acquisitions-api","timestamp":"2026-01-13T14:12:29.700Z","userAgent":"Mozilla/5.0"}
{"level":"info","message":"::1 - - [13/Jan/2026:14:12:29 +0000] \"GET /api HTTP/1.1\" 403 51 \"-\" \"Mozilla/5.0\"","service":"acquisitions-api","timestamp":"2026-01-13T14:12:29.700Z"}
{"ip":"::1","level":"warn","message":"Rate limit exceeded","path":"/api","service":"acquisitions-api","timestamp":"2026-01-13T14:12:29.710Z","userAgent":"Mozilla/5.0"}
{"level":"info","message":"::1 - - [13/Jan/2026:14:12:29 +0000] \"GET /api HTTP/1.1\" 403 51 \"-\" \"Mozilla/5.0\"","service":"acquisitions-api","timestamp":"2026-01-13T14:12:29.710Z"}
{"ip":"::1","level":"warn","message":"Rate limit exceeded","path":"/api","service":"acquisitions-api","timestamp":"2026-01-13T14:12:29.719Z","userAgent":"Mozilla/5.0"}
{"level":"info","message":"::1 - - [13/Jan/2026:14:12:29 +0000] \"GET /api HTTP/1.1\" 403 51 \"-\" \"Mozilla/5.0\"","service":"acquisitions-api","timestamp":"2026-01-13T14:12:29.719Z"}
{"ip":"::1","level":"warn","message":"Rate limit exceeded","path":"/api","service":"acquisitions-api","timestamp":"2026-01-13T14:12:29.730Z","userAgent":"Mozilla/5.0"}
{"level":"info","message":"::1 - - [13/Jan/2026:14:12:29 +0000] \"GET /api HTTP/1.1\" 403 51 \"-\" \"Mozilla/5.0\"","service":"acquisitions-api","timestamp":"2026-01-13T14:12:29.730Z"}
{"ip":"::1","level":"warn","message":"Rate limit exceeded","path":"/api","service":"acquisitions-api","timestamp":"2026-01-13T14:12:29.739Z","userAgent":"Mozilla/5.0"}
{"level":"info","message":"::1 - - [13/Jan/2026:14:12:29 +0000] \"GET /api HTTP/1.1\" 403 51 \"-\" \"Mozilla/5.0\"","service":"acquisitions-api","timestamp":"2026-01-13T14:12:29.739Z"}
{"ip":"::1","level":"warn","message":"Rate limit exceeded","path":"/api","service":"acquisitions-api","timestamp":"2026-01-13T14:12:29.748Z","userAgent":"Mozilla/5.0"}
{"level":"info","message":"::1 - - [13/Jan/2026:14:12:29 +0000] \"GET /api HTTP/1.1\" 403 51 \"-\" \"Mozilla/5.0\"","service":"acquisitions-api","timestamp":"2026-01-13T14:12:29.748Z"}
{"ip":"::1","level":"warn","message":"Rate limit exceeded","path":"/api","service":"acquisitions-api","timestamp":"2026-01-13T14:12:29.757Z","userAgent":"Mozilla/5.0"}
{"level":"info","message":"::1 - - [13/Jan/2026:14:12:29 +0000] \"GET /api HTTP/1.1\" 403 51 \"-\" \"Mozilla/5.0\"","service":"acquisitions-api","timestamp":"2026-01-13T14:12:29.757Z"}
{"ip":"::1","level":"warn","message":"Rate limit exceeded","path":"/api","service":"acquisitions-api","timestamp":"2026-01-13T14:12:29.766Z","userAgent":"Mozilla/5.0"}
{"level":"info","message":"::1 - - [13/Jan/2026:14:12:29 +0000] \"GET /api HTTP/1.1\" 403 51 \"-\" \"Mozilla/5.0\"","service":"acquisitions-api","timestamp":"2026-01-13T14:12:29.767Z"}
{"ip":"::1","level":"warn","message":"Rate limit exceeded","path":"/api","service":"acquisitions-api","timestamp":"2026-01-13T14:12:29.778Z","userAgent":"Mozilla/5.0"}
{"level":"info","message":"::1 - - [13/Jan/2026:14:12:29 +0000] \"GET /api HTTP/1.1\" 403 51 \"-\" \"Mozilla/5.0\"","service":"acquisitions-api","timestamp":"2026-01-13T14:12:29.778Z"}
{"ip":"::1","level":"warn","message":"Rate limit exceeded","path":"/api","service":"acquisitions-api","timestamp":"2026-01-13T14:12:29.787Z","userAgent":"Mozilla/5.0"}
{"level":"info","message":"::1 - - [13/Jan/2026:14:12:29 +0000] \"GET /api HTTP/1.1\" 403 51 \"-\" \"Mozilla/5.0\"","service":"acquisitions-api","timestamp":"2026-01-13T14:12:29.788Z"}
{"ip":"::1","level":"warn","message":"Rate limit exceeded","path":"/api","service":"acquisitions-api","timestamp":"2026-01-13T14:12:29.797Z","userAgent":"Mozilla/5.0"}
{"level":"info","message":"::1 - - [13/Jan/2026:14:12:29 +0000] \"GET /api HTTP/1.1\" 403 51 \"-\" \"Mozilla/5.0\"","service":"acquisitions-api","timestamp":"2026-01-13T14:12:29.797Z"}
{"ip":"::1","level":"warn","message":"Rate limit exceeded","path":"/api","service":"acquisitions-api","timestamp":"2026-01-13T14:12:29.807Z","userAgent":"Mozilla/5.0"}
{"level":"info","message":"::1 - - [13/Jan/2026:14:12:29 +0000] \"GET /api HTTP/1.1\" 403 51 \"-\" \"Mozilla/5.0\"","service":"acquisitions-api","timestamp":"2026-01-13T14:12:29.807Z"}
{"ip":"::1","level":"warn","message":"Rate limit exceeded","path":"/api","service":"acquisitions-api","timestamp":"2026-01-13T14:12:29.817Z","userAgent":"Mozilla/5.0"}
{"level":"info","message":"::1 - - [13/Jan/2026:14:12:29 +0000] \"GET /api HTTP/1.1\" 403 51 \"-\" \"Mozilla/5.0\"","service":"acquisitions-api","timestamp":"2026-01-13T14:12:29.817Z"}
{"ip":"::1","level":"warn","message":"Rate limit exceeded","path":"/api","service":"acquisitions-api","timestamp":"2026-01-13T14:12:29.828Z","userAgent":"Mozilla/5.0"}
{"level":"info","message":"::1 - - [13/Jan/2026:14:12:29 +0000] \"GET /api HTTP/1.1\" 403 51 \"-\" \"Mozilla/5.0\"","service":"acquisitions-api","timestamp":"2026-01-13T14:12:29.829Z"}
{"ip":"::1","level":"warn","message":"Rate limit exceeded","path":"/api","service":"acquisitions-api","timestamp":"2026-01-13T14:12:29.838Z","userAgent":"Mozilla/5.0"}
{"level":"info","message":"::1 - - [13/Jan/2026:14:12:29 +0000] \"GET /api HTTP/1.1\" 403 51 \"-\" \"Mozilla/5.0\"","service":"acquisitions-api","timestamp":"2026-01-13T14:12:29.838Z"}
{"ip":"::1","level":"warn","message":"Rate limit exceeded","path":"/api","service":"acquisitions-api","timestamp":"2026-01-13T14:12:29.846Z","userAgent":"Mozilla/5.0"}
{"level":"info","message":"::1 - - [13/Jan/2026:14:12:29 +0000] \"GET /api HTTP/1.1\" 403 51 \"-\" \"Mozilla/5.0\"","service":"acquisitions-api","timestamp":"2026-01-13T14:12:29.847Z"}
{"ip":"::1","level":"warn","message":"Rate limit exceeded","path":"/api","service":"acquisitions-api","timestamp":"2026-01-13T14:12:29.855Z","userAgent":"Mozilla/5.0"}
{"level":"info","message":"::1 - - [13/Jan/2026:14:12:29 +0000] \"GET /api HTTP/1.1\" 403 51 \"-\" \"Mozilla/5.0\"","service":"acquisitions-api","timestamp":"2026-01-13T14:12:29.855Z"}
{"ip":"::1","level":"warn","message":"Rate limit exceeded","path":"/api","service":"acquisitions-api","timestamp":"2026-01-13T14:12:29.864Z","userAgent":"Mozilla/5.0"}
{"level":"info","message":"::1 - - [13/Jan/2026:14:12:29 +0000] \"GET /api HTTP/1.1\" 403 51 \"-\" \"Mozilla/5.0\"","service":"acquisitions-api","timestamp":"2026-01-13T14:12:29.864Z"}
{"ip":"::1","level":"warn","message":"Rate limit exceeded","path":"/api","service":"acquisitions-api","timestamp":"2026-01-13T14:12:29.875Z","userAgent":"Mozilla/5.0"}
{"level":"info","message":"::1 - - [13/Jan/2026:14:12:29 +0000] \"GET /api HTTP/1.1\" 403 51 \"-\" \"Mozilla/5.0\"","service":"acquisitions-api","timestamp":"2026-01-13T14:12:29.875Z"}
{"ip":"::1","level":"warn","message":"Rate limit exceeded","path":"/api","service":"acquisitions-api","timestamp":"2026-01-13T14:12:29.885Z","userAgent":"Mozilla/5.0"}
{"level":"info","message":"::1 - - [13/Jan/2026:14:12:29 +0000] \"GET /api HTTP/1.1\" 403 51 \"-\" \"Mozilla/5.0\"","service":"acquisitions-api","timestamp":"2026-01-13T14:12:29.885Z"}
{"ip":"::1","level":"warn","message":"Rate limit exceeded","path":"/api","service":"acquisitions-api","timestamp":"2026-01-13T14:12:29.893Z","userAgent":"Mozilla/5.0"}
{"level":"info","message":"::1 - - [13/Jan/2026:14:12:29 +0000] \"GET /api HTTP/1.1\" 403 51 \"-\" \"Mozilla/5.0\"","service":"acquisitions-api","timestamp":"2026-01-13T14:12:29.893Z"}
{"ip":"::1","level":"warn","message":"Rate limit exceeded","path":"/api","service":"acquisitions-api","timestamp":"2026-01-13T14:12:29.903Z","userAgent":"Mozilla/5.0"}
{"level":"info","message":"::1 - - [13/Jan/2026:14:12:29 +0000] \"GET /api HTTP/1.1\" 403 51 \"-\" \"Mozilla/5.0\"","service":"acquisitions-api","timestamp":"2026-01-13T14:12:29.903Z"}
{"ip":"::1","level":"warn","message":"Rate limit exceeded","path":"/api","service":"acquisitions-api","timestamp":"2026-01-13T14:12:29.912Z","userAgent":"Mozilla/5.0"}
{"level":"info","message":"::1 - - [13/Jan/2026:14:12:29 +0000] \"GET /api HTTP/1.1\" 403 51 \"-\" \"Mozilla/5.0\"","service":"acquisitions-api","timestamp":"2026-01-13T14:12:29.912Z"}
{"ip":"::1","level":"warn","message":"Rate limit exceeded","path":"/api","service":"acquisitions-api","timestamp":"2026-01-13T14:12:29.922Z","userAgent":"Mozilla/5.0"}
{"level":"info","message":"::1 - - [13/Jan/2026:14:12:29 +0000] \"GET /api HTTP/1.1\" 403 51 \"-\" \"Mozilla/5.0\"","service":"acquisitions-api","timestamp":"2026-01-13T14:12:29.923Z"}
{"ip":"::1","level":"warn","message":"Rate limit exceeded","path":"/api","service":"acquisitions-api","timestamp":"2026-01-13T14:12:29.932Z","userAgent":"Mozilla/5.0"}
{"level":"info","message":"::1 - - [13/Jan/2026:14:12:29 +0000] \"GET /api HTTP/1.1\" 403 51 \"-\" \"Mozilla/5.0\"","service":"acquisitions-api","timestamp":"2026-01-13T14:12:29.932Z"}
{"ip":"::1","level":"warn","message":"Rate limit exceeded","path":"/api","service":"acquisitions-api","timestamp":"2026-01-13T14:12:29.940Z","userAgent":"Mozilla/5.0"}
{"level":"info","message":"::1 - - [13/Jan/2026:14:12:29 +0000] \"GET /api HTTP/1.1\" 403 51 \"-\" \"Mozilla/5.0\"","service":"acquisitions-api","timestamp":"2026-01-13T14:12:29.941Z"}
{"ip":"::1","level":"warn","message":"Rate limit exceeded","path":"/api","service":"acquisitions-api","timestamp":"2026-01-13T14:12:29.950Z","userAgent":"Mozilla/5.0"}
{"level":"info","message":"::1 - - [13/Jan/2026:14:12:29 +0000] \"GET /api HTTP/1.1\" 403 51 \"-\" \"Mozilla/5.0\"","service":"acquisitions-api","timestamp":"2026-01-13T14:12:29.950Z"}
{"ip":"::1","level":"warn","message":"Rate limit exceeded","path":"/api","service":"acquisitions-api","timestamp":"2026-01-13T14:12:29.959Z","userAgent":"Mozilla/5.0"}
{"level":"info","message":"::1 - - [13/Jan/2026:14:12:29 +0000] \"GET /api HTTP/1.1\" 403 51 \"-\" \"Mozilla/5.0\"","service":"acquisitions-api","timestamp":"2026-01-13T14:12:29.959Z"}
{"ip":"::1","level":"warn","message":"Rate limit exceeded","path":"/api","service":"acquisitions-api","timestamp":"2026-01-13T14:12:29.970Z","userAgent":"Mozilla/5.0"}
{"level":"info","message":"::1 - - [13/Jan/2026:14:12:29 +0000] \"GET /api HTTP/1.1\" 403 51 \"-\" \"Mozilla/5.0\"","service":"acquisitions-api","timestamp":"2026-01-13T14:12:29.970Z"}
{"ip":"::1","level":"warn","message":"Rate limit exceeded","path":"/health","service":"acquisitions-api","timestamp":"2026-01-13T14:12:37.553Z","userAgent":"PostmanRuntime/7.51.0"}
{"level":"info","message":"::1 - - [13/Jan/2026:14:12:37 +0000] \"GET /health HTTP/1.1\" 403 51 \"-\" \"PostmanRuntime/7.51.0\"","service":"acquisitions-api","timestamp":"2026-01-13T14:12:37.554Z"}
{"ip":"::1","level":"warn","message":"Rate limit exceeded","path":"/health","service":"acquisitions-api","timestamp":"2026-01-13T14:12:38.498Z","userAgent":"PostmanRuntime/7.51.0"}
{"level":"info","message":"::1 - - [13/Jan/2026:14:12:38 +0000] \"GET /health HTTP/1.1\" 403 51 \"-\" \"PostmanRuntime/7.51.0\"","service":"acquisitions-api","timestamp":"2026-01-13T14:12:38.499Z"}
{"ip":"::1","level":"warn","message":"Rate limit exceeded","path":"/health","service":"acquisitions-api","timestamp":"2026-01-13T14:12:39.158Z","userAgent":"PostmanRuntime/7.51.0"}
{"level":"info","message":"::1 - - [13/Jan/2026:14:12:39 +0000] \"GET /health HTTP/1.1\" 403 51 \"-\" \"PostmanRuntime/7.51.0\"","service":"acquisitions-api","timestamp":"2026-01-13T14:12:39.159Z"}
{"ip":"::1","level":"warn","message":"Rate limit exceeded","path":"/api","service":"acquisitions-api","timestamp":"2026-01-13T14:12:57.008Z","userAgent":"Mozilla/5.0"}
{"level":"info","message":"::1 - - [13/Jan/2026:14:12:57 +0000] \"GET /api HTTP/1.1\" 403 51 \"-\" \"Mozilla/5.0\"","service":"acquisitions-api","timestamp":"2026-01-13T14:12:57.015Z"}
{"ip":"::1","level":"warn","message":"Rate limit exceeded","path":"/api","service":"acquisitions-api","timestamp":"2026-01-13T14:12:57.040Z","userAgent":"Mozilla/5.0"}
{"level":"info","message":"::1 - - [13/Jan/2026:14:12:57 +0000] \"GET /api HTTP/1.1\" 403 51 \"-\" \"Mozilla/5.0\"","service":"acquisitions-api","timestamp":"2026-01-13T14:12:57.041Z"}
{"ip":"::1","level":"warn","message":"Rate limit exceeded","path":"/api","service":"acquisitions-api","timestamp":"2026-01-13T14:12:57.059Z","userAgent":"Mozilla/5.0"}
{"level":"info","message":"::1 - - [13/Jan/2026:14:12:57 +0000] \"GET /api HTTP/1.1\" 403 51 \"-\" \"Mozilla/5.0\"","service":"acquisitions-api","timestamp":"2026-01-13T14:12:57.060Z"}
{"ip":"::1","level":"warn","message":"Rate limit exceeded","path":"/api","service":"acquisitions-api","timestamp":"2026-01-13T14:12:57.073Z","userAgent":"Mozilla/5.0"}
{"level":"info","message":"::1 - - [13/Jan/2026:14:12:57 +0000] \"GET /api HTTP/1.1\" 403 51 \"-\" \"Mozilla/5.0\"","service":"acquisitions-api","timestamp":"2026-01-13T14:12:57.073Z"}
{"ip":"::1","level":"warn","message":"Rate limit exceeded","path":"/api","service":"acquisitions-api","timestamp":"2026-01-13T14:12:57.087Z","userAgent":"Mozilla/5.0"}
{"level":"info","message":"::1 - - [13/Jan/2026:14:12:57 +0000] \"GET /api HTTP/1.1\" 403 51 \"-\" \"Mozilla/5.0\"","service":"acquisitions-api","timestamp":"2026-01-13T14:12:57.088Z"}
{"ip":"::1","level":"warn","message":"Rate limit exceeded","path":"/api","service":"acquisitions-api","timestamp":"2026-01-13T14:12:57.101Z","userAgent":"Mozilla/5.0"}
{"level":"info","message":"::1 - - [13/Jan/2026:14:12:57 +0000] \"GET /api HTTP/1.1\" 403 51 \"-\" \"Mozilla/5.0\"","service":"acquisitions-api","timestamp":"2026-01-13T14:12:57.101Z"}
{"ip":"::1","level":"warn","message":"Rate limit exceeded","path":"/api","service":"acquisitions-api","timestamp":"2026-01-13T14:12:57.112Z","userAgent":"Mozilla/5.0"}
{"level":"info","message":"::1 - - [13/Jan/2026:14:12:57 +0000] \"GET /api HTTP/1.1\" 403 51 \"-\" \"Mozilla/5.0\"","service":"acquisitions-api","timestamp":"2026-01-13T14:12:57.112Z"}
{"ip":"::1","level":"warn","message":"Rate limit exceeded","path":"/api","service":"acquisitions-api","timestamp":"2026-01-13T14:12:57.124Z","userAgent":"Mozilla/5.0"}
{"level":"info","message":"::1 - - [13/Jan/2026:14:12:57 +0000] \"GET /api HTTP/1.1\" 403 51 \"-\" \"Mozilla/5.0\"","service":"acquisitions-api","timestamp":"2026-01-13T14:12:57.125Z"}
{"ip":"::1","level":"warn","message":"Rate limit exceeded","path":"/api","service":"acquisitions-api","timestamp":"2026-01-13T14:12:57.137Z","userAgent":"Mozilla/5.0"}
{"level":"info","message":"::1 - - [13/Jan/2026:14:12:57 +0000] \"GET /api HTTP/1.1\" 403 51 \"-\" \"Mozilla/5.0\"","service":"acquisitions-api","timestamp":"2026-01-13T14:12:57.138Z"}
{"ip":"::1","level":"warn","message":"Rate limit exceeded","path":"/api","service":"acquisitions-api","timestamp":"2026-01-13T14:12:57.151Z","userAgent":"Mozilla/5.0"}
{"level":"info","message":"::1 - - [13/Jan/2026:14:12:57 +0000] \"GET /api HTTP/1.1\" 403 51 \"-\" \"Mozilla/5.0\"","service":"acquisitions-api","timestamp":"2026-01-13T14:12:57.151Z"}
{"ip":"::1","level":"warn","message":"Rate limit exceeded","path":"/api","service":"acquisitions-api","timestamp":"2026-01-13T14:12:57.163Z","userAgent":"Mozilla/5.0"}
{"level":"info","message":"::1 - - [13/Jan/2026:14:12:57 +0000] \"GET /api HTTP/1.1\" 403 51 \"-\" \"Mozilla/5.0\"","service":"acquisitions-api","timestamp":"2026-01-13T14:12:57.163Z"}
{"ip":"::1","level":"warn","message":"Rate limit exceeded","path":"/api","service":"acquisitions-api","timestamp":"2026-01-13T14:12:57.174Z","userAgent":"Mozilla/5.0"}
{"level":"info","message":"::1 - - [13/Jan/2026:14:12:57 +0000] \"GET /api HTTP/1.1\" 403 51 \"-\" \"Mozilla/5.0\"","service":"acquisitions-api","timestamp":"2026-01-13T14:12:57.175Z"}
{"ip":"::1","level":"warn","message":"Rate limit exceeded","path":"/api","service":"acquisitions-api","timestamp":"2026-01-13T14:12:57.187Z","userAgent":"Mozilla/5.0"}
{"level":"info","message":"::1 - - [13/Jan/2026:14:12:57 +0000] \"GET /api HTTP/1.1\" 403 51 \"-\" \"Mozilla/5.0\"","service":"acquisitions-api","timestamp":"2026-01-13T14:12:57.187Z"}
{"ip":"::1","level":"warn","message":"Rate limit exceeded","path":"/api","service":"acquisitions-api","timestamp":"2026-01-13T14:12:57.197Z","userAgent":"Mozilla/5.0"}
{"level":"info","message":"::1 - - [13/Jan/2026:14:12:57 +0000] \"GET /api HTTP/1.1\" 403 51 \"-\" \"Mozilla/5.0\"","service":"acquisitions-api","timestamp":"2026-01-13T14:12:57.198Z"}
{"ip":"::1","level":"warn","message":"Rate limit exceeded","path":"/api","service":"acquisitions-api","timestamp":"2026-01-13T14:12:57.207Z","userAgent":"Mozilla/5.0"}
{"level":"info","message":"::1 - - [13/Jan/2026:14:12:57 +0000] \"GET /api HTTP/1.1\" 403 51 \"-\" \"Mozilla/5.0\"","service":"acquisitions-api","timestamp":"2026-01-13T14:12:57.208Z"}
{"ip":"::1","level":"warn","message":"Rate limit exceeded","path":"/api","service":"acquisitions-api","timestamp":"2026-01-13T14:12:57.217Z","userAgent":"Mozilla/5.0"}
{"level":"info","message":"::1 - - [13/Jan/2026:14:12:57 +0000] \"GET /api HTTP/1.1\" 403 51 \"-\" \"Mozilla/5.0\"","service":"acquisitions-api","timestamp":"2026-01-13T14:12:57.217Z"}
{"ip":"::1","level":"warn","message":"Rate limit exceeded","path":"/api","service":"acquisitions-api","timestamp":"2026-01-13T14:12:57.228Z","userAgent":"Mozilla/5.0"}
{"level":"info","message":"::1 - - [13/Jan/2026:14:12:57 +0000] \"GET /api HTTP/1.1\" 403 51 \"-\" \"Mozilla/5.0\"","service":"acquisitions-api","timestamp":"2026-01-13T14:12:57.229Z"}
{"ip":"::1","level":"warn","message":"Rate limit exceeded","path":"/api","service":"acquisitions-api","timestamp":"2026-01-13T14:12:57.238Z","userAgent":"Mozilla/5.0"}
{"level":"info","message":"::1 - - [13/Jan/2026:14:12:57 +0000] \"GET /api HTTP/1.1\" 403 51 \"-\" \"Mozilla/5.0\"","service":"acquisitions-api","timestamp":"2026-01-13T14:12:57.238Z"}
{"ip":"::1","level":"warn","message":"Rate limit exceeded","path":"/api","service":"acquisitions-api","timestamp":"2026-01-13T14:12:57.247Z","userAgent":"Mozilla/5.0"}
{"level":"info","message":"::1 - - [13/Jan/2026:14:12:57 +0000] \"GET /api HTTP/1.1\" 403 51 \"-\" \"Mozilla/5.0\"","service":"acquisitions-api","timestamp":"2026-01-13T14:12:57.247Z"}
{"ip":"::1","level":"warn","message":"Rate limit exceeded","path":"/api","service":"acquisitions-api","timestamp":"2026-01-13T14:12:57.257Z","userAgent":"Mozilla/5.0"}
{"level":"info","message":"::1 - - [13/Jan/2026:14:12:57 +0000] \"GET /api HTTP/1.1\" 403 51 \"-\" \"Mozilla/5.0\"","service":"acquisitions-api","timestamp":"2026-01-13T14:12:57.257Z"}
{"ip":"::1","level":"warn","message":"Rate limit exceeded","path":"/api","service":"acquisitions-api","timestamp":"2026-01-13T14:12:57.266Z","userAgent":"Mozilla/5.0"}
{"level":"info","message":"::1 - - [13/Jan/2026:14:12:57 +0000] \"GET /api HTTP/1.1\" 403 51 \"-\" \"Mozilla/5.0\"","service":"acquisitions-api","timestamp":"2026-01-13T14:12:57.266Z"}
{"ip":"::1","level":"warn","message":"Rate limit exceeded","path":"/api","service":"acquisitions-api","timestamp":"2026-01-13T14:12:57.277Z","userAgent":"Mozilla/5.0"}
{"level":"info","message":"::1 - - [13/Jan/2026:14:12:57 +0000] \"GET /api HTTP/1.1\" 403 51 \"-\" \"Mozilla/5.0\"","service":"acquisitions-api","timestamp":"2026-01-13T14:12:57.277Z"}
{"ip":"::1","level":"warn","message":"Rate limit exceeded","path":"/api","service":"acquisitions-api","timestamp":"2026-01-13T14:12:57.287Z","userAgent":"Mozilla/5.0"}
{"level":"info","message":"::1 - - [13/Jan/2026:14:12:57 +0000] \"GET /api HTTP/1.1\" 403 51 \"-\" \"Mozilla/5.0\"","service":"acquisitions-api","timestamp":"2026-01-13T14:12:57.287Z"}
{"ip":"::1","level":"warn","message":"Rate limit exceeded","path":"/api","service":"acquisitions-api","timestamp":"2026-01-13T14:12:57.296Z","userAgent":"Mozilla/5.0"}
{"level":"info","message":"::1 - - [13/Jan/2026:14:12:57 +0000] \"GET /api HTTP/1.1\" 403 51 \"-\" \"Mozilla/5.0\"","service":"acquisitions-api","timestamp":"2026-01-13T14:12:57.296Z"}
{"ip":"::1","level":"warn","message":"Rate limit exceeded","path":"/api","service":"acquisitions-api","timestamp":"2026-01-13T14:12:57.305Z","userAgent":"Mozilla/5.0"}
{"level":"info","message":"::1 - - [13/Jan/2026:14:12:57 +0000] \"GET /api HTTP/1.1\" 403 51 \"-\" \"Mozilla/5.0\"","service":"acquisitions-api","timestamp":"2026-01-13T14:12:57.306Z"}
{"ip":"::1","level":"warn","message":"Rate limit exceeded","path":"/api","service":"acquisitions-api","timestamp":"2026-01-13T14:12:57.315Z","userAgent":"Mozilla/5.0"}
{"level":"info","message":"::1 - - [13/Jan/2026:14:12:57 +0000] \"GET /api HTTP/1.1\" 403 51 \"-\" \"Mozilla/5.0\"","service":"acquisitions-api","timestamp":"2026-01-13T14:12:57.315Z"}
{"ip":"::1","level":"warn","message":"Rate limit exceeded","path":"/api","service":"acquisitions-api","timestamp":"2026-01-13T14:12:57.325Z","userAgent":"Mozilla/5.0"}
{"level":"info","message":"::1 - - [13/Jan/2026:14:12:57 +0000] \"GET /api HTTP/1.1\" 403 51 \"-\" \"Mozilla/5.0\"","service":"acquisitions-api","timestamp":"2026-01-13T14:12:57.326Z"}
{"ip":"::1","level":"warn","message":"Rate limit exceeded","path":"/api","service":"acquisitions-api","timestamp":"2026-01-13T14:12:57.336Z","userAgent":"Mozilla/5.0"}
{"level":"info","message":"::1 - - [13/Jan/2026:14:12:57 +0000] \"GET /api HTTP/1.1\" 403 51 \"-\" \"Mozilla/5.0\"","service":"acquisitions-api","timestamp":"2026-01-13T14:12:57.336Z"}
{"ip":"::1","level":"warn","message":"Rate limit exceeded","path":"/api","service":"acquisitions-api","timestamp":"2026-01-13T14:12:57.345Z","userAgent":"Mozilla/5.0"}
{"level":"info","message":"::1 - - [13/Jan/2026:14:12:57 +0000] \"GET /api HTTP/1.1\" 403 51 \"-\" \"Mozilla/5.0\"","service":"acquisitions-api","timestamp":"2026-01-13T14:12:57.345Z"}
{"ip":"::1","level":"warn","message":"Rate limit exceeded","path":"/api","service":"acquisitions-api","timestamp":"2026-01-13T14:12:57.354Z","userAgent":"Mozilla/5.0"}
{"level":"info","message":"::1 - - [13/Jan/2026:14:12:57 +0000] \"GET /api HTTP/1.1\" 403 51 \"-\" \"Mozilla/5.0\"","service":"acquisitions-api","timestamp":"2026-01-13T14:12:57.355Z"}
{"ip":"::1","level":"warn","message":"Rate limit exceeded","path":"/api","service":"acquisitions-api","timestamp":"2026-01-13T14:12:57.363Z","userAgent":"Mozilla/5.0"}
{"level":"info","message":"::1 - - [13/Jan/2026:14:12:57 +0000] \"GET /api HTTP/1.1\" 403 51 \"-\" \"Mozilla/5.0\"","service":"acquisitions-api","timestamp":"2026-01-13T14:12:57.364Z"}
{"ip":"::1","level":"warn","message":"Rate limit exceeded","path":"/api","service":"acquisitions-api","timestamp":"2026-01-13T14:12:57.374Z","userAgent":"Mozilla/5.0"}
{"level":"info","message":"::1 - - [13/Jan/2026:14:12:57 +0000] \"GET /api HTTP/1.1\" 403 51 \"-\" \"Mozilla/5.0\"","service":"acquisitions-api","timestamp":"2026-01-13T14:12:57.375Z"}
{"ip":"::1","level":"warn","message":"Rate limit exceeded","path":"/api","service":"acquisitions-api","timestamp":"2026-01-13T14:12:57.385Z","userAgent":"Mozilla/5.0"}
{"level":"info","message":"::1 - - [13/Jan/2026:14:12:57 +0000] \"GET /api HTTP/1.1\" 403 51 \"-\" \"Mozilla/5.0\"","service":"acquisitions-api","timestamp":"2026-01-13T14:12:57.385Z"}
{"ip":"::1","level":"warn","message":"Rate limit exceeded","path":"/api","service":"acquisitions-api","timestamp":"2026-01-13T14:12:57.393Z","userAgent":"Mozilla/5.0"}
{"level":"info","message":"::1 - - [13/Jan/2026:14:12:57 +0000] \"GET /api HTTP/1.1\" 403 51 \"-\" \"Mozilla/5.0\"","service":"acquisitions-api","timestamp":"2026-01-13T14:12:57.393Z"}
{"ip":"::1","level":"warn","message":"Rate limit exceeded","path":"/api","service":"acquisitions-api","timestamp":"2026-01-13T14:12:57.402Z","userAgent":"Mozilla/5.0"}
{"level":"info","message":"::1 - - [13/Jan/2026:14:12:57 +0000] \"GET /api HTTP/1.1\" 403 51 \"-\" \"Mozilla/5.0\"","service":"acquisitions-api","timestamp":"2026-01-13T14:12:57.403Z"}
{"ip":"::1","level":"warn","message":"Rate limit exceeded","path":"/api","service":"acquisitions-api","timestamp":"2026-01-13T14:12:57.411Z","userAgent":"Mozilla/5.0"}
{"level":"info","message":"::1 - - [13/Jan/2026:14:12:57 +0000] \"GET /api HTTP/1.1\" 403 51 \"-\" \"Mozilla/5.0\"","service":"acquisitions-api","timestamp":"2026-01-13T14:12:57.411Z"}
{"ip":"::1","level":"warn","message":"Rate limit exceeded","path":"/api","service":"acquisitions-api","timestamp":"2026-01-13T14:12:57.422Z","userAgent":"Mozilla/5.0"}
{"level":"info","message":"::1 - - [13/Jan/2026:14:12:57 +0000] \"GET /api HTTP/1.1\" 403 51 \"-\" \"Mozilla/5.0\"","service":"acquisitions-api","timestamp":"2026-01-13T14:12:57.422Z"}
{"ip":"::1","level":"warn","message":"Rate limit exceeded","path":"/api","service":"acquisitions-api","timestamp":"2026-01-13T14:12:57.431Z","userAgent":"Mozilla/5.0"}
{"level":"info","message":"::1 - - [13/Jan/2026:14:12:57 +0000] \"GET /api HTTP/1.1\" 403 51 \"-\" \"Mozilla/5.0\"","service":"acquisitions-api","timestamp":"2026-01-13T14:12:57.432Z"}
{"ip":"::1","level":"warn","message":"Rate limit exceeded","path":"/api","service":"acquisitions-api","timestamp":"2026-01-13T14:12:57.440Z","userAgent":"Mozilla/5.0"}
{"level":"info","message":"::1 - - [13/Jan/2026:14:12:57 +0000] \"GET /api HTTP/1.1\" 403 51 \"-\" \"Mozilla/5.0\"","service":"acquisitions-api","timestamp":"2026-01-13T14:12:57.440Z"}
{"ip":"::1","level":"warn","message":"Rate limit exceeded","path":"/api","service":"acquisitions-api","timestamp":"2026-01-13T14:12:57.449Z","userAgent":"Mozilla/5.0"}
{"level":"info","message":"::1 - - [13/Jan/2026:14:12:57 +0000] \"GET /api HTTP/1.1\" 403 51 \"-\" \"Mozilla/5.0\"","service":"acquisitions-api","timestamp":"2026-01-13T14:12:57.449Z"}
{"ip":"::1","level":"warn","message":"Rate limit exceeded","path":"/api","service":"acquisitions-api","timestamp":"2026-01-13T14:12:57.457Z","userAgent":"Mozilla/5.0"}
{"level":"info","message":"::1 - - [13/Jan/2026:14:12:57 +0000] \"GET /api HTTP/1.1\" 403 51 \"-\" \"Mozilla/5.0\"","service":"acquisitions-api","timestamp":"2026-01-13T14:12:57.458Z"}
{"ip":"::1","level":"warn","message":"Rate limit exceeded","path":"/api","service":"acquisitions-api","timestamp":"2026-01-13T14:12:57.468Z","userAgent":"Mozilla/5.0"}
{"level":"info","message":"::1 - - [13/Jan/2026:14:12:57 +0000] \"GET /api HTTP/1.1\" 403 51 \"-\" \"Mozilla/5.0\"","service":"acquisitions-api","timestamp":"2026-01-13T14:12:57.469Z"}
{"ip":"::1","level":"warn","message":"Rate limit exceeded","path":"/api","service":"acquisitions-api","timestamp":"2026-01-13T14:12:57.479Z","userAgent":"Mozilla/5.0"}
{"level":"info","message":"::1 - - [13/Jan/2026:14:12:57 +0000] \"GET /api HTTP/1.1\" 403 51 \"-\" \"Mozilla/5.0\"","service":"acquisitions-api","timestamp":"2026-01-13T14:12:57.479Z"}
{"ip":"::1","level":"warn","message":"Rate limit exceeded","path":"/api","service":"acquisitions-api","timestamp":"2026-01-13T14:12:57.487Z","userAgent":"Mozilla/5.0"}
{"level":"info","message":"::1 - - [13/Jan/2026:14:12:57 +0000] \"GET /api HTTP/1.1\" 403 51 \"-\" \"Mozilla/5.0\"","service":"acquisitions-api","timestamp":"2026-01-13T14:12:57.487Z"}
{"ip":"::1","level":"warn","message":"Rate limit exceeded","path":"/api","service":"acquisitions-api","timestamp":"2026-01-13T14:12:57.497Z","userAgent":"Mozilla/5.0"}
{"level":"info","message":"::1 - - [13/Jan/2026:14:12:57 +0000] \"GET /api HTTP/1.1\" 403 51 \"-\" \"Mozilla/5.0\"","service":"acquisitions-api","timestamp":"2026-01-13T14:12:57.497Z"}
{"ip":"::1","level":"warn","message":"Rate limit exceeded","path":"/api","service":"acquisitions-api","timestamp":"2026-01-13T14:12:57.505Z","userAgent":"Mozilla/5.0"}
{"level":"info","message":"::1 - - [13/Jan/2026:14:12:57 +0000] \"GET /api HTTP/1.1\" 403 51 \"-\" \"Mozilla/5.0\"","service":"acquisitions-api","timestamp":"2026-01-13T14:12:57.505Z"}
{"ip":"::1","level":"warn","message":"Rate limit exceeded","path":"/api","service":"acquisitions-api","timestamp":"2026-01-13T14:12:57.516Z","userAgent":"Mozilla/5.0"}
{"level":"info","message":"::1 - - [13/Jan/2026:14:12:57 +0000] \"GET /api HTTP/1.1\" 403 51 \"-\" \"Mozilla/5.0\"","service":"acquisitions-api","timestamp":"2026-01-13T14:12:57.516Z"}
{"ip":"::1","level":"warn","message":"Rate limit exceeded","path":"/api","service":"acquisitions-api","timestamp":"2026-01-13T14:12:57.525Z","userAgent":"Mozilla/5.0"}
{"level":"info","message":"::1 - - [13/Jan/2026:14:12:57 +0000] \"GET /api HTTP/1.1\" 403 51 \"-\" \"Mozilla/5.0\"","service":"acquisitions-api","timestamp":"2026-01-13T14:12:57.525Z"}
{"ip":"::1","level":"warn","message":"Rate limit exceeded","path":"/api","service":"acquisitions-api","timestamp":"2026-01-13T14:12:57.534Z","userAgent":"Mozilla/5.0"}
{"level":"info","message":"::1 - - [13/Jan/2026:14:12:57 +0000] \"GET /api HTTP/1.1\" 403 51 \"-\" \"Mozilla/5.0\"","service":"acquisitions-api","timestamp":"2026-01-13T14:12:57.534Z"}
{"ip":"::1","level":"warn","message":"Rate limit exceeded","path":"/api","service":"acquisitions-api","timestamp":"2026-01-13T14:12:57.543Z","userAgent":"Mozilla/5.0"}
{"level":"info","message":"::1 - - [13/Jan/2026:14:12:57 +0000] \"GET /api HTTP/1.1\" 403 51 \"-\" \"Mozilla/5.0\"","service":"acquisitions-api","timestamp":"2026-01-13T14:12:57.544Z"}
{"ip":"::1","level":"warn","message":"Rate limit exceeded","path":"/api","service":"acquisitions-api","timestamp":"2026-01-13T14:13:09.157Z","userAgent":"Mozilla/5.0"}
{"level":"info","message":"::1 - - [13/Jan/2026:14:13:09 +0000] \"GET /api HTTP/1.1\" 403 51 \"-\" \"Mozilla/5.0\"","service":"acquisitions-api","timestamp":"2026-01-13T14:13:09.163Z"}
{"ip":"::1","level":"warn","message":"Rate limit exceeded","path":"/api","service":"acquisitions-api","timestamp":"2026-01-13T14:13:09.192Z","userAgent":"Mozilla/5.0"}
{"level":"info","message":"::1 - - [13/Jan/2026:14:13:09 +0000] \"GET /api HTTP/1.1\" 403 51 \"-\" \"Mozilla/5.0\"","service":"acquisitions-api","timestamp":"2026-01-13T14:13:09.192Z"}
{"ip":"::1","level":"warn","message":"Rate limit exceeded","path":"/api","service":"acquisitions-api","timestamp":"2026-01-13T14:13:09.208Z","userAgent":"Mozilla/5.0"}
{"level":"info","message":"::1 - - [13/Jan/2026:14:13:09 +0000] \"GET /api HTTP/1.1\" 403 51 \"-\" \"Mozilla/5.0\"","service":"acquisitions-api","timestamp":"2026-01-13T14:13:09.208Z"}
{"ip":"::1","level":"warn","message":"Rate limit exceeded","path":"/api","service":"acquisitions-api","timestamp":"2026-01-13T14:13:09.222Z","userAgent":"Mozilla/5.0"}
{"level":"info","message":"::1 - - [13/Jan/2026:14:13:09 +0000] \"GET /api HTTP/1.1\" 403 51 \"-\" \"Mozilla/5.0\"","service":"acquisitions-api","timestamp":"2026-01-13T14:13:09.222Z"}
{"ip":"::1","level":"warn","message":"Rate limit exceeded","path":"/api","service":"acquisitions-api","timestamp":"2026-01-13T14:13:09.234Z","userAgent":"Mozilla/5.0"}
{"level":"info","message":"::1 - - [13/Jan/2026:14:13:09 +0000] \"GET /api HTTP/1.1\" 403 51 \"-\" \"Mozilla/5.0\"","service":"acquisitions-api","timestamp":"2026-01-13T14:13:09.235Z"}
{"ip":"::1","level":"warn","message":"Rate limit exceeded","path":"/api","service":"acquisitions-api","timestamp":"2026-01-13T14:13:09.247Z","userAgent":"Mozilla/5.0"}
{"level":"info","message":"::1 - - [13/Jan/2026:14:13:09 +0000] \"GET /api HTTP/1.1\" 403 51 \"-\" \"Mozilla/5.0\"","service":"acquisitions-api","timestamp":"2026-01-13T14:13:09.248Z"}
{"ip":"::1","level":"warn","message":"Rate limit exceeded","path":"/api","service":"acquisitions-api","timestamp":"2026-01-13T14:13:09.259Z","userAgent":"Mozilla/5.0"}
{"level":"info","message":"::1 - - [13/Jan/2026:14:13:09 +0000] \"GET /api HTTP/1.1\" 403 51 \"-\" \"Mozilla/5.0\"","service":"acquisitions-api","timestamp":"2026-01-13T14:13:09.259Z"}
{"ip":"::1","level":"warn","message":"Rate limit exceeded","path":"/api","service":"acquisitions-api","timestamp":"2026-01-13T14:13:09.270Z","userAgent":"Mozilla/5.0"}
{"level":"info","message":"::1 - - [13/Jan/2026:14:13:09 +0000] \"GET /api HTTP/1.1\" 403 51 \"-\" \"Mozilla/5.0\"","service":"acquisitions-api","timestamp":"2026-01-13T14:13:09.270Z"}
{"ip":"::1","level":"warn","message":"Rate limit exceeded","path":"/api","service":"acquisitions-api","timestamp":"2026-01-13T14:13:09.281Z","userAgent":"Mozilla/5.0"}
{"level":"info","message":"::1 - - [13/Jan/2026:14:13:09 +0000] \"GET /api HTTP/1.1\" 403 51 \"-\" \"Mozilla/5.0\"","service":"acquisitions-api","timestamp":"2026-01-13T14:13:09.282Z"}
{"ip":"::1","level":"warn","message":"Rate limit exceeded","path":"/api","service":"acquisitions-api","timestamp":"2026-01-13T14:13:09.292Z","userAgent":"Mozilla/5.0"}
{"level":"info","message":"::1 - - [13/Jan/2026:14:13:09 +0000] \"GET /api HTTP/1.1\" 403 51 \"-\" \"Mozilla/5.0\"","service":"acquisitions-api","timestamp":"2026-01-13T14:13:09.292Z"}
{"ip":"::1","level":"warn","message":"Rate limit exceeded","path":"/api","service":"acquisitions-api","timestamp":"2026-01-13T14:13:09.301Z","userAgent":"Mozilla/5.0"}
{"level":"info","message":"::1 - - [13/Jan/2026:14:13:09 +0000] \"GET /api HTTP/1.1\" 403 51 \"-\" \"Mozilla/5.0\"","service":"acquisitions-api","timestamp":"2026-01-13T14:13:09.302Z"}
{"ip":"::1","level":"warn","message":"Rate limit exceeded","path":"/api","service":"acquisitions-api","timestamp":"2026-01-13T14:13:09.313Z","userAgent":"Mozilla/5.0"}
{"level":"info","message":"::1 - - [13/Jan/2026:14:13:09 +0000] \"GET /api HTTP/1.1\" 403 51 \"-\" \"Mozilla/5.0\"","service":"acquisitions-api","timestamp":"2026-01-13T14:13:09.313Z"}
{"ip":"::1","level":"warn","message":"Rate limit exceeded","path":"/api","service":"acquisitions-api","timestamp":"2026-01-13T14:13:09.329Z","userAgent":"Mozilla/5.0"}
{"level":"info","message":"::1 - - [13/Jan/2026:14:13:09 +0000] \"GET /api HTTP/1.1\" 403 51 \"-\" \"Mozilla/5.0\"","service":"acquisitions-api","timestamp":"2026-01-13T14:13:09.330Z"}
{"ip":"::1","level":"warn","message":"Rate limit exceeded","path":"/api","service":"acquisitions-api","timestamp":"2026-01-13T14:13:09.339Z","userAgent":"Mozilla/5.0"}
{"level":"info","message":"::1 - - [13/Jan/2026:14:13:09 +0000] \"GET /api HTTP/1.1\" 403 51 \"-\" \"Mozilla/5.0\"","service":"acquisitions-api","timestamp":"2026-01-13T14:13:09.339Z"}
{"ip":"::1","level":"warn","message":"Rate limit exceeded","path":"/api","service":"acquisitions-api","timestamp":"2026-01-13T14:13:09.349Z","userAgent":"Mozilla/5.0"}
{"level":"info","message":"::1 - - [13/Jan/2026:14:13:09 +0000] \"GET /api HTTP/1.1\" 403 51 \"-\" \"Mozilla/5.0\"","service":"acquisitions-api","timestamp":"2026-01-13T14:13:09.349Z"}
{"ip":"::1","level":"warn","message":"Rate limit exceeded","path":"/api","service":"acquisitions-api","timestamp":"2026-01-13T14:13:09.358Z","userAgent":"Mozilla/5.0"}
{"level":"info","message":"::1 - - [13/Jan/2026:14:13:09 +0000] \"GET /api HTTP/1.1\" 403 51 \"-\" \"Mozilla/5.0\"","service":"acquisitions-api","timestamp":"2026-01-13T14:13:09.358Z"}
{"ip":"::1","level":"warn","message":"Rate limit exceeded","path":"/api","service":"acquisitions-api","timestamp":"2026-01-13T14:13:09.368Z","userAgent":"Mozilla/5.0"}
{"level":"info","message":"::1 - - [13/Jan/2026:14:13:09 +0000] \"GET /api HTTP/1.1\" 403 51 \"-\" \"Mozilla/5.0\"","service":"acquisitions-api","timestamp":"2026-01-13T14:13:09.369Z"}
{"ip":"::1","level":"warn","message":"Rate limit exceeded","path":"/api","service":"acquisitions-api","timestamp":"2026-01-13T14:13:09.378Z","userAgent":"Mozilla/5.0"}
{"level":"info","message":"::1 - - [13/Jan/2026:14:13:09 +0000] \"GET /api HTTP/1.1\" 403 51 \"-\" \"Mozilla/5.0\"","service":"acquisitions-api","timestamp":"2026-01-13T14:13:09.379Z"}
{"ip":"::1","level":"warn","message":"Rate limit exceeded","path":"/api","service":"acquisitions-api","timestamp":"2026-01-13T14:13:09.387Z","userAgent":"Mozilla/5.0"}
{"level":"info","message":"::1 - - [13/Jan/2026:14:13:09 +0000] \"GET /api HTTP/1.1\" 403 51 \"-\" \"Mozilla/5.0\"","service":"acquisitions-api","timestamp":"2026-01-13T14:13:09.387Z"}
{"ip":"::1","level":"warn","message":"Rate limit exceeded","path":"/api","service":"acquisitions-api","timestamp":"2026-01-13T14:13:09.397Z","userAgent":"Mozilla/5.0"}
{"level":"info","message":"::1 - - [13/Jan/2026:14:13:09 +0000] \"GET /api HTTP/1.1\" 403 51 \"-\" \"Mozilla/5.0\"","service":"acquisitions-api","timestamp":"2026-01-13T14:13:09.397Z"}
{"ip":"::1","level":"warn","message":"Rate limit exceeded","path":"/api","service":"acquisitions-api","timestamp":"2026-01-13T14:13:09.406Z","userAgent":"Mozilla/5.0"}
{"level":"info","message":"::1 - - [13/Jan/2026:14:13:09 +0000] \"GET /api HTTP/1.1\" 403 51 \"-\" \"Mozilla/5.0\"","service":"acquisitions-api","timestamp":"2026-01-13T14:13:09.406Z"}
{"ip":"::1","level":"warn","message":"Rate limit exceeded","path":"/api","service":"acquisitions-api","timestamp":"2026-01-13T14:13:09.417Z","userAgent":"Mozilla/5.0"}
{"level":"info","message":"::1 - - [13/Jan/2026:14:13:09 +0000] \"GET /api HTTP/1.1\" 403 51 \"-\" \"Mozilla/5.0\"","service":"acquisitions-api","timestamp":"2026-01-13T14:13:09.418Z"}
{"ip":"::1","level":"warn","message":"Rate limit exceeded","path":"/api","service":"acquisitions-api","timestamp":"2026-01-13T14:13:09.427Z","userAgent":"Mozilla/5.0"}
{"level":"info","message":"::1 - - [13/Jan/2026:14:13:09 +0000] \"GET /api HTTP/1.1\" 403 51 \"-\" \"Mozilla/5.0\"","service":"acquisitions-api","timestamp":"2026-01-13T14:13:09.428Z"}
{"ip":"::1","level":"warn","message":"Rate limit exceeded","path":"/api","service":"acquisitions-api","timestamp":"2026-01-13T14:13:09.436Z","userAgent":"Mozilla/5.0"}
{"level":"info","message":"::1 - - [13/Jan/2026:14:13:09 +0000] \"GET /api HTTP/1.1\" 403 51 \"-\" \"Mozilla/5.0\"","service":"acquisitions-api","timestamp":"2026-01-13T14:13:09.436Z"}
{"ip":"::1","level":"warn","message":"Rate limit exceeded","path":"/api","service":"acquisitions-api","timestamp":"2026-01-13T14:13:09.446Z","userAgent":"Mozilla/5.0"}
{"level":"info","message":"::1 - - [13/Jan/2026:14:13:09 +0000] \"GET /api HTTP/1.1\" 403 51 \"-\" \"Mozilla/5.0\"","service":"acquisitions-api","timestamp":"2026-01-13T14:13:09.446Z"}
{"ip":"::1","level":"warn","message":"Rate limit exceeded","path":"/api","service":"acquisitions-api","timestamp":"2026-01-13T14:13:09.455Z","userAgent":"Mozilla/5.0"}
{"level":"info","message":"::1 - - [13/Jan/2026:14:13:09 +0000] \"GET /api HTTP/1.1\" 403 51 \"-\" \"Mozilla/5.0\"","service":"acquisitions-api","timestamp":"2026-01-13T14:13:09.455Z"}
{"ip":"::1","level":"warn","message":"Rate limit exceeded","path":"/api","service":"acquisitions-api","timestamp":"2026-01-13T14:13:09.466Z","userAgent":"Mozilla/5.0"}
{"level":"info","message":"::1 - - [13/Jan/2026:14:13:09 +0000] \"GET /api HTTP/1.1\" 403 51 \"-\" \"Mozilla/5.0\"","service":"acquisitions-api","timestamp":"2026-01-13T14:13:09.466Z"}
{"ip":"::1","level":"warn","message":"Rate limit exceeded","path":"/api","service":"acquisitions-api","timestamp":"2026-01-13T14:13:09.475Z","userAgent":"Mozilla/5.0"}
{"level":"info","message":"::1 - - [13/Jan/2026:14:13:09 +0000] \"GET /api HTTP/1.1\" 403 51 \"-\" \"Mozilla/5.0\"","service":"acquisitions-api","timestamp":"2026-01-13T14:13:09.476Z"}
{"ip":"::1","level":"warn","message":"Rate limit exceeded","path":"/api","service":"acquisitions-api","timestamp":"2026-01-13T14:13:09.485Z","userAgent":"Mozilla/5.0"}
{"level":"info","message":"::1 - - [13/Jan/2026:14:13:09 +0000] \"GET /api HTTP/1.1\" 403 51 \"-\" \"Mozilla/5.0\"","service":"acquisitions-api","timestamp":"2026-01-13T14:13:09.485Z"}
{"ip":"::1","level":"warn","message":"Rate limit exceeded","path":"/api","service":"acquisitions-api","timestamp":"2026-01-13T14:13:09.495Z","userAgent":"Mozilla/5.0"}
{"level":"info","message":"::1 - - [13/Jan/2026:14:13:09 +0000] \"GET /api HTTP/1.1\" 403 51 \"-\" \"Mozilla/5.0\"","service":"acquisitions-api","timestamp":"2026-01-13T14:13:09.495Z"}
{"ip":"::1","level":"warn","message":"Rate limit exceeded","path":"/api","service":"acquisitions-api","timestamp":"2026-01-13T14:13:09.503Z","userAgent":"Mozilla/5.0"}
{"level":"info","message":"::1 - - [13/Jan/2026:14:13:09 +0000] \"GET /api HTTP/1.1\" 403 51 \"-\" \"Mozilla/5.0\"","service":"acquisitions-api","timestamp":"2026-01-13T14:13:09.504Z"}
{"ip":"::1","level":"warn","message":"Rate limit exceeded","path":"/api","service":"acquisitions-api","timestamp":"2026-01-13T14:13:09.514Z","userAgent":"Mozilla/5.0"}
{"level":"info","message":"::1 - - [13/Jan/2026:14:13:09 +0000] \"GET /api HTTP/1.1\" 403 51 \"-\" \"Mozilla/5.0\"","service":"acquisitions-api","timestamp":"2026-01-13T14:13:09.515Z"}
{"ip":"::1","level":"warn","message":"Rate limit exceeded","path":"/api","service":"acquisitions-api","timestamp":"2026-01-13T14:13:09.524Z","userAgent":"Mozilla/5.0"}
{"level":"info","message":"::1 - - [13/Jan/2026:14:13:09 +0000] \"GET /api HTTP/1.1\" 403 51 \"-\" \"Mozilla/5.0\"","service":"acquisitions-api","timestamp":"2026-01-13T14:13:09.524Z"}
{"ip":"::1","level":"warn","message":"Rate limit exceeded","path":"/api","service":"acquisitions-api","timestamp":"2026-01-13T14:13:09.533Z","userAgent":"Mozilla/5.0"}
{"level":"info","message":"::1 - - [13/Jan/2026:14:13:09 +0000] \"GET /api HTTP/1.1\" 403 51 \"-\" \"Mozilla/5.0\"","service":"acquisitions-api","timestamp":"2026-01-13T14:13:09.533Z"}
{"ip":"::1","level":"warn","message":"Rate limit exceeded","path":"/api","service":"acquisitions-api","timestamp":"2026-01-13T14:13:09.542Z","userAgent":"Mozilla/5.0"}
{"level":"info","message":"::1 - - [13/Jan/2026:14:13:09 +0000] \"GET /api HTTP/1.1\" 403 51 \"-\" \"Mozilla/5.0\"","service":"acquisitions-api","timestamp":"2026-01-13T14:13:09.542Z"}
{"ip":"::1","level":"warn","message":"Rate limit exceeded","path":"/api","service":"acquisitions-api","timestamp":"2026-01-13T14:13:09.551Z","userAgent":"Mozilla/5.0"}
{"level":"info","message":"::1 - - [13/Jan/2026:14:13:09 +0000] \"GET /api HTTP/1.1\" 403 51 \"-\" \"Mozilla/5.0\"","service":"acquisitions-api","timestamp":"2026-01-13T14:13:09.551Z"}
{"ip":"::1","level":"warn","message":"Rate limit exceeded","path":"/api","service":"acquisitions-api","timestamp":"2026-01-13T14:13:09.561Z","userAgent":"Mozilla/5.0"}
{"level":"info","message":"::1 - - [13/Jan/2026:14:13:09 +0000] \"GET /api HTTP/1.1\" 403 51 \"-\" \"Mozilla/5.0\"","service":"acquisitions-api","timestamp":"2026-01-13T14:13:09.562Z"}
{"ip":"::1","level":"warn","message":"Rate limit exceeded","path":"/api","service":"acquisitions-api","timestamp":"2026-01-13T14:13:09.571Z","userAgent":"Mozilla/5.0"}
{"level":"info","message":"::1 - - [13/Jan/2026:14:13:09 +0000] \"GET /api HTTP/1.1\" 403 51 \"-\" \"Mozilla/5.0\"","service":"acquisitions-api","timestamp":"2026-01-13T14:13:09.571Z"}
{"ip":"::1","level":"warn","message":"Rate limit exceeded","path":"/api","service":"acquisitions-api","timestamp":"2026-01-13T14:13:09.581Z","userAgent":"Mozilla/5.0"}
{"level":"info","message":"::1 - - [13/Jan/2026:14:13:09 +0000] \"GET /api HTTP/1.1\" 403 51 \"-\" \"Mozilla/5.0\"","service":"acquisitions-api","timestamp":"2026-01-13T14:13:09.582Z"}
{"ip":"::1","level":"warn","message":"Rate limit exceeded","path":"/api","service":"acquisitions-api","timestamp":"2026-01-13T14:13:09.590Z","userAgent":"Mozilla/5.0"}
{"level":"info","message":"::1 - - [13/Jan/2026:14:13:09 +0000] \"GET /api HTTP/1.1\" 403 51 \"-\" \"Mozilla/5.0\"","service":"acquisitions-api","timestamp":"2026-01-13T14:13:09.590Z"}
{"ip":"::1","level":"warn","message":"Rate limit exceeded","path":"/api","service":"acquisitions-api","timestamp":"2026-01-13T14:13:09.600Z","userAgent":"Mozilla/5.0"}
{"level":"info","message":"::1 - - [13/Jan/2026:14:13:09 +0000] \"GET /api HTTP/1.1\" 403 51 \"-\" \"Mozilla/5.0\"","service":"acquisitions-api","timestamp":"2026-01-13T14:13:09.600Z"}
{"ip":"::1","level":"warn","message":"Rate limit exceeded","path":"/api","service":"acquisitions-api","timestamp":"2026-01-13T14:13:09.610Z","userAgent":"Mozilla/5.0"}
{"level":"info","message":"::1 - - [13/Jan/2026:14:13:09 +0000] \"GET /api HTTP/1.1\" 403 51 \"-\" \"Mozilla/5.0\"","service":"acquisitions-api","timestamp":"2026-01-13T14:13:09.610Z"}
{"ip":"::1","level":"warn","message":"Rate limit exceeded","path":"/api","service":"acquisitions-api","timestamp":"2026-01-13T14:13:09.619Z","userAgent":"Mozilla/5.0"}
{"level":"info","message":"::1 - - [13/Jan/2026:14:13:09 +0000] \"GET /api HTTP/1.1\" 403 51 \"-\" \"Mozilla/5.0\"","service":"acquisitions-api","timestamp":"2026-01-13T14:13:09.619Z"}
{"ip":"::1","level":"warn","message":"Rate limit exceeded","path":"/api","service":"acquisitions-api","timestamp":"2026-01-13T14:13:09.628Z","userAgent":"Mozilla/5.0"}
{"level":"info","message":"::1 - - [13/Jan/2026:14:13:09 +0000] \"GET /api HTTP/1.1\" 403 51 \"-\" \"Mozilla/5.0\"","service":"acquisitions-api","timestamp":"2026-01-13T14:13:09.628Z"}
{"ip":"::1","level":"warn","message":"Rate limit exceeded","path":"/api","service":"acquisitions-api","timestamp":"2026-01-13T14:13:09.637Z","userAgent":"Mozilla/5.0"}
{"level":"info","message":"::1 - - [13/Jan/2026:14:13:09 +0000] \"GET /api HTTP/1.1\" 403 51 \"-\" \"Mozilla/5.0\"","service":"acquisitions-api","timestamp":"2026-01-13T14:13:09.637Z"}
{"ip":"::1","level":"warn","message":"Rate limit exceeded","path":"/api","service":"acquisitions-api","timestamp":"2026-01-13T14:13:09.648Z","userAgent":"Mozilla/5.0"}
{"level":"info","message":"::1 - - [13/Jan/2026:14:13:09 +0000] \"GET /api HTTP/1.1\" 403 51 \"-\" \"Mozilla/5.0\"","service":"acquisitions-api","timestamp":"2026-01-13T14:13:09.648Z"}
{"ip":"::1","level":"warn","message":"Rate limit exceeded","path":"/api","service":"acquisitions-api","timestamp":"2026-01-13T14:13:09.657Z","userAgent":"Mozilla/5.0"}
{"level":"info","message":"::1 - - [13/Jan/2026:14:13:09 +0000] \"GET /api HTTP/1.1\" 403 51 \"-\" \"Mozilla/5.0\"","service":"acquisitions-api","timestamp":"2026-01-13T14:13:09.657Z"}
{"ip":"::1","level":"warn","message":"Rate limit exceeded","path":"/api","service":"acquisitions-api","timestamp":"2026-01-13T14:13:09.666Z","userAgent":"Mozilla/5.0"}
{"level":"info","message":"::1 - - [13/Jan/2026:14:13:09 +0000] \"GET /api HTTP/1.1\" 403 51 \"-\" \"Mozilla/5.0\"","service":"acquisitions-api","timestamp":"2026-01-13T14:13:09.666Z"}
{"ip":"::1","level":"warn","message":"Rate limit exceeded","path":"/api","service":"acquisitions-api","timestamp":"2026-01-13T14:13:09.675Z","userAgent":"Mozilla/5.0"}
{"level":"info","message":"::1 - - [13/Jan/2026:14:13:09 +0000] \"GET /api HTTP/1.1\" 403 51 \"-\" \"Mozilla/5.0\"","service":"acquisitions-api","timestamp":"2026-01-13T14:13:09.675Z"}
{"ip":"::1","level":"warn","message":"Rate limit exceeded","path":"/api","service":"acquisitions-api","timestamp":"2026-01-13T14:13:09.683Z","userAgent":"Mozilla/5.0"}
{"level":"info","message":"::1 - - [13/Jan/2026:14:13:09 +0000] \"GET /api HTTP/1.1\" 403 51 \"-\" \"Mozilla/5.0\"","service":"acquisitions-api","timestamp":"2026-01-13T14:13:09.684Z"}
{"ip":"::1","level":"warn","message":"Rate limit exceeded","path":"/api","service":"acquisitions-api","timestamp":"2026-01-13T14:13:34.866Z","userAgent":"Mozilla/5.0"}
{"level":"info","message":"::1 - - [13/Jan/2026:14:13:34 +0000] \"GET /api HTTP/1.1\" 403 51 \"-\" \"Mozilla/5.0\"","service":"acquisitions-api","timestamp":"2026-01-13T14:13:34.872Z"}
{"ip":"::1","level":"warn","message":"Rate limit exceeded","path":"/api","service":"acquisitions-api","timestamp":"2026-01-13T14:13:34.895Z","userAgent":"Mozilla/5.0"}
{"level":"info","message":"::1 - - [13/Jan/2026:14:13:34 +0000] \"GET /api HTTP/1.1\" 403 51 \"-\" \"Mozilla/5.0\"","service":"acquisitions-api","timestamp":"2026-01-13T14:13:34.896Z"}
{"ip":"::1","level":"warn","message":"Rate limit exceeded","path":"/api","service":"acquisitions-api","timestamp":"2026-01-13T14:13:34.913Z","userAgent":"Mozilla/5.0"}
{"level":"info","message":"::1 - - [13/Jan/2026:14:13:34 +0000] \"GET /api HTTP/1.1\" 403 51 \"-\" \"Mozilla/5.0\"","service":"acquisitions-api","timestamp":"2026-01-13T14:13:34.914Z"}
{"ip":"::1","level":"warn","message":"Rate limit exceeded","path":"/api","service":"acquisitions-api","timestamp":"2026-01-13T14:13:34.927Z","userAgent":"Mozilla/5.0"}
{"level":"info","message":"::1 - - [13/Jan/2026:14:13:34 +0000] \"GET /api HTTP/1.1\" 403 51 \"-\" \"Mozilla/5.0\"","service":"acquisitions-api","timestamp":"2026-01-13T14:13:34.928Z"}
{"ip":"::1","level":"warn","message":"Rate limit exceeded","path":"/api","service":"acquisitions-api","timestamp":"2026-01-13T14:13:34.943Z","userAgent":"Mozilla/5.0"}
{"level":"info","message":"::1 - - [13/Jan/2026:14:13:34 +0000] \"GET /api HTTP/1.1\" 403 51 \"-\" \"Mozilla/5.0\"","service":"acquisitions-api","timestamp":"2026-01-13T14:13:34.944Z"}
{"ip":"::1","level":"warn","message":"Rate limit exceeded","path":"/api","service":"acquisitions-api","timestamp":"2026-01-13T14:13:54.425Z","userAgent":"Mozilla/5.0"}
{"level":"info","message":"::1 - - [13/Jan/2026:14:13:54 +0000] \"GET /api HTTP/1.1\" 403 51 \"-\" \"Mozilla/5.0\"","service":"acquisitions-api","timestamp":"2026-01-13T14:13:54.432Z"}
{"ip":"::1","level":"warn","message":"Rate limit exceeded","path":"/api","service":"acquisitions-api","timestamp":"2026-01-13T14:13:54.457Z","userAgent":"Mozilla/5.0"}
{"level":"info","message":"::1 - - [13/Jan/2026:14:13:54 +0000] \"GET /api HTTP/1.1\" 403 51 \"-\" \"Mozilla/5.0\"","service":"acquisitions-api","timestamp":"2026-01-13T14:13:54.458Z"}
{"ip":"::1","level":"warn","message":"Rate limit exceeded","path":"/api","service":"acquisitions-api","timestamp":"2026-01-13T14:13:54.477Z","userAgent":"Mozilla/5.0"}
{"level":"info","message":"::1 - - [13/Jan/2026:14:13:54 +0000] \"GET /api HTTP/1.1\" 403 51 \"-\" \"Mozilla/5.0\"","service":"acquisitions-api","timestamp":"2026-01-13T14:13:54.478Z"}
{"ip":"::1","level":"warn","message":"Rate limit exceeded","path":"/api","service":"acquisitions-api","timestamp":"2026-01-13T14:13:54.492Z","userAgent":"Mozilla/5.0"}
{"level":"info","message":"::1 - - [13/Jan/2026:14:13:54 +0000] \"GET /api HTTP/1.1\" 403 51 \"-\" \"Mozilla/5.0\"","service":"acquisitions-api","timestamp":"2026-01-13T14:13:54.492Z"}
{"ip":"::1","level":"warn","message":"Rate limit exceeded","path":"/api","service":"acquisitions-api","timestamp":"2026-01-13T14:13:54.506Z","userAgent":"Mozilla/5.0"}
{"level":"info","message":"::1 - - [13/Jan/2026:14:13:54 +0000] \"GET /api HTTP/1.1\" 403 51 \"-\" \"Mozilla/5.0\"","service":"acquisitions-api","timestamp":"2026-01-13T14:13:54.507Z"}
{"level":"info","message":"::1 - - [13/Jan/2026:14:14:08 +0000] \"GET /health HTTP/1.1\" 200 75 \"-\" \"PostmanRuntime/7.51.0\"","service":"acquisitions-api","timestamp":"2026-01-13T14:14:08.133Z"}
{"level":"info","message":"::1 - - [13/Jan/2026:14:14:09 +0000] \"GET /health HTTP/1.1\" 200 75 \"-\" \"PostmanRuntime/7.51.0\"","service":"acquisitions-api","timestamp":"2026-01-13T14:14:09.114Z"}
{"level":"info","message":"::1 - - [13/Jan/2026:14:14:09 +0000] \"GET /health HTTP/1.1\" 200 75 \"-\" \"PostmanRuntime/7.51.0\"","service":"acquisitions-api","timestamp":"2026-01-13T14:14:09.942Z"}
{"level":"info","message":"::1 - - [13/Jan/2026:14:14:10 +0000] \"GET /health HTTP/1.1\" 200 75 \"-\" \"PostmanRuntime/7.51.0\"","service":"acquisitions-api","timestamp":"2026-01-13T14:14:10.549Z"}
{"level":"info","message":"::1 - - [13/Jan/2026:14:14:11 +0000] \"GET /health HTTP/1.1\" 200 75 \"-\" \"PostmanRuntime/7.51.0\"","service":"acquisitions-api","timestamp":"2026-01-13T14:14:11.151Z"}
{"level":"info","message":"::1 - - [13/Jan/2026:14:14:11 +0000] \"GET /health HTTP/1.1\" 200 74 \"-\" \"PostmanRuntime/7.51.0\"","service":"acquisitions-api","timestamp":"2026-01-13T14:14:11.659Z"}
{"level":"info","message":"::1 - - [13/Jan/2026:14:15:47 +0000] \"GET /api HTTP/1.1\" 200 41 \"-\" \"Mozilla/5.0\"","service":"acquisitions-api","timestamp":"2026-01-13T14:15:47.241Z"}
{"level":"info","message":"::1 - - [13/Jan/2026:14:15:47 +0000] \"GET /api HTTP/1.1\" 200 41 \"-\" \"Mozilla/5.0\"","service":"acquisitions-api","timestamp":"2026-01-13T14:15:47.321Z"}
{"level":"info","message":"::1 - - [13/Jan/2026:14:15:47 +0000] \"GET /api HTTP/1.1\" 200 41 \"-\" \"Mozilla/5.0\"","service":"acquisitions-api","timestamp":"2026-01-13T14:15:47.412Z"}
{"level":"info","message":"::1 - - [13/Jan/2026:14:15:47 +0000] \"GET /api HTTP/1.1\" 200 41 \"-\" \"Mozilla/5.0\"","service":"acquisitions-api","timestamp":"2026-01-13T14:15:47.496Z"}
{"level":"info","message":"::1 - - [13/Jan/2026:14:15:47 +0000] \"GET /api HTTP/1.1\" 200 41 \"-\" \"Mozilla/5.0\"","service":"acquisitions-api","timestamp":"2026-01-13T14:15:47.575Z"}
{"ip":"::1","level":"warn","message":"Rate limit exceeded","path":"/api","service":"acquisitions-api","timestamp":"2026-01-13T14:15:54.866Z","userAgent":"Mozilla/5.0"}
{"level":"info","message":"::1 - - [13/Jan/2026:14:15:54 +0000] \"GET /api HTTP/1.1\" 403 51 \"-\" \"Mozilla/5.0\"","service":"acquisitions-api","timestamp":"2026-01-13T14:15:54.873Z"}
{"ip":"::1","level":"warn","message":"Rate limit exceeded","path":"/api","service":"acquisitions-api","timestamp":"2026-01-13T14:15:54.898Z","userAgent":"Mozilla/5.0"}
{"level":"info","message":"::1 - - [13/Jan/2026:14:15:54 +0000] \"GET /api HTTP/1.1\" 403 51 \"-\" \"Mozilla/5.0\"","service":"acquisitions-api","timestamp":"2026-01-13T14:15:54.899Z"}
{"ip":"::1","level":"warn","message":"Rate limit exceeded","path":"/api","service":"acquisitions-api","timestamp":"2026-01-13T14:15:54.914Z","userAgent":"Mozilla/5.0"}
{"level":"info","message":"::1 - - [13/Jan/2026:14:15:54 +0000] \"GET /api HTTP/1.1\" 403 51 \"-\" \"Mozilla/5.0\"","service":"acquisitions-api","timestamp":"2026-01-13T14:15:54.915Z"}
{"ip":"::1","level":"warn","message":"Rate limit exceeded","path":"/api","service":"acquisitions-api","timestamp":"2026-01-13T14:15:54.928Z","userAgent":"Mozilla/5.0"}
{"level":"info","message":"::1 - - [13/Jan/2026:14:15:54 +0000] \"GET /api HTTP/1.1\" 403 51 \"-\" \"Mozilla/5.0\"","service":"acquisitions-api","timestamp":"2026-01-13T14:15:54.929Z"}
{"ip":"::1","level":"warn","message":"Rate limit exceeded","path":"/api","service":"acquisitions-api","timestamp":"2026-01-13T14:15:54.942Z","userAgent":"Mozilla/5.0"}
{"level":"info","message":"::1 - - [13/Jan/2026:14:15:54 +0000] \"GET /api HTTP/1.1\" 403 51 \"-\" \"Mozilla/5.0\"","service":"acquisitions-api","timestamp":"2026-01-13T14:15:54.943Z"}
{"level":"info","message":"::ffff:127.0.0.1 - - [14/Jan/2026:13:39:40 +0000] \"GET /health HTTP/1.1\" 200 75 \"-\" \"-\"","service":"acquisitions-api","timestamp":"2026-01-14T13:39:40.745Z"}
{"level":"info","message":"::ffff:127.0.0.1 - - [14/Jan/2026:13:39:40 +0000] \"GET /api HTTP/1.1\" 200 41 \"-\" \"-\"","service":"acquisitions-api","timestamp":"2026-01-14T13:39:40.756Z"}
{"level":"info","message":"::ffff:127.0.0.1 - - [14/Jan/2026:13:39:40 +0000] \"GET /nonexistent HTTP/1.1\" 404 27 \"-\" \"-\"","service":"acquisitions-api","timestamp":"2026-01-14T13:39:40.765Z"}
{"level":"info","message":"::ffff:127.0.0.1 - - [14/Jan/2026:14:01:50 +0000] \"GET /health HTTP/1.1\" 200 75 \"-\" \"-\"","service":"acquisitions-api","timestamp":"2026-01-14T14:01:50.593Z"}
{"level":"info","message":"::ffff:127.0.0.1 - - [14/Jan/2026:14:01:50 +0000] \"GET /api HTTP/1.1\" 200 41 \"-\" \"-\"","service":"acquisitions-api","timestamp":"2026-01-14T14:01:50.605Z"}
{"level":"info","message":"::ffff:127.0.0.1 - - [14/Jan/2026:14:01:50 +0000] \"GET /nonexistent HTTP/1.1\" 404 27 \"-\" \"-\"","service":"acquisitions-api","timestamp":"2026-01-14T14:01:50.612Z"}
{"level":"info","message":"::ffff:127.0.0.1 - - [14/Jan/2026:14:07:48 +0000] \"GET /health HTTP/1.1\" 200 73 \"-\" \"-\"","service":"acquisitions-api","timestamp":"2026-01-14T14:07:48.025Z"}
{"level":"info","message":"::ffff:127.0.0.1 - - [14/Jan/2026:14:07:48 +0000] \"GET /api HTTP/1.1\" 200 41 \"-\" \"-\"","service":"acquisitions-api","timestamp":"2026-01-14T14:07:48.045Z"}
{"level":"info","message":"::ffff:127.0.0.1 - - [14/Jan/2026:14:07:48 +0000] \"GET /nonexistent HTTP/1.1\" 404 27 \"-\" \"-\"","service":"acquisitions-api","timestamp":"2026-01-14T14:07:48.073Z"}
{"level":"info","message":"::ffff:127.0.0.1 - - [14/Jan/2026:14:20:31 +0000] \"GET /health HTTP/1.1\" 200 75 \"-\" \"-\"","service":"acquisitions-api","timestamp":"2026-01-14T14:20:31.389Z"}
{"level":"info","message":"::ffff:127.0.0.1 - - [14/Jan/2026:14:20:31 +0000] \"GET /api HTTP/1.1\" 200 41 \"-\" \"-\"","service":"acquisitions-api","timestamp":"2026-01-14T14:20:31.401Z"}
{"level":"info","message":"::ffff:127.0.0.1 - - [14/Jan/2026:14:20:31 +0000] \"GET /nonexistent HTTP/1.1\" 404 27 \"-\" \"-\"","service":"acquisitions-api","timestamp":"2026-01-14T14:20:31.413Z"}
{"level":"info","message":"::ffff:127.0.0.1 - - [14/Jan/2026:14:26:14 +0000] \"GET /health HTTP/1.1\" 200 74 \"-\" \"-\"","service":"acquisitions-api","timestamp":"2026-01-14T14:26:14.392Z"}
{"level":"info","message":"::ffff:127.0.0.1 - - [14/Jan/2026:14:26:14 +0000] \"GET /api HTTP/1.1\" 200 41 \"-\" \"-\"","service":"acquisitions-api","timestamp":"2026-01-14T14:26:14.403Z"}
{"level":"info","message":"::ffff:127.0.0.1 - - [14/Jan/2026:14:26:14 +0000] \"GET /nonexistent HTTP/1.1\" 404 27 \"-\" \"-\"","service":"acquisitions-api","timestamp":"2026-01-14T14:26:14.411Z"}
